nohup: ignoring input
[env] Tue Jun 23 10:11:49 AM CEST 2026 python=/home/andrea.giampietro/.conda/envs/eeg_attention/bin/python env=eeg_attention CUDA_VISIBLE_DEVICES=0
[env] torch=2.2.2+cu121 cuda=True dev=NVIDIA L40S
[resume] contrastive LSO folds already done: 8

===== [10:12] ct_raw_lso_song2  (contrastive|raw|2)  elapsed 0m =====
  TRAIN
/home/andrea.giampietro/.conda/envs/eeg_attention/lib/python3.9/site-packages/lightning_fabric/__init__.py:29: UserWarning: pkg_resources is deprecated as an API. See https://setuptools.pypa.io/en/latest/pkg_resources.html. The pkg_resources package is slated for removal as early as 2025-11-30. Refrain from using this package or pin to Setuptools<81.
  __import__("pkg_resources").declare_namespace(__name__)
[paths] host=edu02 host_profile_keys=[] cpu=128 cpu_effective=8
[paths] dataset_dir=../dataset
[paths] log_dir=../results
[paths] workers=7
[rank: 0] Global seed set to 42
no augmentation
[cv] mode=leave_song_out held_out_id=2
Size of train dataset: 3388
Size of valid dataset: 1122
Size of test dataset: 104
[audio] SampleCNN2DEEG (4 independent encoders, Akama baseline)
EEG Contrastive learning
use CLIP_loss as criterion
[paths] tty=False (progress bar off, epoch summaries instead)
GPU available: True (cuda), used: True
TPU available: False, using: 0 TPU cores
IPU available: False, using: 0 IPUs
HPU available: False, using: 0 HPUs
[[[ START ]]] 2026-06-23 10:13:11.579610
You are using a CUDA device ('NVIDIA L40S') that has Tensor Cores. To properly utilize them, you should set `torch.set_float32_matmul_precision('medium' | 'high')` which will trade-off precision for performance. For more details, read https://pytorch.org/docs/stable/generated/torch.set_float32_matmul_precision.html#torch.set_float32_matmul_precision
Missing logger folder: ../results/ct_raw_lso_song2/nmed-CL-preprocessing_eegmusic
LOCAL_RANK: 0 - CUDA_VISIBLE_DEVICES: [0]

  | Name           | Type           | Params
--------------------------------------------------
0 | encoder_raw_e  | SampleCNN2DEEG | 116 K 
1 | encoder_vocal  | SampleCNN2DEEG | 116 K 
2 | encoder_drum   | SampleCNN2DEEG | 116 K 
3 | encoder_bass   | SampleCNN2DEEG | 116 K 
4 | encoder_others | SampleCNN2DEEG | 116 K 
5 | criterion      | CLIP_Loss      | 0     
--------------------------------------------------
580 K     Trainable params
0         Non-trainable params
580 K     Total params
2.322     Total estimated model params size (MB)
SLURM auto-requeueing enabled. Setting signal handlers.
[epoch    0] train_loss=n/a val_loss=3.6562
2026-06-23 10:13:15,919 - dataloader_debug - INFO - --- Valid Epoch 0 Summary ---
  Total samples: 16
  High attention samples: 16
  Task distribution: [16, 0, 0, 0]
  Global Accuracy (All): 0.0000
  Global Accuracy (Att): 0.0000
----------------------------------------
[epoch    0] train_loss=1.7375 val_loss=2.9994
2026-06-23 10:19:10,254 - dataloader_debug - INFO - --- Valid Epoch 0 Summary ---
  Total samples: 1120
  High attention samples: 836
  Task distribution: [627, 165, 119, 209]
  Global Accuracy (All): 0.4125
  Global Accuracy (Att): 0.4426
----------------------------------------
Metric Valid/loss improved. New best score: 2.999
2026-06-23 10:19:10,647 - dataloader_debug - INFO - --- Train Epoch 0 Summary ---
  Total samples: 3384
  High attention samples: 2427
  Batches w/o high attention: 1
  Task distribution: [1561, 615, 736, 472]
  Batches skipping tasks: [6, 90, 62, 133]
---------------------------------------
[epoch    1] train_loss=2.0872 val_loss=2.9350
2026-06-23 10:25:04,904 - dataloader_debug - INFO - --- Valid Epoch 1 Summary ---
  Total samples: 1120
  High attention samples: 836
  Task distribution: [627, 165, 119, 209]
  Global Accuracy (All): 0.4750
  Global Accuracy (Att): 0.5455
----------------------------------------
Metric Valid/loss improved by 0.064 >= min_delta = 0.0. New best score: 2.935
2026-06-23 10:25:05,010 - dataloader_debug - INFO - --- Train Epoch 1 Summary ---
  Total samples: 3384
  High attention samples: 2427
  Batches w/o high attention: 0
  Task distribution: [1560, 615, 736, 473]
  Batches skipping tasks: [6, 81, 57, 139]
---------------------------------------
[epoch    2] train_loss=1.4304 val_loss=3.0575
2026-06-23 10:30:58,052 - dataloader_debug - INFO - --- Valid Epoch 2 Summary ---
  Total samples: 1120
  High attention samples: 836
  Task distribution: [627, 165, 119, 209]
  Global Accuracy (All): 0.4000
  Global Accuracy (Att): 0.3935
----------------------------------------
2026-06-23 10:30:58,101 - dataloader_debug - INFO - --- Train Epoch 2 Summary ---
  Total samples: 3384
  High attention samples: 2428
  Batches w/o high attention: 0
  Task distribution: [1560, 616, 735, 473]
  Batches skipping tasks: [2, 84, 56, 121]
---------------------------------------
[epoch    3] train_loss=2.0173 val_loss=2.9785
2026-06-23 10:36:46,365 - dataloader_debug - INFO - --- Valid Epoch 3 Summary ---
  Total samples: 1120
  High attention samples: 836
  Task distribution: [627, 165, 119, 209]
  Global Accuracy (All): 0.5500
  Global Accuracy (Att): 0.6663
----------------------------------------
2026-06-23 10:36:46,380 - dataloader_debug - INFO - --- Train Epoch 3 Summary ---
  Total samples: 3384
  High attention samples: 2427
  Batches w/o high attention: 0
  Task distribution: [1559, 616, 737, 472]
  Batches skipping tasks: [0, 81, 62, 124]
---------------------------------------
[epoch    4] train_loss=1.9709 val_loss=2.9048
2026-06-23 10:42:31,684 - dataloader_debug - INFO - --- Valid Epoch 4 Summary ---
  Total samples: 1120
  High attention samples: 836
  Task distribution: [627, 165, 119, 209]
  Global Accuracy (All): 0.5607
  Global Accuracy (Att): 0.6555
----------------------------------------
Metric Valid/loss improved by 0.030 >= min_delta = 0.0. New best score: 2.905
2026-06-23 10:42:31,811 - dataloader_debug - INFO - --- Train Epoch 4 Summary ---
  Total samples: 3384
  High attention samples: 2428
  Batches w/o high attention: 0
  Task distribution: [1559, 616, 736, 473]
  Batches skipping tasks: [0, 89, 51, 132]
---------------------------------------
[epoch    5] train_loss=1.6567 val_loss=3.4872
2026-06-23 10:48:17,044 - dataloader_debug - INFO - --- Valid Epoch 5 Summary ---
  Total samples: 1120
  High attention samples: 836
  Task distribution: [627, 165, 119, 209]
  Global Accuracy (All): 0.2545
  Global Accuracy (Att): 0.2153
----------------------------------------
2026-06-23 10:48:17,057 - dataloader_debug - INFO - --- Train Epoch 5 Summary ---
  Total samples: 3384
  High attention samples: 2428
  Batches w/o high attention: 0
  Task distribution: [1561, 614, 737, 472]
  Batches skipping tasks: [5, 76, 52, 120]
---------------------------------------
[epoch    6] train_loss=1.8736 val_loss=3.7134
2026-06-23 10:54:02,469 - dataloader_debug - INFO - --- Valid Epoch 6 Summary ---
  Total samples: 1120
  High attention samples: 836
  Task distribution: [627, 165, 119, 209]
  Global Accuracy (All): 0.3116
  Global Accuracy (Att): 0.2572
----------------------------------------
2026-06-23 10:54:02,484 - dataloader_debug - INFO - --- Train Epoch 6 Summary ---
  Total samples: 3384
  High attention samples: 2427
  Batches w/o high attention: 0
  Task distribution: [1560, 615, 736, 473]
  Batches skipping tasks: [3, 84, 63, 123]
---------------------------------------
[epoch    7] train_loss=1.1825 val_loss=3.0499
2026-06-23 10:59:47,281 - dataloader_debug - INFO - --- Valid Epoch 7 Summary ---
  Total samples: 1120
  High attention samples: 836
  Task distribution: [627, 165, 119, 209]
  Global Accuracy (All): 0.4688
  Global Accuracy (Att): 0.4031
----------------------------------------
2026-06-23 10:59:47,299 - dataloader_debug - INFO - --- Train Epoch 7 Summary ---
  Total samples: 3384
  High attention samples: 2429
  Batches w/o high attention: 0
  Task distribution: [1559, 615, 737, 473]
  Batches skipping tasks: [4, 86, 60, 119]
---------------------------------------
[epoch    8] train_loss=1.0597 val_loss=3.3460
2026-06-23 11:05:32,845 - dataloader_debug - INFO - --- Valid Epoch 8 Summary ---
  Total samples: 1120
  High attention samples: 836
  Task distribution: [627, 165, 119, 209]
  Global Accuracy (All): 0.3857
  Global Accuracy (Att): 0.3098
----------------------------------------
2026-06-23 11:05:32,868 - dataloader_debug - INFO - --- Train Epoch 8 Summary ---
  Total samples: 3384
  High attention samples: 2427
  Batches w/o high attention: 0
  Task distribution: [1560, 615, 737, 472]
  Batches skipping tasks: [6, 87, 52, 128]
---------------------------------------
[epoch    9] train_loss=1.7381 val_loss=2.8557
2026-06-23 11:11:18,030 - dataloader_debug - INFO - --- Valid Epoch 9 Summary ---
  Total samples: 1120
  High attention samples: 836
  Task distribution: [627, 165, 119, 209]
  Global Accuracy (All): 0.5491
  Global Accuracy (Att): 0.5359
----------------------------------------
Metric Valid/loss improved by 0.049 >= min_delta = 0.0. New best score: 2.856
2026-06-23 11:11:18,213 - dataloader_debug - INFO - --- Train Epoch 9 Summary ---
  Total samples: 3384
  High attention samples: 2429
  Batches w/o high attention: 0
  Task distribution: [1561, 615, 735, 473]
  Batches skipping tasks: [7, 84, 59, 126]
---------------------------------------
[epoch   10] train_loss=1.2034 val_loss=3.4830
2026-06-23 11:17:03,439 - dataloader_debug - INFO - --- Valid Epoch 10 Summary ---
  Total samples: 1120
  High attention samples: 836
  Task distribution: [627, 165, 119, 209]
  Global Accuracy (All): 0.3295
  Global Accuracy (Att): 0.2512
----------------------------------------
2026-06-23 11:17:03,468 - dataloader_debug - INFO - --- Train Epoch 10 Summary ---
  Total samples: 3384
  High attention samples: 2427
  Batches w/o high attention: 0
  Task distribution: [1558, 616, 737, 473]
  Batches skipping tasks: [3, 84, 62, 127]
---------------------------------------
[epoch   11] train_loss=1.1806 val_loss=3.0512
2026-06-23 11:22:48,942 - dataloader_debug - INFO - --- Valid Epoch 11 Summary ---
  Total samples: 1120
  High attention samples: 836
  Task distribution: [627, 165, 119, 209]
  Global Accuracy (All): 0.4786
  Global Accuracy (Att): 0.4581
----------------------------------------
2026-06-23 11:22:48,981 - dataloader_debug - INFO - --- Train Epoch 11 Summary ---
  Total samples: 3384
  High attention samples: 2430
  Batches w/o high attention: 0
  Task distribution: [1560, 615, 737, 472]
  Batches skipping tasks: [2, 83, 56, 119]
---------------------------------------
[epoch   12] train_loss=1.1330 val_loss=3.5837
2026-06-23 11:28:40,164 - dataloader_debug - INFO - --- Valid Epoch 12 Summary ---
  Total samples: 1120
  High attention samples: 836
  Task distribution: [627, 165, 119, 209]
  Global Accuracy (All): 0.2804
  Global Accuracy (Att): 0.2428
----------------------------------------
2026-06-23 11:28:40,234 - dataloader_debug - INFO - --- Train Epoch 12 Summary ---
  Total samples: 3384
  High attention samples: 2429
  Batches w/o high attention: 0
  Task distribution: [1562, 615, 734, 473]
  Batches skipping tasks: [3, 91, 68, 120]
---------------------------------------
[epoch   13] train_loss=1.2865 val_loss=2.9198
2026-06-23 11:34:35,291 - dataloader_debug - INFO - --- Valid Epoch 13 Summary ---
  Total samples: 1120
  High attention samples: 836
  Task distribution: [627, 165, 119, 209]
  Global Accuracy (All): 0.4920
  Global Accuracy (Att): 0.4593
----------------------------------------
2026-06-23 11:34:35,309 - dataloader_debug - INFO - --- Train Epoch 13 Summary ---
  Total samples: 3384
  High attention samples: 2428
  Batches w/o high attention: 0
  Task distribution: [1560, 616, 736, 472]
  Batches skipping tasks: [2, 71, 59, 128]
---------------------------------------
[epoch   14] train_loss=0.8730 val_loss=2.7163
2026-06-23 11:40:29,512 - dataloader_debug - INFO - --- Valid Epoch 14 Summary ---
  Total samples: 1120
  High attention samples: 836
  Task distribution: [627, 165, 119, 209]
  Global Accuracy (All): 0.5741
  Global Accuracy (Att): 0.6292
----------------------------------------
Metric Valid/loss improved by 0.139 >= min_delta = 0.0. New best score: 2.716
2026-06-23 11:40:29,687 - dataloader_debug - INFO - --- Train Epoch 14 Summary ---
  Total samples: 3384
  High attention samples: 2429
  Batches w/o high attention: 0
  Task distribution: [1560, 616, 736, 472]
  Batches skipping tasks: [2, 92, 50, 137]
---------------------------------------
bypassing sigterm
bypassing sigterm
Traceback (most recent call last):
  File "/home/andrea.giampietro/EEG-Attention-decoding-with-CLAP/src/main.py", line 398, in <module>
    trainer.fit(module, train_dataloaders=train_loader, val_dataloaders=valid_loader)
  File "/home/andrea.giampietro/.conda/envs/eeg_attention/lib/python3.9/site-packages/pytorch_lightning/trainer/trainer.py", line 608, in fit
    call._call_and_handle_interrupt(
  File "/home/andrea.giampietro/.conda/envs/eeg_attention/lib/python3.9/site-packages/pytorch_lightning/trainer/call.py", line 38, in _call_and_handle_interrupt
    return trainer_fn(*args, **kwargs)
  File "/home/andrea.giampietro/.conda/envs/eeg_attention/lib/python3.9/site-packages/pytorch_lightning/trainer/trainer.py", line 650, in _fit_impl
    self._run(model, ckpt_path=self.ckpt_path)
  File "/home/andrea.giampietro/.conda/envs/eeg_attention/lib/python3.9/site-packages/pytorch_lightning/trainer/trainer.py", line 1112, in _run
    results = self._run_stage()
  File "/home/andrea.giampietro/.conda/envs/eeg_attention/lib/python3.9/site-packages/pytorch_lightning/trainer/trainer.py", line 1191, in _run_stage
    self._run_train()
  File "/home/andrea.giampietro/.conda/envs/eeg_attention/lib/python3.9/site-packages/pytorch_lightning/trainer/trainer.py", line 1214, in _run_train
    self.fit_loop.run()
  File "/home/andrea.giampietro/.conda/envs/eeg_attention/lib/python3.9/site-packages/pytorch_lightning/loops/loop.py", line 199, in run
    self.advance(*args, **kwargs)
  File "/home/andrea.giampietro/.conda/envs/eeg_attention/lib/python3.9/site-packages/pytorch_lightning/loops/fit_loop.py", line 267, in advance
    self._outputs = self.epoch_loop.run(self._data_fetcher)
  File "/home/andrea.giampietro/.conda/envs/eeg_attention/lib/python3.9/site-packages/pytorch_lightning/loops/loop.py", line 199, in run
    self.advance(*args, **kwargs)
  File "/home/andrea.giampietro/.conda/envs/eeg_attention/lib/python3.9/site-packages/pytorch_lightning/loops/epoch/training_epoch_loop.py", line 231, in advance
    self.trainer._logger_connector.on_batch_end()
  File "/home/andrea.giampietro/.conda/envs/eeg_attention/lib/python3.9/site-packages/pytorch_lightning/trainer/connectors/logger_connector/logger_connector.py", line 200, in on_batch_end
    metrics = self.metrics
  File "/home/andrea.giampietro/.conda/envs/eeg_attention/lib/python3.9/site-packages/pytorch_lightning/trainer/connectors/logger_connector/logger_connector.py", line 237, in metrics
    return self.trainer._results.metrics(on_step)
  File "/home/andrea.giampietro/.conda/envs/eeg_attention/lib/python3.9/site-packages/pytorch_lightning/trainer/connectors/logger_connector/result.py", line 616, in metrics
    metrics["pbar"][forked_name] = convert_tensors_to_scalars(value)
  File "/home/andrea.giampietro/.conda/envs/eeg_attention/lib/python3.9/site-packages/lightning_fabric/utilities/apply_func.py", line 126, in convert_tensors_to_scalars
    return apply_to_collection(data, Tensor, to_item)
  File "/home/andrea.giampietro/.conda/envs/eeg_attention/lib/python3.9/site-packages/lightning_utilities/core/apply_func.py", line 66, in apply_to_collection
    return function(data, *args, **kwargs)
  File "/home/andrea.giampietro/.conda/envs/eeg_attention/lib/python3.9/site-packages/lightning_fabric/utilities/apply_func.py", line 124, in to_item
    return value.item()
  File "/home/andrea.giampietro/.conda/envs/eeg_attention/lib/python3.9/site-packages/torch/utils/data/_utils/signal_handling.py", line 66, in handler
    _error_if_any_worker_fails()
RuntimeError: DataLoader worker (pid 2918126) is killed by signal: Terminated. 
  TEST
/home/andrea.giampietro/.conda/envs/eeg_attention/lib/python3.9/site-packages/lightning_fabric/__init__.py:29: UserWarning: pkg_resources is deprecated as an API. See https://setuptools.pypa.io/en/latest/pkg_resources.html. The pkg_resources package is slated for removal as early as 2025-11-30. Refrain from using this package or pin to Setuptools<81.
  __import__("pkg_resources").declare_namespace(__name__)
[paths] host=edu02 host_profile_keys=[] cpu=128 cpu_effective=8
[paths] dataset_dir=../dataset
[paths] log_dir=../results
[paths] workers=7
[rank: 0] Global seed set to 42
no augmentation
[cv] mode=leave_song_out held_out_id=2
Size of train dataset: 3388
Size of valid dataset: 1122
Size of test dataset: 104
[audio] SampleCNN2DEEG (4 independent encoders, Akama baseline)
EEG Contrastive learning
use CLIP_loss as criterion
[paths] tty=False (progress bar off)
GPU available: True (cuda), used: True
TPU available: False, using: 0 TPU cores
IPU available: False, using: 0 IPUs
HPU available: False, using: 0 HPUs
Auto-discovered checkpoint: ../results/ct_raw_lso_song2/nmed-CL-preprocessing_eegmusic/version_0/checkpoints/best-checkpoint.ckpt
[[[ START ]]] 2026-06-23 11:42:43.324757
[load] checkpoint state_dict matched the model exactly
You are using a CUDA device ('NVIDIA L40S') that has Tensor Cores. To properly utilize them, you should set `torch.set_float32_matmul_precision('medium' | 'high')` which will trade-off precision for performance. For more details, read https://pytorch.org/docs/stable/generated/torch.set_float32_matmul_precision.html#torch.set_float32_matmul_precision
LOCAL_RANK: 0 - CUDA_VISIBLE_DEVICES: [0]

========== TEST RESULTS ==========
Global Accuracy (All data):        0.9712
Global Accuracy (High attention):  0.9712
Per-task acc (All):    [0.9711538553237915, nan, nan, nan]
Per-task acc (Att):    [0.9711538553237915, nan, nan, nan]
Pairwise matrix 4x4 (All):
tensor([[   nan, 1.0000, 1.0000, 0.9712],
        [   nan,    nan,    nan,    nan],
        [   nan,    nan,    nan,    nan],
        [   nan,    nan,    nan,    nan]])
Pairwise matrix 4x4 (Att):
tensor([[   nan, 1.0000, 1.0000, 0.9712],
        [   nan,    nan,    nan,    nan],
        [   nan,    nan,    nan,    nan],
        [   nan,    nan,    nan,    nan]])
==================================
== Test breakdown (shuffle_test_mode=none) ==
n_windows total: 104
n_windows high-attention: 104
global accuracy (records, all): 0.9712
global accuracy (records, attn): 0.9712
global margin mean (all): +0.6507
global margin mean (attn): +0.6507
Figures saved to: ../results/ct_raw_lso_song2/nmed-CL-preprocessing_eegmusic/version_1
[[[ FINISH ]]] 2026-06-23 11:42:53.450246

===== [11:42] ct_raw_lso_song7  (contrastive|raw|7)  elapsed 91m =====
  TRAIN
/home/andrea.giampietro/.conda/envs/eeg_attention/lib/python3.9/site-packages/lightning_fabric/__init__.py:29: UserWarning: pkg_resources is deprecated as an API. See https://setuptools.pypa.io/en/latest/pkg_resources.html. The pkg_resources package is slated for removal as early as 2025-11-30. Refrain from using this package or pin to Setuptools<81.
  __import__("pkg_resources").declare_namespace(__name__)
[paths] host=edu02 host_profile_keys=[] cpu=128 cpu_effective=8
[paths] dataset_dir=../dataset
[paths] log_dir=../results
[paths] workers=7
[rank: 0] Global seed set to 42
no augmentation
[cv] mode=leave_song_out held_out_id=7
Size of train dataset: 3366
Size of valid dataset: 1144
Size of test dataset: 104
[audio] SampleCNN2DEEG (4 independent encoders, Akama baseline)
EEG Contrastive learning
use CLIP_loss as criterion
[paths] tty=False (progress bar off, epoch summaries instead)
GPU available: True (cuda), used: True
TPU available: False, using: 0 TPU cores
IPU available: False, using: 0 IPUs
HPU available: False, using: 0 HPUs
[[[ START ]]] 2026-06-23 11:43:26.132530
You are using a CUDA device ('NVIDIA L40S') that has Tensor Cores. To properly utilize them, you should set `torch.set_float32_matmul_precision('medium' | 'high')` which will trade-off precision for performance. For more details, read https://pytorch.org/docs/stable/generated/torch.set_float32_matmul_precision.html#torch.set_float32_matmul_precision
Missing logger folder: ../results/ct_raw_lso_song7/nmed-CL-preprocessing_eegmusic
LOCAL_RANK: 0 - CUDA_VISIBLE_DEVICES: [0]

  | Name           | Type           | Params
--------------------------------------------------
0 | encoder_raw_e  | SampleCNN2DEEG | 116 K 
1 | encoder_vocal  | SampleCNN2DEEG | 116 K 
2 | encoder_drum   | SampleCNN2DEEG | 116 K 
3 | encoder_bass   | SampleCNN2DEEG | 116 K 
4 | encoder_others | SampleCNN2DEEG | 116 K 
5 | criterion      | CLIP_Loss      | 0     
--------------------------------------------------
580 K     Trainable params
0         Non-trainable params
580 K     Total params
2.322     Total estimated model params size (MB)
SLURM auto-requeueing enabled. Setting signal handlers.
[epoch    0] train_loss=n/a val_loss=3.6562
2026-06-23 11:43:28,544 - dataloader_debug - INFO - --- Valid Epoch 0 Summary ---
  Total samples: 16
  High attention samples: 16
  Task distribution: [16, 0, 0, 0]
  Global Accuracy (All): 0.0000
  Global Accuracy (Att): 0.0000
----------------------------------------
[epoch    0] train_loss=2.1484 val_loss=2.9672
2026-06-23 11:49:14,312 - dataloader_debug - INFO - --- Valid Epoch 0 Summary ---
  Total samples: 1144
  High attention samples: 858
  Task distribution: [649, 165, 121, 209]
  Global Accuracy (All): 0.5350
  Global Accuracy (Att): 0.6457
----------------------------------------
Metric Valid/loss improved. New best score: 2.967
2026-06-23 11:49:14,647 - dataloader_debug - INFO - --- Train Epoch 0 Summary ---
  Total samples: 3360
  High attention samples: 2404
  Batches w/o high attention: 0
  Task distribution: [1626, 527, 736, 471]
  Batches skipping tasks: [1, 107, 52, 129]
---------------------------------------
[epoch    1] train_loss=2.0313 val_loss=2.8642
2026-06-23 11:54:58,086 - dataloader_debug - INFO - --- Valid Epoch 1 Summary ---
  Total samples: 1144
  High attention samples: 858
  Task distribution: [649, 165, 121, 209]
  Global Accuracy (All): 0.5726
  Global Accuracy (Att): 0.6375
----------------------------------------
Metric Valid/loss improved by 0.103 >= min_delta = 0.0. New best score: 2.864
2026-06-23 11:54:58,351 - dataloader_debug - INFO - --- Train Epoch 1 Summary ---
  Total samples: 3360
  High attention samples: 2404
  Batches w/o high attention: 0
  Task distribution: [1625, 528, 737, 470]
  Batches skipping tasks: [3, 116, 52, 122]
---------------------------------------
[epoch    2] train_loss=1.6764 val_loss=2.9807
2026-06-23 12:00:41,807 - dataloader_debug - INFO - --- Valid Epoch 2 Summary ---
  Total samples: 1144
  High attention samples: 858
  Task distribution: [649, 165, 121, 209]
  Global Accuracy (All): 0.4799
  Global Accuracy (Att): 0.5023
----------------------------------------
2026-06-23 12:00:41,823 - dataloader_debug - INFO - --- Train Epoch 2 Summary ---
  Total samples: 3360
  High attention samples: 2404
  Batches w/o high attention: 0
  Task distribution: [1627, 525, 736, 472]
  Batches skipping tasks: [1, 117, 59, 122]
---------------------------------------
[epoch    3] train_loss=1.9490 val_loss=2.8627
2026-06-23 12:06:25,605 - dataloader_debug - INFO - --- Valid Epoch 3 Summary ---
  Total samples: 1144
  High attention samples: 858
  Task distribution: [649, 165, 121, 209]
  Global Accuracy (All): 0.4659
  Global Accuracy (Att): 0.4790
----------------------------------------
Metric Valid/loss improved by 0.002 >= min_delta = 0.0. New best score: 2.863
2026-06-23 12:06:25,756 - dataloader_debug - INFO - --- Train Epoch 3 Summary ---
  Total samples: 3360
  High attention samples: 2403
  Batches w/o high attention: 0
  Task distribution: [1626, 528, 735, 471]
  Batches skipping tasks: [2, 107, 64, 134]
---------------------------------------
[epoch    4] train_loss=1.4618 val_loss=2.8495
2026-06-23 12:12:09,352 - dataloader_debug - INFO - --- Valid Epoch 4 Summary ---
  Total samples: 1144
  High attention samples: 858
  Task distribution: [649, 165, 121, 209]
  Global Accuracy (All): 0.5157
  Global Accuracy (Att): 0.5653
----------------------------------------
Metric Valid/loss improved by 0.013 >= min_delta = 0.0. New best score: 2.850
2026-06-23 12:12:09,461 - dataloader_debug - INFO - --- Train Epoch 4 Summary ---
  Total samples: 3360
  High attention samples: 2406
  Batches w/o high attention: 0
  Task distribution: [1627, 527, 735, 471]
  Batches skipping tasks: [0, 103, 52, 136]
---------------------------------------
[epoch    5] train_loss=1.4668 val_loss=2.8965
2026-06-23 12:17:53,338 - dataloader_debug - INFO - --- Valid Epoch 5 Summary ---
  Total samples: 1144
  High attention samples: 858
  Task distribution: [649, 165, 121, 209]
  Global Accuracy (All): 0.5044
  Global Accuracy (Att): 0.4767
----------------------------------------
2026-06-23 12:17:53,363 - dataloader_debug - INFO - --- Train Epoch 5 Summary ---
  Total samples: 3360
  High attention samples: 2403
  Batches w/o high attention: 0
  Task distribution: [1625, 527, 737, 471]
  Batches skipping tasks: [2, 102, 61, 122]
---------------------------------------
[epoch    6] train_loss=1.2358 val_loss=3.0835
2026-06-23 12:23:37,360 - dataloader_debug - INFO - --- Valid Epoch 6 Summary ---
  Total samples: 1144
  High attention samples: 858
  Task distribution: [649, 165, 121, 209]
  Global Accuracy (All): 0.3925
  Global Accuracy (Att): 0.3765
----------------------------------------
2026-06-23 12:23:37,375 - dataloader_debug - INFO - --- Train Epoch 6 Summary ---
  Total samples: 3360
  High attention samples: 2404
  Batches w/o high attention: 0
  Task distribution: [1625, 527, 736, 472]
  Batches skipping tasks: [2, 109, 65, 128]
---------------------------------------
[epoch    7] train_loss=1.3358 val_loss=2.8835
2026-06-23 12:29:21,285 - dataloader_debug - INFO - --- Valid Epoch 7 Summary ---
  Total samples: 1144
  High attention samples: 858
  Task distribution: [649, 165, 121, 209]
  Global Accuracy (All): 0.4240
  Global Accuracy (Att): 0.4196
----------------------------------------
2026-06-23 12:29:21,301 - dataloader_debug - INFO - --- Train Epoch 7 Summary ---
  Total samples: 3360
  High attention samples: 2405
  Batches w/o high attention: 0
  Task distribution: [1624, 528, 737, 471]
  Batches skipping tasks: [1, 108, 62, 134]
---------------------------------------
[epoch    8] train_loss=1.7367 val_loss=2.7170
2026-06-23 12:35:05,130 - dataloader_debug - INFO - --- Valid Epoch 8 Summary ---
  Total samples: 1144
  High attention samples: 858
  Task distribution: [649, 165, 121, 209]
  Global Accuracy (All): 0.6119
  Global Accuracy (Att): 0.6690
----------------------------------------
Metric Valid/loss improved by 0.132 >= min_delta = 0.0. New best score: 2.717
2026-06-23 12:35:05,291 - dataloader_debug - INFO - --- Train Epoch 8 Summary ---
  Total samples: 3360
  High attention samples: 2404
  Batches w/o high attention: 0
  Task distribution: [1627, 526, 734, 473]
  Batches skipping tasks: [2, 103, 56, 120]
---------------------------------------
[epoch    9] train_loss=0.9958 val_loss=3.0543
2026-06-23 12:40:56,564 - dataloader_debug - INFO - --- Valid Epoch 9 Summary ---
  Total samples: 1144
  High attention samples: 858
  Task distribution: [649, 165, 121, 209]
  Global Accuracy (All): 0.3881
  Global Accuracy (Att): 0.3054
----------------------------------------
2026-06-23 12:40:56,577 - dataloader_debug - INFO - --- Train Epoch 9 Summary ---
  Total samples: 3360
  High attention samples: 2406
  Batches w/o high attention: 0
  Task distribution: [1626, 526, 735, 473]
  Batches skipping tasks: [1, 108, 63, 134]
---------------------------------------
[epoch   10] train_loss=1.4756 val_loss=3.1037
2026-06-23 12:46:47,929 - dataloader_debug - INFO - --- Valid Epoch 10 Summary ---
  Total samples: 1144
  High attention samples: 858
  Task distribution: [649, 165, 121, 209]
  Global Accuracy (All): 0.3759
  Global Accuracy (Att): 0.3427
----------------------------------------
2026-06-23 12:46:47,951 - dataloader_debug - INFO - --- Train Epoch 10 Summary ---
  Total samples: 3360
  High attention samples: 2404
  Batches w/o high attention: 0
  Task distribution: [1624, 526, 737, 473]
  Batches skipping tasks: [2, 104, 56, 126]
---------------------------------------
[epoch   11] train_loss=1.7092 val_loss=2.8198
2026-06-23 12:52:40,371 - dataloader_debug - INFO - --- Valid Epoch 11 Summary ---
  Total samples: 1144
  High attention samples: 858
  Task distribution: [649, 165, 121, 209]
  Global Accuracy (All): 0.5752
  Global Accuracy (Att): 0.5664
----------------------------------------
2026-06-23 12:52:40,391 - dataloader_debug - INFO - --- Train Epoch 11 Summary ---
  Total samples: 3360
  High attention samples: 2405
  Batches w/o high attention: 0
  Task distribution: [1626, 525, 736, 473]
  Batches skipping tasks: [1, 123, 61, 119]
---------------------------------------
[epoch   12] train_loss=1.4877 val_loss=3.9153
2026-06-23 12:58:26,961 - dataloader_debug - INFO - --- Valid Epoch 12 Summary ---
  Total samples: 1144
  High attention samples: 858
  Task distribution: [649, 165, 121, 209]
  Global Accuracy (All): 0.2430
  Global Accuracy (Att): 0.1375
----------------------------------------
2026-06-23 12:58:26,974 - dataloader_debug - INFO - --- Train Epoch 12 Summary ---
  Total samples: 3360
  High attention samples: 2404
  Batches w/o high attention: 0
  Task distribution: [1623, 528, 736, 473]
  Batches skipping tasks: [2, 102, 61, 118]
---------------------------------------
[epoch   13] train_loss=1.9942 val_loss=3.3894
2026-06-23 13:04:10,466 - dataloader_debug - INFO - --- Valid Epoch 13 Summary ---
  Total samples: 1144
  High attention samples: 858
  Task distribution: [649, 165, 121, 209]
  Global Accuracy (All): 0.3785
  Global Accuracy (Att): 0.2867
----------------------------------------
2026-06-23 13:04:10,478 - dataloader_debug - INFO - --- Train Epoch 13 Summary ---
  Total samples: 3360
  High attention samples: 2404
  Batches w/o high attention: 0
  Task distribution: [1624, 527, 736, 473]
  Batches skipping tasks: [2, 116, 54, 124]
---------------------------------------
[epoch   14] train_loss=0.7918 val_loss=3.3200
2026-06-23 13:09:54,360 - dataloader_debug - INFO - --- Valid Epoch 14 Summary ---
  Total samples: 1144
  High attention samples: 858
  Task distribution: [649, 165, 121, 209]
  Global Accuracy (All): 0.3575
  Global Accuracy (Att): 0.2681
----------------------------------------
2026-06-23 13:09:54,371 - dataloader_debug - INFO - --- Train Epoch 14 Summary ---
  Total samples: 3360
  High attention samples: 2404
  Batches w/o high attention: 0
  Task distribution: [1624, 527, 737, 472]
  Batches skipping tasks: [2, 109, 60, 130]
---------------------------------------
bypassing sigterm
Traceback (most recent call last):
  File "/home/andrea.giampietro/EEG-Attention-decoding-with-CLAP/src/main.py", line 398, in <module>
    trainer.fit(module, train_dataloaders=train_loader, val_dataloaders=valid_loader)
  File "/home/andrea.giampietro/.conda/envs/eeg_attention/lib/python3.9/site-packages/pytorch_lightning/trainer/trainer.py", line 608, in fit
    call._call_and_handle_interrupt(
  File "/home/andrea.giampietro/.conda/envs/eeg_attention/lib/python3.9/site-packages/pytorch_lightning/trainer/call.py", line 38, in _call_and_handle_interrupt
    return trainer_fn(*args, **kwargs)
  File "/home/andrea.giampietro/.conda/envs/eeg_attention/lib/python3.9/site-packages/pytorch_lightning/trainer/trainer.py", line 650, in _fit_impl
    self._run(model, ckpt_path=self.ckpt_path)
  File "/home/andrea.giampietro/.conda/envs/eeg_attention/lib/python3.9/site-packages/pytorch_lightning/trainer/trainer.py", line 1112, in _run
    results = self._run_stage()
  File "/home/andrea.giampietro/.conda/envs/eeg_attention/lib/python3.9/site-packages/pytorch_lightning/trainer/trainer.py", line 1191, in _run_stage
    self._run_train()
  File "/home/andrea.giampietro/.conda/envs/eeg_attention/lib/python3.9/site-packages/pytorch_lightning/trainer/trainer.py", line 1214, in _run_train
    self.fit_loop.run()
  File "/home/andrea.giampietro/.conda/envs/eeg_attention/lib/python3.9/site-packages/pytorch_lightning/loops/loop.py", line 199, in run
    self.advance(*args, **kwargs)
  File "/home/andrea.giampietro/.conda/envs/eeg_attention/lib/python3.9/site-packages/pytorch_lightning/loops/fit_loop.py", line 267, in advance
    self._outputs = self.epoch_loop.run(self._data_fetcher)
  File "/home/andrea.giampietro/.conda/envs/eeg_attention/lib/python3.9/site-packages/pytorch_lightning/loops/loop.py", line 199, in run
    self.advance(*args, **kwargs)
  File "/home/andrea.giampietro/.conda/envs/eeg_attention/lib/python3.9/site-packages/pytorch_lightning/loops/epoch/training_epoch_loop.py", line 231, in advance
    self.trainer._logger_connector.on_batch_end()
  File "/home/andrea.giampietro/.conda/envs/eeg_attention/lib/python3.9/site-packages/pytorch_lightning/trainer/connectors/logger_connector/logger_connector.py", line 200, in on_batch_end
    metrics = self.metrics
  File "/home/andrea.giampietro/.conda/envs/eeg_attention/lib/python3.9/site-packages/pytorch_lightning/trainer/connectors/logger_connector/logger_connector.py", line 237, in metrics
    return self.trainer._results.metrics(on_step)
  File "/home/andrea.giampietro/.conda/envs/eeg_attention/lib/python3.9/site-packages/pytorch_lightning/trainer/connectors/logger_connector/result.py", line 616, in metrics
    metrics["pbar"][forked_name] = convert_tensors_to_scalars(value)
  File "/home/andrea.giampietro/.conda/envs/eeg_attention/lib/python3.9/site-packages/lightning_fabric/utilities/apply_func.py", line 126, in convert_tensors_to_scalars
    return apply_to_collection(data, Tensor, to_item)
  File "/home/andrea.giampietro/.conda/envs/eeg_attention/lib/python3.9/site-packages/lightning_utilities/core/apply_func.py", line 66, in apply_to_collection
    return function(data, *args, **kwargs)
  File "/home/andrea.giampietro/.conda/envs/eeg_attention/lib/python3.9/site-packages/lightning_fabric/utilities/apply_func.py", line 124, in to_item
    return value.item()
  File "/home/andrea.giampietro/.conda/envs/eeg_attention/lib/python3.9/site-packages/torch/utils/data/_utils/signal_handling.py", line 66, in handler
    _error_if_any_worker_fails()
RuntimeError: DataLoader worker (pid 3011273) is killed by signal: Terminated. 
  TEST
/home/andrea.giampietro/.conda/envs/eeg_attention/lib/python3.9/site-packages/lightning_fabric/__init__.py:29: UserWarning: pkg_resources is deprecated as an API. See https://setuptools.pypa.io/en/latest/pkg_resources.html. The pkg_resources package is slated for removal as early as 2025-11-30. Refrain from using this package or pin to Setuptools<81.
  __import__("pkg_resources").declare_namespace(__name__)
[paths] host=edu02 host_profile_keys=[] cpu=128 cpu_effective=8
[paths] dataset_dir=../dataset
[paths] log_dir=../results
[paths] workers=7
[rank: 0] Global seed set to 42
no augmentation
[cv] mode=leave_song_out held_out_id=7
Size of train dataset: 3366
Size of valid dataset: 1144
Size of test dataset: 104
[audio] SampleCNN2DEEG (4 independent encoders, Akama baseline)
EEG Contrastive learning
use CLIP_loss as criterion
[paths] tty=False (progress bar off)
GPU available: True (cuda), used: True
TPU available: False, using: 0 TPU cores
IPU available: False, using: 0 IPUs
HPU available: False, using: 0 HPUs
Auto-discovered checkpoint: ../results/ct_raw_lso_song7/nmed-CL-preprocessing_eegmusic/version_0/checkpoints/best-checkpoint.ckpt
[[[ START ]]] 2026-06-23 13:13:30.328237
[load] checkpoint state_dict matched the model exactly
You are using a CUDA device ('NVIDIA L40S') that has Tensor Cores. To properly utilize them, you should set `torch.set_float32_matmul_precision('medium' | 'high')` which will trade-off precision for performance. For more details, read https://pytorch.org/docs/stable/generated/torch.set_float32_matmul_precision.html#torch.set_float32_matmul_precision
LOCAL_RANK: 0 - CUDA_VISIBLE_DEVICES: [0]

========== TEST RESULTS ==========
Global Accuracy (All data):        0.0000
Global Accuracy (High attention):  0.0000
Per-task acc (All):    [nan, 0.0, nan, nan]
Per-task acc (Att):    [nan, 0.0, nan, nan]
Pairwise matrix 4x4 (All):
tensor([[   nan,    nan,    nan,    nan],
        [0.0000,    nan, 0.1923, 0.0673],
        [   nan,    nan,    nan,    nan],
        [   nan,    nan,    nan,    nan]])
Pairwise matrix 4x4 (Att):
tensor([[   nan,    nan,    nan,    nan],
        [0.0000,    nan, 0.1923, 0.0673],
        [   nan,    nan,    nan,    nan],
        [   nan,    nan,    nan,    nan]])
==================================
== Test breakdown (shuffle_test_mode=none) ==
n_windows total: 104
n_windows high-attention: 104
global accuracy (records, all): 0.0000
global accuracy (records, attn): 0.0000
global margin mean (all): -1.5967
global margin mean (attn): -1.5967
Figures saved to: ../results/ct_raw_lso_song7/nmed-CL-preprocessing_eegmusic/version_1
[[[ FINISH ]]] 2026-06-23 13:13:39.059217

===== [13:13] ct_raw_lso_song44  (contrastive|raw|44)  elapsed 181m =====
  TRAIN
/home/andrea.giampietro/.conda/envs/eeg_attention/lib/python3.9/site-packages/lightning_fabric/__init__.py:29: UserWarning: pkg_resources is deprecated as an API. See https://setuptools.pypa.io/en/latest/pkg_resources.html. The pkg_resources package is slated for removal as early as 2025-11-30. Refrain from using this package or pin to Setuptools<81.
  __import__("pkg_resources").declare_namespace(__name__)
[paths] host=edu02 host_profile_keys=[] cpu=128 cpu_effective=8
[paths] dataset_dir=../dataset
[paths] log_dir=../results
[paths] workers=7
[rank: 0] Global seed set to 42
no augmentation
[cv] mode=leave_song_out held_out_id=44
Size of train dataset: 3421
Size of valid dataset: 1122
Size of test dataset: 104
[audio] SampleCNN2DEEG (4 independent encoders, Akama baseline)
EEG Contrastive learning
use CLIP_loss as criterion
[paths] tty=False (progress bar off, epoch summaries instead)
GPU available: True (cuda), used: True
TPU available: False, using: 0 TPU cores
IPU available: False, using: 0 IPUs
HPU available: False, using: 0 HPUs
[[[ START ]]] 2026-06-23 13:14:04.216977
You are using a CUDA device ('NVIDIA L40S') that has Tensor Cores. To properly utilize them, you should set `torch.set_float32_matmul_precision('medium' | 'high')` which will trade-off precision for performance. For more details, read https://pytorch.org/docs/stable/generated/torch.set_float32_matmul_precision.html#torch.set_float32_matmul_precision
Missing logger folder: ../results/ct_raw_lso_song44/nmed-CL-preprocessing_eegmusic
LOCAL_RANK: 0 - CUDA_VISIBLE_DEVICES: [0]

  | Name           | Type           | Params
--------------------------------------------------
0 | encoder_raw_e  | SampleCNN2DEEG | 116 K 
1 | encoder_vocal  | SampleCNN2DEEG | 116 K 
2 | encoder_drum   | SampleCNN2DEEG | 116 K 
3 | encoder_bass   | SampleCNN2DEEG | 116 K 
4 | encoder_others | SampleCNN2DEEG | 116 K 
5 | criterion      | CLIP_Loss      | 0     
--------------------------------------------------
580 K     Trainable params
0         Non-trainable params
580 K     Total params
2.322     Total estimated model params size (MB)
SLURM auto-requeueing enabled. Setting signal handlers.
[epoch    0] train_loss=n/a val_loss=3.6562
2026-06-23 13:14:06,185 - dataloader_debug - INFO - --- Valid Epoch 0 Summary ---
  Total samples: 16
  High attention samples: 16
  Task distribution: [16, 0, 0, 0]
  Global Accuracy (All): 0.0000
  Global Accuracy (Att): 0.0000
----------------------------------------
[epoch    0] train_loss=2.0215 val_loss=3.1781
2026-06-23 13:19:54,378 - dataloader_debug - INFO - --- Valid Epoch 0 Summary ---
  Total samples: 1120
  High attention samples: 858
  Task distribution: [649, 165, 97, 209]
  Global Accuracy (All): 0.3277
  Global Accuracy (Att): 0.3450
----------------------------------------
Metric Valid/loss improved. New best score: 3.178
2026-06-23 13:19:54,723 - dataloader_debug - INFO - --- Train Epoch 0 Summary ---
  Total samples: 3416
  High attention samples: 2481
  Batches w/o high attention: 0
  Task distribution: [1623, 616, 704, 473]
  Batches skipping tasks: [2, 80, 63, 128]
---------------------------------------
[epoch    1] train_loss=2.2885 val_loss=2.8757
2026-06-23 13:25:42,992 - dataloader_debug - INFO - --- Valid Epoch 1 Summary ---
  Total samples: 1120
  High attention samples: 858
  Task distribution: [649, 165, 97, 209]
  Global Accuracy (All): 0.4455
  Global Accuracy (Att): 0.4942
----------------------------------------
Metric Valid/loss improved by 0.302 >= min_delta = 0.0. New best score: 2.876
2026-06-23 13:25:43,140 - dataloader_debug - INFO - --- Train Epoch 1 Summary ---
  Total samples: 3416
  High attention samples: 2483
  Batches w/o high attention: 1
  Task distribution: [1625, 615, 703, 473]
  Batches skipping tasks: [1, 80, 62, 130]
---------------------------------------
[epoch    2] train_loss=2.1820 val_loss=3.0902
2026-06-23 13:31:31,422 - dataloader_debug - INFO - --- Valid Epoch 2 Summary ---
  Total samples: 1120
  High attention samples: 858
  Task distribution: [649, 165, 97, 209]
  Global Accuracy (All): 0.3500
  Global Accuracy (Att): 0.3508
----------------------------------------
2026-06-23 13:31:31,451 - dataloader_debug - INFO - --- Train Epoch 2 Summary ---
  Total samples: 3416
  High attention samples: 2481
  Batches w/o high attention: 0
  Task distribution: [1624, 616, 703, 473]
  Batches skipping tasks: [2, 89, 66, 138]
---------------------------------------
[epoch    3] train_loss=1.8353 val_loss=2.9505
2026-06-23 13:37:20,005 - dataloader_debug - INFO - --- Valid Epoch 3 Summary ---
  Total samples: 1120
  High attention samples: 858
  Task distribution: [649, 165, 97, 209]
  Global Accuracy (All): 0.5312
  Global Accuracy (Att): 0.6061
----------------------------------------
2026-06-23 13:37:20,097 - dataloader_debug - INFO - --- Train Epoch 3 Summary ---
  Total samples: 3416
  High attention samples: 2482
  Batches w/o high attention: 0
  Task distribution: [1624, 616, 704, 472]
  Batches skipping tasks: [3, 93, 70, 132]
---------------------------------------
[epoch    4] train_loss=1.2503 val_loss=3.1086
2026-06-23 13:43:08,748 - dataloader_debug - INFO - --- Valid Epoch 4 Summary ---
  Total samples: 1120
  High attention samples: 858
  Task distribution: [649, 165, 97, 209]
  Global Accuracy (All): 0.5518
  Global Accuracy (Att): 0.6480
----------------------------------------
2026-06-23 13:43:08,762 - dataloader_debug - INFO - --- Train Epoch 4 Summary ---
  Total samples: 3416
  High attention samples: 2481
  Batches w/o high attention: 0
  Task distribution: [1624, 616, 703, 473]
  Batches skipping tasks: [5, 89, 67, 136]
---------------------------------------
[epoch    5] train_loss=1.6295 val_loss=3.0417
2026-06-23 13:48:54,157 - dataloader_debug - INFO - --- Valid Epoch 5 Summary ---
  Total samples: 1120
  High attention samples: 858
  Task distribution: [649, 165, 97, 209]
  Global Accuracy (All): 0.4268
  Global Accuracy (Att): 0.4126
----------------------------------------
2026-06-23 13:48:54,171 - dataloader_debug - INFO - --- Train Epoch 5 Summary ---
  Total samples: 3416
  High attention samples: 2482
  Batches w/o high attention: 0
  Task distribution: [1626, 614, 704, 472]
  Batches skipping tasks: [6, 96, 53, 124]
---------------------------------------
[epoch    6] train_loss=1.0341 val_loss=2.9330
2026-06-23 13:54:48,518 - dataloader_debug - INFO - --- Valid Epoch 6 Summary ---
  Total samples: 1120
  High attention samples: 858
  Task distribution: [649, 165, 97, 209]
  Global Accuracy (All): 0.4357
  Global Accuracy (Att): 0.4056
----------------------------------------
2026-06-23 13:54:48,529 - dataloader_debug - INFO - --- Train Epoch 6 Summary ---
  Total samples: 3416
  High attention samples: 2483
  Batches w/o high attention: 0
  Task distribution: [1625, 615, 704, 472]
  Batches skipping tasks: [2, 94, 61, 131]
---------------------------------------
[epoch    7] train_loss=1.4701 val_loss=3.1292
2026-06-23 14:00:45,366 - dataloader_debug - INFO - --- Valid Epoch 7 Summary ---
  Total samples: 1120
  High attention samples: 858
  Task distribution: [649, 165, 97, 209]
  Global Accuracy (All): 0.3652
  Global Accuracy (Att): 0.3147
----------------------------------------
2026-06-23 14:00:45,380 - dataloader_debug - INFO - --- Train Epoch 7 Summary ---
  Total samples: 3416
  High attention samples: 2482
  Batches w/o high attention: 0
  Task distribution: [1624, 616, 703, 473]
  Batches skipping tasks: [1, 96, 84, 125]
---------------------------------------
[epoch    8] train_loss=1.1432 val_loss=3.0758
2026-06-23 14:06:42,587 - dataloader_debug - INFO - --- Valid Epoch 8 Summary ---
  Total samples: 1120
  High attention samples: 858
  Task distribution: [649, 165, 97, 209]
  Global Accuracy (All): 0.5152
  Global Accuracy (Att): 0.5641
----------------------------------------
2026-06-23 14:06:42,603 - dataloader_debug - INFO - --- Train Epoch 8 Summary ---
  Total samples: 3416
  High attention samples: 2482
  Batches w/o high attention: 0
  Task distribution: [1624, 616, 703, 473]
  Batches skipping tasks: [4, 95, 62, 129]
---------------------------------------
[epoch    9] train_loss=2.0561 val_loss=3.6879
2026-06-23 14:12:35,071 - dataloader_debug - INFO - --- Valid Epoch 9 Summary ---
  Total samples: 1120
  High attention samples: 858
  Task distribution: [649, 165, 97, 209]
  Global Accuracy (All): 0.2357
  Global Accuracy (Att): 0.1795
----------------------------------------
2026-06-23 14:12:35,097 - dataloader_debug - INFO - --- Train Epoch 9 Summary ---
  Total samples: 3416
  High attention samples: 2482
  Batches w/o high attention: 0
  Task distribution: [1624, 616, 704, 472]
  Batches skipping tasks: [4, 96, 68, 121]
---------------------------------------
[epoch   10] train_loss=1.0044 val_loss=3.6473
2026-06-23 14:18:23,240 - dataloader_debug - INFO - --- Valid Epoch 10 Summary ---
  Total samples: 1120
  High attention samples: 858
  Task distribution: [649, 165, 97, 209]
  Global Accuracy (All): 0.1830
  Global Accuracy (Att): 0.1364
----------------------------------------
2026-06-23 14:18:23,255 - dataloader_debug - INFO - --- Train Epoch 10 Summary ---
  Total samples: 3416
  High attention samples: 2484
  Batches w/o high attention: 0
  Task distribution: [1626, 616, 702, 472]
  Batches skipping tasks: [2, 86, 67, 123]
---------------------------------------
[epoch   11] train_loss=1.7431 val_loss=3.4624
2026-06-23 14:24:11,259 - dataloader_debug - INFO - --- Valid Epoch 11 Summary ---
  Total samples: 1120
  High attention samples: 858
  Task distribution: [649, 165, 97, 209]
  Global Accuracy (All): 0.1920
  Global Accuracy (Att): 0.1480
----------------------------------------
Monitored metric Valid/loss did not improve in the last 10 records. Best score: 2.876. Signaling Trainer to stop.
2026-06-23 14:24:11,300 - dataloader_debug - INFO - --- Train Epoch 11 Summary ---
  Total samples: 3416
  High attention samples: 2484
  Batches w/o high attention: 0
  Task distribution: [1625, 616, 702, 473]
  Batches skipping tasks: [4, 87, 67, 123]
---------------------------------------
Trainer was signaled to stop but the required `min_epochs=50` or `min_steps=None` has not been met. Training will continue...
[epoch   12] train_loss=1.6805 val_loss=3.4338
2026-06-23 14:30:00,020 - dataloader_debug - INFO - --- Valid Epoch 12 Summary ---
  Total samples: 1120
  High attention samples: 858
  Task distribution: [649, 165, 97, 209]
  Global Accuracy (All): 0.3241
  Global Accuracy (Att): 0.3578
----------------------------------------
Monitored metric Valid/loss did not improve in the last 11 records. Best score: 2.876. Signaling Trainer to stop.
2026-06-23 14:30:00,032 - dataloader_debug - INFO - --- Train Epoch 12 Summary ---
  Total samples: 3416
  High attention samples: 2481
  Batches w/o high attention: 0
  Task distribution: [1626, 615, 703, 472]
  Batches skipping tasks: [4, 97, 73, 128]
---------------------------------------
[epoch   13] train_loss=1.0474 val_loss=3.1887
2026-06-23 14:35:48,936 - dataloader_debug - INFO - --- Valid Epoch 13 Summary ---
  Total samples: 1120
  High attention samples: 858
  Task distribution: [649, 165, 97, 209]
  Global Accuracy (All): 0.3518
  Global Accuracy (Att): 0.3240
----------------------------------------
Monitored metric Valid/loss did not improve in the last 12 records. Best score: 2.876. Signaling Trainer to stop.
2026-06-23 14:35:48,948 - dataloader_debug - INFO - --- Train Epoch 13 Summary ---
  Total samples: 3416
  High attention samples: 2482
  Batches w/o high attention: 0
  Task distribution: [1624, 616, 703, 473]
  Batches skipping tasks: [6, 93, 69, 126]
---------------------------------------
[epoch   14] train_loss=1.1085 val_loss=3.0035
2026-06-23 14:41:37,364 - dataloader_debug - INFO - --- Valid Epoch 14 Summary ---
  Total samples: 1120
  High attention samples: 858
  Task distribution: [649, 165, 97, 209]
  Global Accuracy (All): 0.4259
  Global Accuracy (Att): 0.4371
----------------------------------------
Monitored metric Valid/loss did not improve in the last 13 records. Best score: 2.876. Signaling Trainer to stop.
2026-06-23 14:41:37,375 - dataloader_debug - INFO - --- Train Epoch 14 Summary ---
  Total samples: 3416
  High attention samples: 2483
  Batches w/o high attention: 0
  Task distribution: [1627, 616, 702, 471]
  Batches skipping tasks: [5, 81, 71, 123]
---------------------------------------
bypassing sigterm
Traceback (most recent call last):
  File "/home/andrea.giampietro/.conda/envs/eeg_attention/lib/python3.9/site-packages/pytorch_lightning/trainer/call.py", line 38, in _call_and_handle_interrupt
    return trainer_fn(*args, **kwargs)
  File "/home/andrea.giampietro/.conda/envs/eeg_attention/lib/python3.9/site-packages/pytorch_lightning/trainer/trainer.py", line 650, in _fit_impl
    self._run(model, ckpt_path=self.ckpt_path)
  File "/home/andrea.giampietro/.conda/envs/eeg_attention/lib/python3.9/site-packages/pytorch_lightning/trainer/trainer.py", line 1112, in _run
    results = self._run_stage()
  File "/home/andrea.giampietro/.conda/envs/eeg_attention/lib/python3.9/site-packages/pytorch_lightning/trainer/trainer.py", line 1191, in _run_stage
    self._run_train()
  File "/home/andrea.giampietro/.conda/envs/eeg_attention/lib/python3.9/site-packages/pytorch_lightning/trainer/trainer.py", line 1214, in _run_train
    self.fit_loop.run()
  File "/home/andrea.giampietro/.conda/envs/eeg_attention/lib/python3.9/site-packages/pytorch_lightning/loops/loop.py", line 199, in run
    self.advance(*args, **kwargs)
  File "/home/andrea.giampietro/.conda/envs/eeg_attention/lib/python3.9/site-packages/pytorch_lightning/loops/fit_loop.py", line 267, in advance
    self._outputs = self.epoch_loop.run(self._data_fetcher)
  File "/home/andrea.giampietro/.conda/envs/eeg_attention/lib/python3.9/site-packages/pytorch_lightning/loops/loop.py", line 199, in run
    self.advance(*args, **kwargs)
  File "/home/andrea.giampietro/.conda/envs/eeg_attention/lib/python3.9/site-packages/pytorch_lightning/loops/epoch/training_epoch_loop.py", line 231, in advance
    self.trainer._logger_connector.on_batch_end()
  File "/home/andrea.giampietro/.conda/envs/eeg_attention/lib/python3.9/site-packages/pytorch_lightning/trainer/connectors/logger_connector/logger_connector.py", line 200, in on_batch_end
    metrics = self.metrics
  File "/home/andrea.giampietro/.conda/envs/eeg_attention/lib/python3.9/site-packages/pytorch_lightning/trainer/connectors/logger_connector/logger_connector.py", line 237, in metrics
    return self.trainer._results.metrics(on_step)
  File "/home/andrea.giampietro/.conda/envs/eeg_attention/lib/python3.9/site-packages/pytorch_lightning/trainer/connectors/logger_connector/result.py", line 616, in metrics
    metrics["pbar"][forked_name] = convert_tensors_to_scalars(value)
  File "/home/andrea.giampietro/.conda/envs/eeg_attention/lib/python3.9/site-packages/lightning_fabric/utilities/apply_func.py", line 126, in convert_tensors_to_scalars
    return apply_to_collection(data, Tensor, to_item)
  File "/home/andrea.giampietro/.conda/envs/eeg_attention/lib/python3.9/site-packages/lightning_utilities/core/apply_func.py", line 66, in apply_to_collection
    return function(data, *args, **kwargs)
  File "/home/andrea.giampietro/.conda/envs/eeg_attention/lib/python3.9/site-packages/lightning_fabric/utilities/apply_func.py", line 124, in to_item
    return value.item()
  File "/home/andrea.giampietro/.conda/envs/eeg_attention/lib/python3.9/site-packages/torch/utils/data/_utils/signal_handling.py", line 66, in handler
    _error_if_any_worker_fails()
RuntimeError: DataLoader worker (pid 3087930) is killed by signal: Terminated. 

During handling of the above exception, another exception occurred:

Traceback (most recent call last):
  File "/home/andrea.giampietro/EEG-Attention-decoding-with-CLAP/src/main.py", line 398, in <module>
    trainer.fit(module, train_dataloaders=train_loader, val_dataloaders=valid_loader)
  File "/home/andrea.giampietro/.conda/envs/eeg_attention/lib/python3.9/site-packages/pytorch_lightning/trainer/trainer.py", line 608, in fit
    call._call_and_handle_interrupt(
  File "/home/andrea.giampietro/.conda/envs/eeg_attention/lib/python3.9/site-packages/pytorch_lightning/trainer/call.py", line 63, in _call_and_handle_interrupt
    trainer._teardown()
  File "/home/andrea.giampietro/.conda/envs/eeg_attention/lib/python3.9/site-packages/pytorch_lightning/trainer/trainer.py", line 1175, in _teardown
    self.strategy.teardown()
  File "/home/andrea.giampietro/.conda/envs/eeg_attention/lib/python3.9/site-packages/pytorch_lightning/strategies/strategy.py", line 492, in teardown
    _optimizers_to_device(self.optimizers, torch.device("cpu"))
  File "/home/andrea.giampietro/.conda/envs/eeg_attention/lib/python3.9/site-packages/lightning_fabric/utilities/optimizer.py", line 28, in _optimizers_to_device
    _optimizer_to_device(opt, device)
  File "/home/andrea.giampietro/.conda/envs/eeg_attention/lib/python3.9/site-packages/lightning_fabric/utilities/optimizer.py", line 34, in _optimizer_to_device
    optimizer.state[p] = apply_to_collection(v, Tensor, move_data_to_device, device)
  File "/home/andrea.giampietro/.conda/envs/eeg_attention/lib/python3.9/site-packages/lightning_utilities/core/apply_func.py", line 72, in apply_to_collection
    return {k: function(v, *args, **kwargs) for k, v in data.items()}
  File "/home/andrea.giampietro/.conda/envs/eeg_attention/lib/python3.9/site-packages/lightning_utilities/core/apply_func.py", line 72, in <dictcomp>
    return {k: function(v, *args, **kwargs) for k, v in data.items()}
  File "/home/andrea.giampietro/.conda/envs/eeg_attention/lib/python3.9/site-packages/lightning_fabric/utilities/apply_func.py", line 101, in move_data_to_device
    return apply_to_collection(batch, dtype=_TransferableDataType, function=batch_to)
  File "/home/andrea.giampietro/.conda/envs/eeg_attention/lib/python3.9/site-packages/lightning_utilities/core/apply_func.py", line 66, in apply_to_collection
    return function(data, *args, **kwargs)
  File "/home/andrea.giampietro/.conda/envs/eeg_attention/lib/python3.9/site-packages/lightning_fabric/utilities/apply_func.py", line 95, in batch_to
    data_output = data.to(device, **kwargs)
  File "/home/andrea.giampietro/.conda/envs/eeg_attention/lib/python3.9/site-packages/torch/utils/data/_utils/signal_handling.py", line 66, in handler
    _error_if_any_worker_fails()
RuntimeError: DataLoader worker (pid 3087420) is killed by signal: Terminated. 
  TEST
/home/andrea.giampietro/.conda/envs/eeg_attention/lib/python3.9/site-packages/lightning_fabric/__init__.py:29: UserWarning: pkg_resources is deprecated as an API. See https://setuptools.pypa.io/en/latest/pkg_resources.html. The pkg_resources package is slated for removal as early as 2025-11-30. Refrain from using this package or pin to Setuptools<81.
  __import__("pkg_resources").declare_namespace(__name__)
[paths] host=edu02 host_profile_keys=[] cpu=128 cpu_effective=8
[paths] dataset_dir=../dataset
[paths] log_dir=../results
[paths] workers=7
[rank: 0] Global seed set to 42
no augmentation
[cv] mode=leave_song_out held_out_id=44
Size of train dataset: 3421
Size of valid dataset: 1122
Size of test dataset: 104
[audio] SampleCNN2DEEG (4 independent encoders, Akama baseline)
EEG Contrastive learning
use CLIP_loss as criterion
[paths] tty=False (progress bar off)
GPU available: True (cuda), used: True
TPU available: False, using: 0 TPU cores
IPU available: False, using: 0 IPUs
HPU available: False, using: 0 HPUs
Auto-discovered checkpoint: ../results/ct_raw_lso_song44/nmed-CL-preprocessing_eegmusic/version_0/checkpoints/best-checkpoint.ckpt
[[[ START ]]] 2026-06-23 14:44:25.036211
[load] checkpoint state_dict matched the model exactly
You are using a CUDA device ('NVIDIA L40S') that has Tensor Cores. To properly utilize them, you should set `torch.set_float32_matmul_precision('medium' | 'high')` which will trade-off precision for performance. For more details, read https://pytorch.org/docs/stable/generated/torch.set_float32_matmul_precision.html#torch.set_float32_matmul_precision
LOCAL_RANK: 0 - CUDA_VISIBLE_DEVICES: [0]
all_lists is empty
all_lists is empty
all_lists is empty
all_lists is empty
all_lists is empty
all_lists is empty
all_lists is empty
all_lists is empty
all_lists is empty

========== TEST RESULTS ==========
Global Accuracy (All data):        0.0000
Global Accuracy (High attention):  0.0000
Per-task acc (All):    [nan, nan, 0.0, nan]
Per-task acc (Att):    [nan, nan, 0.0, nan]
Pairwise matrix 4x4 (All):
tensor([[   nan,    nan,    nan,    nan],
        [   nan,    nan,    nan,    nan],
        [0.0000, 0.1827,    nan, 0.3077],
        [   nan,    nan,    nan,    nan]])
Pairwise matrix 4x4 (Att):
tensor([[   nan,    nan,    nan,    nan],
        [   nan,    nan,    nan,    nan],
        [0.0000, 0.2308,    nan, 0.3077],
        [   nan,    nan,    nan,    nan]])
==================================
== Test breakdown (shuffle_test_mode=none) ==
n_windows total: 104
n_windows high-attention: 13
global accuracy (records, all): 0.0000
global accuracy (records, attn): 0.0000
global margin mean (all): -1.7660
global margin mean (attn): -1.7123
Figures saved to: ../results/ct_raw_lso_song44/nmed-CL-preprocessing_eegmusic/version_1
[[[ FINISH ]]] 2026-06-23 14:44:33.170964

===== [14:44] ct_raw_lso_song8  (contrastive|raw|8)  elapsed 272m =====
  TRAIN
/home/andrea.giampietro/.conda/envs/eeg_attention/lib/python3.9/site-packages/lightning_fabric/__init__.py:29: UserWarning: pkg_resources is deprecated as an API. See https://setuptools.pypa.io/en/latest/pkg_resources.html. The pkg_resources package is slated for removal as early as 2025-11-30. Refrain from using this package or pin to Setuptools<81.
  __import__("pkg_resources").declare_namespace(__name__)
[paths] host=edu02 host_profile_keys=[] cpu=128 cpu_effective=8
[paths] dataset_dir=../dataset
[paths] log_dir=../results
[paths] workers=7
[rank: 0] Global seed set to 42
no augmentation
[cv] mode=leave_song_out held_out_id=8
Size of train dataset: 3410
Size of valid dataset: 1100
Size of test dataset: 104
[audio] SampleCNN2DEEG (4 independent encoders, Akama baseline)
EEG Contrastive learning
use CLIP_loss as criterion
[paths] tty=False (progress bar off, epoch summaries instead)
GPU available: True (cuda), used: True
TPU available: False, using: 0 TPU cores
IPU available: False, using: 0 IPUs
HPU available: False, using: 0 HPUs
[[[ START ]]] 2026-06-23 14:45:02.588236
You are using a CUDA device ('NVIDIA L40S') that has Tensor Cores. To properly utilize them, you should set `torch.set_float32_matmul_precision('medium' | 'high')` which will trade-off precision for performance. For more details, read https://pytorch.org/docs/stable/generated/torch.set_float32_matmul_precision.html#torch.set_float32_matmul_precision
Missing logger folder: ../results/ct_raw_lso_song8/nmed-CL-preprocessing_eegmusic
LOCAL_RANK: 0 - CUDA_VISIBLE_DEVICES: [0]

  | Name           | Type           | Params
--------------------------------------------------
0 | encoder_raw_e  | SampleCNN2DEEG | 116 K 
1 | encoder_vocal  | SampleCNN2DEEG | 116 K 
2 | encoder_drum   | SampleCNN2DEEG | 116 K 
3 | encoder_bass   | SampleCNN2DEEG | 116 K 
4 | encoder_others | SampleCNN2DEEG | 116 K 
5 | criterion      | CLIP_Loss      | 0     
--------------------------------------------------
580 K     Trainable params
0         Non-trainable params
580 K     Total params
2.322     Total estimated model params size (MB)
SLURM auto-requeueing enabled. Setting signal handlers.
[epoch    0] train_loss=n/a val_loss=3.6562
2026-06-23 14:45:04,679 - dataloader_debug - INFO - --- Valid Epoch 0 Summary ---
  Total samples: 16
  High attention samples: 16
  Task distribution: [16, 0, 0, 0]
  Global Accuracy (All): 0.0000
  Global Accuracy (Att): 0.0000
----------------------------------------
[epoch    0] train_loss=2.7036 val_loss=2.9648
2026-06-23 14:50:51,591 - dataloader_debug - INFO - --- Valid Epoch 0 Summary ---
  Total samples: 1096
  High attention samples: 814
  Task distribution: [649, 165, 117, 165]
  Global Accuracy (All): 0.5109
  Global Accuracy (Att): 0.6007
----------------------------------------
Metric Valid/loss improved. New best score: 2.965
2026-06-23 14:50:51,930 - dataloader_debug - INFO - --- Train Epoch 0 Summary ---
  Total samples: 3408
  High attention samples: 2463
  Batches w/o high attention: 0
  Task distribution: [1627, 616, 737, 428]
  Batches skipping tasks: [4, 92, 57, 142]
---------------------------------------
[epoch    1] train_loss=1.4967 val_loss=3.1042
2026-06-23 14:56:38,809 - dataloader_debug - INFO - --- Valid Epoch 1 Summary ---
  Total samples: 1096
  High attention samples: 814
  Task distribution: [649, 165, 117, 165]
  Global Accuracy (All): 0.3859
  Global Accuracy (Att): 0.3771
----------------------------------------
2026-06-23 14:56:38,829 - dataloader_debug - INFO - --- Train Epoch 1 Summary ---
  Total samples: 3408
  High attention samples: 2462
  Batches w/o high attention: 0
  Task distribution: [1626, 616, 737, 429]
  Batches skipping tasks: [2, 95, 55, 143]
---------------------------------------
[epoch    2] train_loss=1.3927 val_loss=2.8023
2026-06-23 15:02:28,721 - dataloader_debug - INFO - --- Valid Epoch 2 Summary ---
  Total samples: 1096
  High attention samples: 814
  Task distribution: [649, 165, 117, 165]
  Global Accuracy (All): 0.6104
  Global Accuracy (Att): 0.7088
----------------------------------------
Metric Valid/loss improved by 0.162 >= min_delta = 0.0. New best score: 2.802
2026-06-23 15:02:28,820 - dataloader_debug - INFO - --- Train Epoch 2 Summary ---
  Total samples: 3408
  High attention samples: 2462
  Batches w/o high attention: 0
  Task distribution: [1628, 615, 737, 428]
  Batches skipping tasks: [2, 85, 55, 151]
---------------------------------------
[epoch    3] train_loss=1.3933 val_loss=2.8488
2026-06-23 15:08:24,127 - dataloader_debug - INFO - --- Valid Epoch 3 Summary ---
  Total samples: 1096
  High attention samples: 814
  Task distribution: [649, 165, 117, 165]
  Global Accuracy (All): 0.5146
  Global Accuracy (Att): 0.5762
----------------------------------------
2026-06-23 15:08:24,142 - dataloader_debug - INFO - --- Train Epoch 3 Summary ---
  Total samples: 3408
  High attention samples: 2463
  Batches w/o high attention: 0
  Task distribution: [1627, 616, 736, 429]
  Batches skipping tasks: [1, 73, 58, 147]
---------------------------------------
[epoch    4] train_loss=1.4293 val_loss=3.0457
2026-06-23 15:14:20,386 - dataloader_debug - INFO - --- Valid Epoch 4 Summary ---
  Total samples: 1096
  High attention samples: 814
  Task distribution: [649, 165, 117, 165]
  Global Accuracy (All): 0.4580
  Global Accuracy (Att): 0.4877
----------------------------------------
2026-06-23 15:14:20,399 - dataloader_debug - INFO - --- Train Epoch 4 Summary ---
  Total samples: 3408
  High attention samples: 2462
  Batches w/o high attention: 0
  Task distribution: [1626, 616, 737, 429]
  Batches skipping tasks: [0, 82, 58, 144]
---------------------------------------
[epoch    5] train_loss=1.5549 val_loss=2.9802
2026-06-23 15:20:13,313 - dataloader_debug - INFO - --- Valid Epoch 5 Summary ---
  Total samples: 1096
  High attention samples: 814
  Task distribution: [649, 165, 117, 165]
  Global Accuracy (All): 0.4772
  Global Accuracy (Att): 0.4484
----------------------------------------
2026-06-23 15:20:13,380 - dataloader_debug - INFO - --- Train Epoch 5 Summary ---
  Total samples: 3408
  High attention samples: 2463
  Batches w/o high attention: 0
  Task distribution: [1626, 616, 737, 429]
  Batches skipping tasks: [1, 85, 64, 139]
---------------------------------------
[epoch    6] train_loss=1.4419 val_loss=3.1203
2026-06-23 15:26:01,725 - dataloader_debug - INFO - --- Valid Epoch 6 Summary ---
  Total samples: 1096
  High attention samples: 814
  Task distribution: [649, 165, 117, 165]
  Global Accuracy (All): 0.4361
  Global Accuracy (Att): 0.3575
----------------------------------------
2026-06-23 15:26:01,784 - dataloader_debug - INFO - --- Train Epoch 6 Summary ---
  Total samples: 3408
  High attention samples: 2462
  Batches w/o high attention: 0
  Task distribution: [1627, 615, 737, 429]
  Batches skipping tasks: [5, 73, 49, 135]
---------------------------------------
[epoch    7] train_loss=1.7802 val_loss=2.7696
2026-06-23 15:31:48,315 - dataloader_debug - INFO - --- Valid Epoch 7 Summary ---
  Total samples: 1096
  High attention samples: 814
  Task distribution: [649, 165, 117, 165]
  Global Accuracy (All): 0.5812
  Global Accuracy (Att): 0.6622
----------------------------------------
Metric Valid/loss improved by 0.033 >= min_delta = 0.0. New best score: 2.770
2026-06-23 15:31:48,402 - dataloader_debug - INFO - --- Train Epoch 7 Summary ---
  Total samples: 3408
  High attention samples: 2463
  Batches w/o high attention: 0
  Task distribution: [1627, 616, 736, 429]
  Batches skipping tasks: [4, 94, 57, 150]
---------------------------------------
[epoch    8] train_loss=1.4025 val_loss=2.7143
2026-06-23 15:37:35,301 - dataloader_debug - INFO - --- Valid Epoch 8 Summary ---
  Total samples: 1096
  High attention samples: 814
  Task distribution: [649, 165, 117, 165]
  Global Accuracy (All): 0.5730
  Global Accuracy (Att): 0.6536
----------------------------------------
Metric Valid/loss improved by 0.055 >= min_delta = 0.0. New best score: 2.714
2026-06-23 15:37:35,377 - dataloader_debug - INFO - --- Train Epoch 8 Summary ---
  Total samples: 3408
  High attention samples: 2462
  Batches w/o high attention: 0
  Task distribution: [1628, 616, 736, 428]
  Batches skipping tasks: [1, 90, 64, 148]
---------------------------------------
[epoch    9] train_loss=2.4132 val_loss=2.7523
2026-06-23 15:43:22,446 - dataloader_debug - INFO - --- Valid Epoch 9 Summary ---
  Total samples: 1096
  High attention samples: 814
  Task distribution: [649, 165, 117, 165]
  Global Accuracy (All): 0.6022
  Global Accuracy (Att): 0.6167
----------------------------------------
2026-06-23 15:43:22,460 - dataloader_debug - INFO - --- Train Epoch 9 Summary ---
  Total samples: 3408
  High attention samples: 2462
  Batches w/o high attention: 0
  Task distribution: [1627, 616, 737, 428]
  Batches skipping tasks: [4, 84, 64, 142]
---------------------------------------
[epoch   10] train_loss=1.2116 val_loss=2.9499
2026-06-23 15:49:09,150 - dataloader_debug - INFO - --- Valid Epoch 10 Summary ---
  Total samples: 1096
  High attention samples: 814
  Task distribution: [649, 165, 117, 165]
  Global Accuracy (All): 0.5484
  Global Accuracy (Att): 0.6413
----------------------------------------
2026-06-23 15:49:09,166 - dataloader_debug - INFO - --- Train Epoch 10 Summary ---
  Total samples: 3408
  High attention samples: 2462
  Batches w/o high attention: 0
  Task distribution: [1627, 616, 736, 429]
  Batches skipping tasks: [3, 90, 64, 148]
---------------------------------------
[epoch   11] train_loss=1.1937 val_loss=3.0100
2026-06-23 15:54:55,541 - dataloader_debug - INFO - --- Valid Epoch 11 Summary ---
  Total samples: 1096
  High attention samples: 814
  Task distribution: [649, 165, 117, 165]
  Global Accuracy (All): 0.5839
  Global Accuracy (Att): 0.6216
----------------------------------------
2026-06-23 15:54:55,551 - dataloader_debug - INFO - --- Train Epoch 11 Summary ---
  Total samples: 3408
  High attention samples: 2463
  Batches w/o high attention: 0
  Task distribution: [1627, 616, 736, 429]
  Batches skipping tasks: [3, 85, 62, 135]
---------------------------------------
[epoch   12] train_loss=0.6648 val_loss=2.8458
2026-06-23 16:00:42,581 - dataloader_debug - INFO - --- Valid Epoch 12 Summary ---
  Total samples: 1096
  High attention samples: 814
  Task distribution: [649, 165, 117, 165]
  Global Accuracy (All): 0.5867
  Global Accuracy (Att): 0.6990
----------------------------------------
2026-06-23 16:00:42,603 - dataloader_debug - INFO - --- Train Epoch 12 Summary ---
  Total samples: 3408
  High attention samples: 2464
  Batches w/o high attention: 0
  Task distribution: [1626, 616, 737, 429]
  Batches skipping tasks: [3, 83, 56, 144]
---------------------------------------
[epoch   13] train_loss=1.0636 val_loss=2.7225
2026-06-23 16:06:28,904 - dataloader_debug - INFO - --- Valid Epoch 13 Summary ---
  Total samples: 1096
  High attention samples: 814
  Task distribution: [649, 165, 117, 165]
  Global Accuracy (All): 0.6414
  Global Accuracy (Att): 0.6683
----------------------------------------
2026-06-23 16:06:28,919 - dataloader_debug - INFO - --- Train Epoch 13 Summary ---
  Total samples: 3408
  High attention samples: 2462
  Batches w/o high attention: 0
  Task distribution: [1626, 616, 737, 429]
  Batches skipping tasks: [2, 82, 67, 150]
---------------------------------------
[epoch   14] train_loss=1.7426 val_loss=2.6919
2026-06-23 16:12:12,991 - dataloader_debug - INFO - --- Valid Epoch 14 Summary ---
  Total samples: 1096
  High attention samples: 814
  Task distribution: [649, 165, 117, 165]
  Global Accuracy (All): 0.6113
  Global Accuracy (Att): 0.6830
----------------------------------------
Metric Valid/loss improved by 0.022 >= min_delta = 0.0. New best score: 2.692
2026-06-23 16:12:13,135 - dataloader_debug - INFO - --- Train Epoch 14 Summary ---
  Total samples: 3408
  High attention samples: 2462
  Batches w/o high attention: 0
  Task distribution: [1627, 616, 736, 429]
  Batches skipping tasks: [3, 83, 66, 151]
---------------------------------------
bypassing sigterm
Traceback (most recent call last):
  File "/home/andrea.giampietro/EEG-Attention-decoding-with-CLAP/src/main.py", line 398, in <module>
    trainer.fit(module, train_dataloaders=train_loader, val_dataloaders=valid_loader)
  File "/home/andrea.giampietro/.conda/envs/eeg_attention/lib/python3.9/site-packages/pytorch_lightning/trainer/trainer.py", line 608, in fit
    call._call_and_handle_interrupt(
  File "/home/andrea.giampietro/.conda/envs/eeg_attention/lib/python3.9/site-packages/pytorch_lightning/trainer/call.py", line 38, in _call_and_handle_interrupt
    return trainer_fn(*args, **kwargs)
  File "/home/andrea.giampietro/.conda/envs/eeg_attention/lib/python3.9/site-packages/pytorch_lightning/trainer/trainer.py", line 650, in _fit_impl
    self._run(model, ckpt_path=self.ckpt_path)
  File "/home/andrea.giampietro/.conda/envs/eeg_attention/lib/python3.9/site-packages/pytorch_lightning/trainer/trainer.py", line 1112, in _run
    results = self._run_stage()
  File "/home/andrea.giampietro/.conda/envs/eeg_attention/lib/python3.9/site-packages/pytorch_lightning/trainer/trainer.py", line 1191, in _run_stage
    self._run_train()
  File "/home/andrea.giampietro/.conda/envs/eeg_attention/lib/python3.9/site-packages/pytorch_lightning/trainer/trainer.py", line 1214, in _run_train
    self.fit_loop.run()
  File "/home/andrea.giampietro/.conda/envs/eeg_attention/lib/python3.9/site-packages/pytorch_lightning/loops/loop.py", line 199, in run
    self.advance(*args, **kwargs)
  File "/home/andrea.giampietro/.conda/envs/eeg_attention/lib/python3.9/site-packages/pytorch_lightning/loops/fit_loop.py", line 267, in advance
    self._outputs = self.epoch_loop.run(self._data_fetcher)
  File "/home/andrea.giampietro/.conda/envs/eeg_attention/lib/python3.9/site-packages/pytorch_lightning/loops/loop.py", line 199, in run
    self.advance(*args, **kwargs)
  File "/home/andrea.giampietro/.conda/envs/eeg_attention/lib/python3.9/site-packages/pytorch_lightning/loops/epoch/training_epoch_loop.py", line 213, in advance
    batch_output = self.batch_loop.run(kwargs)
  File "/home/andrea.giampietro/.conda/envs/eeg_attention/lib/python3.9/site-packages/pytorch_lightning/loops/loop.py", line 199, in run
    self.advance(*args, **kwargs)
  File "/home/andrea.giampietro/.conda/envs/eeg_attention/lib/python3.9/site-packages/pytorch_lightning/loops/batch/training_batch_loop.py", line 88, in advance
    outputs = self.optimizer_loop.run(optimizers, kwargs)
  File "/home/andrea.giampietro/.conda/envs/eeg_attention/lib/python3.9/site-packages/pytorch_lightning/loops/loop.py", line 199, in run
    self.advance(*args, **kwargs)
  File "/home/andrea.giampietro/.conda/envs/eeg_attention/lib/python3.9/site-packages/pytorch_lightning/loops/optimization/optimizer_loop.py", line 202, in advance
    result = self._run_optimization(kwargs, self._optimizers[self.optim_progress.optimizer_position])
  File "/home/andrea.giampietro/.conda/envs/eeg_attention/lib/python3.9/site-packages/pytorch_lightning/loops/optimization/optimizer_loop.py", line 241, in _run_optimization
    closure()
  File "/home/andrea.giampietro/.conda/envs/eeg_attention/lib/python3.9/site-packages/pytorch_lightning/loops/optimization/optimizer_loop.py", line 149, in __call__
    self._result = self.closure(*args, **kwargs)
  File "/home/andrea.giampietro/.conda/envs/eeg_attention/lib/python3.9/site-packages/pytorch_lightning/loops/optimization/optimizer_loop.py", line 135, in closure
    step_output = self._step_fn()
  File "/home/andrea.giampietro/.conda/envs/eeg_attention/lib/python3.9/site-packages/pytorch_lightning/loops/optimization/optimizer_loop.py", line 419, in _training_step
    training_step_output = self.trainer._call_strategy_hook("training_step", *kwargs.values())
  File "/home/andrea.giampietro/.conda/envs/eeg_attention/lib/python3.9/site-packages/pytorch_lightning/trainer/trainer.py", line 1494, in _call_strategy_hook
    output = fn(*args, **kwargs)
  File "/home/andrea.giampietro/.conda/envs/eeg_attention/lib/python3.9/site-packages/pytorch_lightning/strategies/strategy.py", line 378, in training_step
    return self.model.training_step(*args, **kwargs)
  File "/home/andrea.giampietro/EEG-Attention-decoding-with-CLAP/src/modules/contrastive_learning.py", line 101, in training_step
    similarity_dict = self.criterion(
  File "/home/andrea.giampietro/.conda/envs/eeg_attention/lib/python3.9/site-packages/torch/nn/modules/module.py", line 1511, in _wrapped_call_impl
    return self._call_impl(*args, **kwargs)
  File "/home/andrea.giampietro/.conda/envs/eeg_attention/lib/python3.9/site-packages/torch/nn/modules/module.py", line 1520, in _call_impl
    return forward_call(*args, **kwargs)
  File "/home/andrea.giampietro/EEG-Attention-decoding-with-CLAP/src/modules/clip_loss.py", line 40, in forward
    losses, positive_list, negative_av,matrix_list= self.compute_task_loss(
  File "/home/andrea.giampietro/EEG-Attention-decoding-with-CLAP/src/modules/clip_loss.py", line 114, in compute_task_loss
    if task_mask0.sum() > 0:
  File "/home/andrea.giampietro/.conda/envs/eeg_attention/lib/python3.9/site-packages/torch/utils/data/_utils/signal_handling.py", line 66, in handler
    _error_if_any_worker_fails()
RuntimeError: DataLoader worker (pid 3172693) is killed by signal: Terminated. 
  TEST
/home/andrea.giampietro/.conda/envs/eeg_attention/lib/python3.9/site-packages/lightning_fabric/__init__.py:29: UserWarning: pkg_resources is deprecated as an API. See https://setuptools.pypa.io/en/latest/pkg_resources.html. The pkg_resources package is slated for removal as early as 2025-11-30. Refrain from using this package or pin to Setuptools<81.
  __import__("pkg_resources").declare_namespace(__name__)
[paths] host=edu02 host_profile_keys=[] cpu=128 cpu_effective=8
[paths] dataset_dir=../dataset
[paths] log_dir=../results
[paths] workers=7
[rank: 0] Global seed set to 42
no augmentation
[cv] mode=leave_song_out held_out_id=8
Size of train dataset: 3410
Size of valid dataset: 1100
Size of test dataset: 104
[audio] SampleCNN2DEEG (4 independent encoders, Akama baseline)
EEG Contrastive learning
use CLIP_loss as criterion
[paths] tty=False (progress bar off)
GPU available: True (cuda), used: True
TPU available: False, using: 0 TPU cores
IPU available: False, using: 0 IPUs
HPU available: False, using: 0 HPUs
Auto-discovered checkpoint: ../results/ct_raw_lso_song8/nmed-CL-preprocessing_eegmusic/version_0/checkpoints/best-checkpoint.ckpt
[[[ START ]]] 2026-06-23 16:15:10.915837
[load] checkpoint state_dict matched the model exactly
You are using a CUDA device ('NVIDIA L40S') that has Tensor Cores. To properly utilize them, you should set `torch.set_float32_matmul_precision('medium' | 'high')` which will trade-off precision for performance. For more details, read https://pytorch.org/docs/stable/generated/torch.set_float32_matmul_precision.html#torch.set_float32_matmul_precision
LOCAL_RANK: 0 - CUDA_VISIBLE_DEVICES: [0]

========== TEST RESULTS ==========
Global Accuracy (All data):        0.0000
Global Accuracy (High attention):  0.0000
Per-task acc (All):    [nan, nan, nan, 0.0]
Per-task acc (Att):    [nan, nan, nan, 0.0]
Pairwise matrix 4x4 (All):
tensor([[   nan,    nan,    nan,    nan],
        [   nan,    nan,    nan,    nan],
        [   nan,    nan,    nan,    nan],
        [0.1250, 0.0096, 0.2115,    nan]])
Pairwise matrix 4x4 (Att):
tensor([[   nan,    nan,    nan,    nan],
        [   nan,    nan,    nan,    nan],
        [   nan,    nan,    nan,    nan],
        [0.1099, 0.0110, 0.2088,    nan]])
==================================
== Test breakdown (shuffle_test_mode=none) ==
n_windows total: 104
n_windows high-attention: 91
global accuracy (records, all): 0.0000
global accuracy (records, attn): 0.0000
global margin mean (all): -1.1517
global margin mean (attn): -1.1566
Figures saved to: ../results/ct_raw_lso_song8/nmed-CL-preprocessing_eegmusic/version_1
[[[ FINISH ]]] 2026-06-23 16:15:21.946081

===== [16:15] ct_raw_lso_song3  (contrastive|raw|3)  elapsed 363m =====
  TRAIN
/home/andrea.giampietro/.conda/envs/eeg_attention/lib/python3.9/site-packages/lightning_fabric/__init__.py:29: UserWarning: pkg_resources is deprecated as an API. See https://setuptools.pypa.io/en/latest/pkg_resources.html. The pkg_resources package is slated for removal as early as 2025-11-30. Refrain from using this package or pin to Setuptools<81.
  __import__("pkg_resources").declare_namespace(__name__)
[paths] host=edu02 host_profile_keys=[] cpu=128 cpu_effective=8
[paths] dataset_dir=../dataset
[paths] log_dir=../results
[paths] workers=7
[rank: 0] Global seed set to 42
no augmentation
[cv] mode=leave_song_out held_out_id=3
Size of train dataset: 3410
Size of valid dataset: 1133
Size of test dataset: 104
[audio] SampleCNN2DEEG (4 independent encoders, Akama baseline)
EEG Contrastive learning
use CLIP_loss as criterion
[paths] tty=False (progress bar off, epoch summaries instead)
GPU available: True (cuda), used: True
TPU available: False, using: 0 TPU cores
IPU available: False, using: 0 IPUs
HPU available: False, using: 0 HPUs
[[[ START ]]] 2026-06-23 16:15:52.839892
You are using a CUDA device ('NVIDIA L40S') that has Tensor Cores. To properly utilize them, you should set `torch.set_float32_matmul_precision('medium' | 'high')` which will trade-off precision for performance. For more details, read https://pytorch.org/docs/stable/generated/torch.set_float32_matmul_precision.html#torch.set_float32_matmul_precision
Missing logger folder: ../results/ct_raw_lso_song3/nmed-CL-preprocessing_eegmusic
LOCAL_RANK: 0 - CUDA_VISIBLE_DEVICES: [0]

  | Name           | Type           | Params
--------------------------------------------------
0 | encoder_raw_e  | SampleCNN2DEEG | 116 K 
1 | encoder_vocal  | SampleCNN2DEEG | 116 K 
2 | encoder_drum   | SampleCNN2DEEG | 116 K 
3 | encoder_bass   | SampleCNN2DEEG | 116 K 
4 | encoder_others | SampleCNN2DEEG | 116 K 
5 | criterion      | CLIP_Loss      | 0     
--------------------------------------------------
580 K     Trainable params
0         Non-trainable params
580 K     Total params
2.322     Total estimated model params size (MB)
SLURM auto-requeueing enabled. Setting signal handlers.
[epoch    0] train_loss=n/a val_loss=3.6562
2026-06-23 16:15:55,662 - dataloader_debug - INFO - --- Valid Epoch 0 Summary ---
  Total samples: 16
  High attention samples: 16
  Task distribution: [16, 0, 0, 0]
  Global Accuracy (All): 0.0000
  Global Accuracy (Att): 0.0000
----------------------------------------
[epoch    0] train_loss=1.5082 val_loss=2.8629
2026-06-23 16:21:53,369 - dataloader_debug - INFO - --- Valid Epoch 0 Summary ---
  Total samples: 1128
  High attention samples: 847
  Task distribution: [638, 165, 116, 209]
  Global Accuracy (All): 0.5629
  Global Accuracy (Att): 0.6647
----------------------------------------
Metric Valid/loss improved. New best score: 2.863
2026-06-23 16:21:53,732 - dataloader_debug - INFO - --- Train Epoch 0 Summary ---
  Total samples: 3408
  High attention samples: 2452
  Batches w/o high attention: 0
  Task distribution: [1583, 616, 737, 472]
  Batches skipping tasks: [2, 77, 59, 130]
---------------------------------------
[epoch    1] train_loss=1.5197 val_loss=2.7939
2026-06-23 16:27:50,120 - dataloader_debug - INFO - --- Valid Epoch 1 Summary ---
  Total samples: 1128
  High attention samples: 847
  Task distribution: [638, 165, 116, 209]
  Global Accuracy (All): 0.5523
  Global Accuracy (Att): 0.6163
----------------------------------------
Metric Valid/loss improved by 0.069 >= min_delta = 0.0. New best score: 2.794
2026-06-23 16:27:50,192 - dataloader_debug - INFO - --- Train Epoch 1 Summary ---
  Total samples: 3408
  High attention samples: 2452
  Batches w/o high attention: 0
  Task distribution: [1583, 616, 736, 473]
  Batches skipping tasks: [2, 88, 50, 134]
---------------------------------------
[epoch    2] train_loss=1.4613 val_loss=3.0242
2026-06-23 16:33:43,409 - dataloader_debug - INFO - --- Valid Epoch 2 Summary ---
  Total samples: 1128
  High attention samples: 847
  Task distribution: [638, 165, 116, 209]
  Global Accuracy (All): 0.3936
  Global Accuracy (Att): 0.3601
----------------------------------------
2026-06-23 16:33:43,428 - dataloader_debug - INFO - --- Train Epoch 2 Summary ---
  Total samples: 3408
  High attention samples: 2451
  Batches w/o high attention: 0
  Task distribution: [1583, 616, 737, 472]
  Batches skipping tasks: [2, 86, 58, 130]
---------------------------------------
[epoch    3] train_loss=1.8435 val_loss=3.0663
2026-06-23 16:39:31,108 - dataloader_debug - INFO - --- Valid Epoch 3 Summary ---
  Total samples: 1128
  High attention samples: 847
  Task distribution: [638, 165, 116, 209]
  Global Accuracy (All): 0.4672
  Global Accuracy (Att): 0.5360
----------------------------------------
2026-06-23 16:39:31,138 - dataloader_debug - INFO - --- Train Epoch 3 Summary ---
  Total samples: 3408
  High attention samples: 2452
  Batches w/o high attention: 0
  Task distribution: [1584, 615, 736, 473]
  Batches skipping tasks: [1, 85, 70, 120]
---------------------------------------
[epoch    4] train_loss=1.2568 val_loss=3.1363
2026-06-23 16:45:18,412 - dataloader_debug - INFO - --- Valid Epoch 4 Summary ---
  Total samples: 1128
  High attention samples: 847
  Task distribution: [638, 165, 116, 209]
  Global Accuracy (All): 0.4264
  Global Accuracy (Att): 0.3896
----------------------------------------
2026-06-23 16:45:18,424 - dataloader_debug - INFO - --- Train Epoch 4 Summary ---
  Total samples: 3408
  High attention samples: 2451
  Batches w/o high attention: 0
  Task distribution: [1582, 616, 737, 473]
  Batches skipping tasks: [3, 83, 65, 127]
---------------------------------------
[epoch    5] train_loss=1.1981 val_loss=2.9739
2026-06-23 16:51:06,042 - dataloader_debug - INFO - --- Valid Epoch 5 Summary ---
  Total samples: 1128
  High attention samples: 847
  Task distribution: [638, 165, 116, 209]
  Global Accuracy (All): 0.4787
  Global Accuracy (Att): 0.4793
----------------------------------------
2026-06-23 16:51:06,061 - dataloader_debug - INFO - --- Train Epoch 5 Summary ---
  Total samples: 3408
  High attention samples: 2452
  Batches w/o high attention: 0
  Task distribution: [1582, 616, 737, 473]
  Batches skipping tasks: [3, 92, 60, 124]
---------------------------------------
[epoch    6] train_loss=1.7318 val_loss=3.4333
2026-06-23 16:56:54,057 - dataloader_debug - INFO - --- Valid Epoch 6 Summary ---
  Total samples: 1128
  High attention samples: 847
  Task distribution: [638, 165, 116, 209]
  Global Accuracy (All): 0.3316
  Global Accuracy (Att): 0.2338
----------------------------------------
2026-06-23 16:56:54,070 - dataloader_debug - INFO - --- Train Epoch 6 Summary ---
  Total samples: 3408
  High attention samples: 2452
  Batches w/o high attention: 0
  Task distribution: [1584, 615, 737, 472]
  Batches skipping tasks: [6, 80, 43, 136]
---------------------------------------
[epoch    7] train_loss=1.5482 val_loss=2.9313
2026-06-23 17:02:42,117 - dataloader_debug - INFO - --- Valid Epoch 7 Summary ---
  Total samples: 1128
  High attention samples: 847
  Task distribution: [638, 165, 116, 209]
  Global Accuracy (All): 0.5629
  Global Accuracy (Att): 0.6222
----------------------------------------
2026-06-23 17:02:42,134 - dataloader_debug - INFO - --- Train Epoch 7 Summary ---
  Total samples: 3408
  High attention samples: 2452
  Batches w/o high attention: 0
  Task distribution: [1584, 615, 736, 473]
  Batches skipping tasks: [2, 88, 49, 137]
---------------------------------------
[epoch    8] train_loss=1.3736 val_loss=3.1120
2026-06-23 17:08:30,233 - dataloader_debug - INFO - --- Valid Epoch 8 Summary ---
  Total samples: 1128
  High attention samples: 847
  Task distribution: [638, 165, 116, 209]
  Global Accuracy (All): 0.4371
  Global Accuracy (Att): 0.3518
----------------------------------------
2026-06-23 17:08:30,250 - dataloader_debug - INFO - --- Train Epoch 8 Summary ---
  Total samples: 3408
  High attention samples: 2452
  Batches w/o high attention: 0
  Task distribution: [1584, 616, 735, 473]
  Batches skipping tasks: [1, 80, 66, 129]
---------------------------------------
[epoch    9] train_loss=0.9592 val_loss=2.9399
2026-06-23 17:14:17,619 - dataloader_debug - INFO - --- Valid Epoch 9 Summary ---
  Total samples: 1128
  High attention samples: 847
  Task distribution: [638, 165, 116, 209]
  Global Accuracy (All): 0.5754
  Global Accuracy (Att): 0.6399
----------------------------------------
2026-06-23 17:14:17,637 - dataloader_debug - INFO - --- Train Epoch 9 Summary ---
  Total samples: 3408
  High attention samples: 2451
  Batches w/o high attention: 0
  Task distribution: [1583, 616, 737, 472]
  Batches skipping tasks: [2, 83, 71, 130]
---------------------------------------
[epoch   10] train_loss=1.1853 val_loss=3.3175
2026-06-23 17:20:05,862 - dataloader_debug - INFO - --- Valid Epoch 10 Summary ---
  Total samples: 1128
  High attention samples: 847
  Task distribution: [638, 165, 116, 209]
  Global Accuracy (All): 0.3741
  Global Accuracy (Att): 0.3802
----------------------------------------
2026-06-23 17:20:05,879 - dataloader_debug - INFO - --- Train Epoch 10 Summary ---
  Total samples: 3408
  High attention samples: 2451
  Batches w/o high attention: 0
  Task distribution: [1583, 616, 737, 472]
  Batches skipping tasks: [5, 90, 61, 134]
---------------------------------------
[epoch   11] train_loss=1.2634 val_loss=2.9561
2026-06-23 17:25:51,020 - dataloader_debug - INFO - --- Valid Epoch 11 Summary ---
  Total samples: 1128
  High attention samples: 847
  Task distribution: [638, 165, 116, 209]
  Global Accuracy (All): 0.5505
  Global Accuracy (Att): 0.5915
----------------------------------------
Monitored metric Valid/loss did not improve in the last 10 records. Best score: 2.794. Signaling Trainer to stop.
2026-06-23 17:25:51,033 - dataloader_debug - INFO - --- Train Epoch 11 Summary ---
  Total samples: 3408
  High attention samples: 2453
  Batches w/o high attention: 0
  Task distribution: [1583, 616, 736, 473]
  Batches skipping tasks: [0, 94, 69, 133]
---------------------------------------
Trainer was signaled to stop but the required `min_epochs=50` or `min_steps=None` has not been met. Training will continue...
[epoch   12] train_loss=0.9940 val_loss=3.0358
2026-06-23 17:31:36,086 - dataloader_debug - INFO - --- Valid Epoch 12 Summary ---
  Total samples: 1128
  High attention samples: 847
  Task distribution: [638, 165, 116, 209]
  Global Accuracy (All): 0.4885
  Global Accuracy (Att): 0.4935
----------------------------------------
Monitored metric Valid/loss did not improve in the last 11 records. Best score: 2.794. Signaling Trainer to stop.
2026-06-23 17:31:36,099 - dataloader_debug - INFO - --- Train Epoch 12 Summary ---
  Total samples: 3408
  High attention samples: 2453
  Batches w/o high attention: 0
  Task distribution: [1582, 616, 737, 473]
  Batches skipping tasks: [1, 91, 51, 135]
---------------------------------------
[epoch   13] train_loss=1.1053 val_loss=3.0844
2026-06-23 17:37:21,040 - dataloader_debug - INFO - --- Valid Epoch 13 Summary ---
  Total samples: 1128
  High attention samples: 847
  Task distribution: [638, 165, 116, 209]
  Global Accuracy (All): 0.4965
  Global Accuracy (Att): 0.4734
----------------------------------------
Monitored metric Valid/loss did not improve in the last 12 records. Best score: 2.794. Signaling Trainer to stop.
2026-06-23 17:37:21,055 - dataloader_debug - INFO - --- Train Epoch 13 Summary ---
  Total samples: 3408
  High attention samples: 2451
  Batches w/o high attention: 0
  Task distribution: [1582, 616, 737, 473]
  Batches skipping tasks: [2, 86, 64, 139]
---------------------------------------
[epoch   14] train_loss=1.4836 val_loss=2.8705
2026-06-23 17:43:06,007 - dataloader_debug - INFO - --- Valid Epoch 14 Summary ---
  Total samples: 1128
  High attention samples: 847
  Task distribution: [638, 165, 116, 209]
  Global Accuracy (All): 0.5310
  Global Accuracy (Att): 0.6364
----------------------------------------
Monitored metric Valid/loss did not improve in the last 13 records. Best score: 2.794. Signaling Trainer to stop.
2026-06-23 17:43:06,044 - dataloader_debug - INFO - --- Train Epoch 14 Summary ---
  Total samples: 3408
  High attention samples: 2452
  Batches w/o high attention: 0
  Task distribution: [1583, 616, 736, 473]
  Batches skipping tasks: [3, 83, 65, 134]
---------------------------------------
bypassing sigterm
Traceback (most recent call last):
  File "/home/andrea.giampietro/.conda/envs/eeg_attention/lib/python3.9/site-packages/pytorch_lightning/trainer/call.py", line 38, in _call_and_handle_interrupt
    return trainer_fn(*args, **kwargs)
  File "/home/andrea.giampietro/.conda/envs/eeg_attention/lib/python3.9/site-packages/pytorch_lightning/trainer/trainer.py", line 650, in _fit_impl
    self._run(model, ckpt_path=self.ckpt_path)
  File "/home/andrea.giampietro/.conda/envs/eeg_attention/lib/python3.9/site-packages/pytorch_lightning/trainer/trainer.py", line 1112, in _run
    results = self._run_stage()
  File "/home/andrea.giampietro/.conda/envs/eeg_attention/lib/python3.9/site-packages/pytorch_lightning/trainer/trainer.py", line 1191, in _run_stage
    self._run_train()
  File "/home/andrea.giampietro/.conda/envs/eeg_attention/lib/python3.9/site-packages/pytorch_lightning/trainer/trainer.py", line 1214, in _run_train
    self.fit_loop.run()
  File "/home/andrea.giampietro/.conda/envs/eeg_attention/lib/python3.9/site-packages/pytorch_lightning/loops/loop.py", line 199, in run
    self.advance(*args, **kwargs)
  File "/home/andrea.giampietro/.conda/envs/eeg_attention/lib/python3.9/site-packages/pytorch_lightning/loops/fit_loop.py", line 267, in advance
    self._outputs = self.epoch_loop.run(self._data_fetcher)
  File "/home/andrea.giampietro/.conda/envs/eeg_attention/lib/python3.9/site-packages/pytorch_lightning/loops/loop.py", line 199, in run
    self.advance(*args, **kwargs)
  File "/home/andrea.giampietro/.conda/envs/eeg_attention/lib/python3.9/site-packages/pytorch_lightning/loops/epoch/training_epoch_loop.py", line 213, in advance
    batch_output = self.batch_loop.run(kwargs)
  File "/home/andrea.giampietro/.conda/envs/eeg_attention/lib/python3.9/site-packages/pytorch_lightning/loops/loop.py", line 199, in run
    self.advance(*args, **kwargs)
  File "/home/andrea.giampietro/.conda/envs/eeg_attention/lib/python3.9/site-packages/pytorch_lightning/loops/batch/training_batch_loop.py", line 88, in advance
    outputs = self.optimizer_loop.run(optimizers, kwargs)
  File "/home/andrea.giampietro/.conda/envs/eeg_attention/lib/python3.9/site-packages/pytorch_lightning/loops/loop.py", line 199, in run
    self.advance(*args, **kwargs)
  File "/home/andrea.giampietro/.conda/envs/eeg_attention/lib/python3.9/site-packages/pytorch_lightning/loops/optimization/optimizer_loop.py", line 202, in advance
    result = self._run_optimization(kwargs, self._optimizers[self.optim_progress.optimizer_position])
  File "/home/andrea.giampietro/.conda/envs/eeg_attention/lib/python3.9/site-packages/pytorch_lightning/loops/optimization/optimizer_loop.py", line 241, in _run_optimization
    closure()
  File "/home/andrea.giampietro/.conda/envs/eeg_attention/lib/python3.9/site-packages/pytorch_lightning/loops/optimization/optimizer_loop.py", line 149, in __call__
    self._result = self.closure(*args, **kwargs)
  File "/home/andrea.giampietro/.conda/envs/eeg_attention/lib/python3.9/site-packages/pytorch_lightning/loops/optimization/optimizer_loop.py", line 135, in closure
    step_output = self._step_fn()
  File "/home/andrea.giampietro/.conda/envs/eeg_attention/lib/python3.9/site-packages/pytorch_lightning/loops/optimization/optimizer_loop.py", line 419, in _training_step
    training_step_output = self.trainer._call_strategy_hook("training_step", *kwargs.values())
  File "/home/andrea.giampietro/.conda/envs/eeg_attention/lib/python3.9/site-packages/pytorch_lightning/trainer/trainer.py", line 1494, in _call_strategy_hook
    output = fn(*args, **kwargs)
  File "/home/andrea.giampietro/.conda/envs/eeg_attention/lib/python3.9/site-packages/pytorch_lightning/strategies/strategy.py", line 378, in training_step
    return self.model.training_step(*args, **kwargs)
  File "/home/andrea.giampietro/EEG-Attention-decoding-with-CLAP/src/modules/contrastive_learning.py", line 101, in training_step
    similarity_dict = self.criterion(
  File "/home/andrea.giampietro/.conda/envs/eeg_attention/lib/python3.9/site-packages/torch/nn/modules/module.py", line 1511, in _wrapped_call_impl
    return self._call_impl(*args, **kwargs)
  File "/home/andrea.giampietro/.conda/envs/eeg_attention/lib/python3.9/site-packages/torch/nn/modules/module.py", line 1520, in _call_impl
    return forward_call(*args, **kwargs)
  File "/home/andrea.giampietro/EEG-Attention-decoding-with-CLAP/src/modules/clip_loss.py", line 40, in forward
    losses, positive_list, negative_av,matrix_list= self.compute_task_loss(
  File "/home/andrea.giampietro/EEG-Attention-decoding-with-CLAP/src/modules/clip_loss.py", line 114, in compute_task_loss
    if task_mask0.sum() > 0:
  File "/home/andrea.giampietro/.conda/envs/eeg_attention/lib/python3.9/site-packages/torch/utils/data/_utils/signal_handling.py", line 66, in handler
    _error_if_any_worker_fails()
RuntimeError: DataLoader worker (pid 3252326) is killed by signal: Terminated. 

During handling of the above exception, another exception occurred:

Traceback (most recent call last):
  File "/home/andrea.giampietro/EEG-Attention-decoding-with-CLAP/src/main.py", line 398, in <module>
    trainer.fit(module, train_dataloaders=train_loader, val_dataloaders=valid_loader)
  File "/home/andrea.giampietro/.conda/envs/eeg_attention/lib/python3.9/site-packages/pytorch_lightning/trainer/trainer.py", line 608, in fit
    call._call_and_handle_interrupt(
  File "/home/andrea.giampietro/.conda/envs/eeg_attention/lib/python3.9/site-packages/pytorch_lightning/trainer/call.py", line 63, in _call_and_handle_interrupt
    trainer._teardown()
  File "/home/andrea.giampietro/.conda/envs/eeg_attention/lib/python3.9/site-packages/pytorch_lightning/trainer/trainer.py", line 1175, in _teardown
    self.strategy.teardown()
  File "/home/andrea.giampietro/.conda/envs/eeg_attention/lib/python3.9/site-packages/pytorch_lightning/strategies/strategy.py", line 499, in teardown
    self.accelerator.teardown()
  File "/home/andrea.giampietro/.conda/envs/eeg_attention/lib/python3.9/site-packages/pytorch_lightning/accelerators/cuda.py", line 75, in teardown
    _clear_cuda_memory()
  File "/home/andrea.giampietro/.conda/envs/eeg_attention/lib/python3.9/site-packages/lightning_fabric/accelerators/cuda.py", line 366, in _clear_cuda_memory
    torch.cuda.empty_cache()
  File "/home/andrea.giampietro/.conda/envs/eeg_attention/lib/python3.9/site-packages/torch/cuda/memory.py", line 162, in empty_cache
    torch._C._cuda_emptyCache()
  File "/home/andrea.giampietro/.conda/envs/eeg_attention/lib/python3.9/site-packages/torch/utils/data/_utils/signal_handling.py", line 66, in handler
    _error_if_any_worker_fails()
RuntimeError: DataLoader worker (pid 3251570) is killed by signal: Terminated. 
  TEST
/home/andrea.giampietro/.conda/envs/eeg_attention/lib/python3.9/site-packages/lightning_fabric/__init__.py:29: UserWarning: pkg_resources is deprecated as an API. See https://setuptools.pypa.io/en/latest/pkg_resources.html. The pkg_resources package is slated for removal as early as 2025-11-30. Refrain from using this package or pin to Setuptools<81.
  __import__("pkg_resources").declare_namespace(__name__)
[paths] host=edu02 host_profile_keys=[] cpu=128 cpu_effective=8
[paths] dataset_dir=../dataset
[paths] log_dir=../results
[paths] workers=7
[rank: 0] Global seed set to 42
no augmentation
[cv] mode=leave_song_out held_out_id=3
Size of train dataset: 3410
Size of valid dataset: 1133
Size of test dataset: 104
[audio] SampleCNN2DEEG (4 independent encoders, Akama baseline)
EEG Contrastive learning
use CLIP_loss as criterion
[paths] tty=False (progress bar off)
GPU available: True (cuda), used: True
TPU available: False, using: 0 TPU cores
IPU available: False, using: 0 IPUs
HPU available: False, using: 0 HPUs
Auto-discovered checkpoint: ../results/ct_raw_lso_song3/nmed-CL-preprocessing_eegmusic/version_0/checkpoints/best-checkpoint.ckpt
[[[ START ]]] 2026-06-23 17:45:54.695561
[load] checkpoint state_dict matched the model exactly
You are using a CUDA device ('NVIDIA L40S') that has Tensor Cores. To properly utilize them, you should set `torch.set_float32_matmul_precision('medium' | 'high')` which will trade-off precision for performance. For more details, read https://pytorch.org/docs/stable/generated/torch.set_float32_matmul_precision.html#torch.set_float32_matmul_precision
LOCAL_RANK: 0 - CUDA_VISIBLE_DEVICES: [0]

========== TEST RESULTS ==========
Global Accuracy (All data):        0.9712
Global Accuracy (High attention):  0.9712
Per-task acc (All):    [0.9711538553237915, nan, nan, nan]
Per-task acc (Att):    [0.9711538553237915, nan, nan, nan]
Pairwise matrix 4x4 (All):
tensor([[   nan, 1.0000, 1.0000, 0.9712],
        [   nan,    nan,    nan,    nan],
        [   nan,    nan,    nan,    nan],
        [   nan,    nan,    nan,    nan]])
Pairwise matrix 4x4 (Att):
tensor([[   nan, 1.0000, 1.0000, 0.9712],
        [   nan,    nan,    nan,    nan],
        [   nan,    nan,    nan,    nan],
        [   nan,    nan,    nan,    nan]])
==================================
== Test breakdown (shuffle_test_mode=none) ==
n_windows total: 104
n_windows high-attention: 104
global accuracy (records, all): 0.9712
global accuracy (records, attn): 0.9712
global margin mean (all): +0.8619
global margin mean (attn): +0.8619
Figures saved to: ../results/ct_raw_lso_song3/nmed-CL-preprocessing_eegmusic/version_1
[[[ FINISH ]]] 2026-06-23 17:46:00.919611
[budget] 454m reached -> stop

######## CONTRASTIVE AGGREGATE (true leave-song-out only) ########

===== contrastive/clap  (7 folds, 728 windows) =====
   held-out vocal  : acc=0.683
   held-out drum   : acc=0.103
   held-out bass   : acc=0.087
   held-out others : acc=0.000
   MACRO=0.218  GLOBAL=0.251  (chance 0.25)
   songs=[3, 5, 16, 36, 44, 59, 145]  classes=['vocal', 'drum', 'bass', 'others']

===== contrastive/raw  (6 folds, 624 windows) =====
   held-out vocal  : acc=0.971
   held-out drum   : acc=0.000
   held-out bass   : acc=0.000
   held-out others : acc=0.000
   MACRO=0.243  GLOBAL=0.324  (chance 0.25)
   songs=[2, 3, 7, 8, 36, 44]  classes=['vocal', 'drum', 'bass', 'others']
######## DONE ########
