nohup: ignoring input
[env] Tue Jun 23 10:11:49 AM CEST 2026 python=/home/andrea.giampietro/.conda/envs/eeg_attention/bin/python env=eeg_attention
[env] torch=2.2.2+cu121 cuda=True dev=NVIDIA L40S
[resume] folds already done: 36
  skip(done): classify_audio|raw|2
  skip(done): classify_eeg|raw|2
  skip(done): classify_audio|raw|7
  skip(done): classify_eeg|raw|7
  skip(done): classify_audio|raw|44
  skip(done): classify_eeg|raw|44
  skip(done): classify_audio|raw|8
  skip(done): classify_eeg|raw|8
  skip(done): classify_audio|raw|3
  skip(done): classify_eeg|raw|3
  skip(done): classify_audio|raw|18
  skip(done): classify_eeg|raw|18
  skip(done): classify_audio|raw|50
  skip(done): classify_eeg|raw|50
  skip(done): classify_audio|raw|16
  skip(done): classify_eeg|raw|16
  skip(done): classify_audio|raw|5
  skip(done): classify_eeg|raw|5
  skip(done): classify_audio|raw|59
  skip(done): classify_eeg|raw|59
  skip(done): classify_audio|raw|55

===== [10:12] clf_eeg_lso_song55  (classify_eeg|raw|55)  elapsed 0m =====
  TRAIN
/home/andrea.giampietro/.conda/envs/eeg_attention/lib/python3.9/site-packages/lightning_fabric/__init__.py:29: UserWarning: pkg_resources is deprecated as an API. See https://setuptools.pypa.io/en/latest/pkg_resources.html. The pkg_resources package is slated for removal as early as 2025-11-30. Refrain from using this package or pin to Setuptools<81.
  __import__("pkg_resources").declare_namespace(__name__)
[paths] host=edu02 host_profile_keys=[] cpu=128 cpu_effective=8
[paths] dataset_dir=../dataset
[paths] log_dir=../results
[paths] workers=7
[rank: 0] Global seed set to 42
no augmentation
[cv] mode=leave_song_out held_out_id=55
Size of train dataset: 3366
Size of valid dataset: 1144
Size of test dataset: 104
[audio] SampleCNN2DEEG (4 independent encoders, Akama baseline)
Supervised classification (objective=classify_eeg, modality=eeg)
[paths] tty=False (progress bar off, epoch summaries instead)
GPU available: True (cuda), used: True
TPU available: False, using: 0 TPU cores
IPU available: False, using: 0 IPUs
HPU available: False, using: 0 HPUs
[[[ START ]]] 2026-06-23 10:13:11.580148
You are using a CUDA device ('NVIDIA L40S') that has Tensor Cores. To properly utilize them, you should set `torch.set_float32_matmul_precision('medium' | 'high')` which will trade-off precision for performance. For more details, read https://pytorch.org/docs/stable/generated/torch.set_float32_matmul_precision.html#torch.set_float32_matmul_precision
Missing logger folder: ../results/clf_eeg_lso_song55/nmed-CL-preprocessing_eegmusic
LOCAL_RANK: 0 - CUDA_VISIBLE_DEVICES: [1]

  | Name        | Type             | Params
-------------------------------------------------
0 | encoder_eeg | SampleCNN2DEEG   | 116 K 
1 | classifier  | Linear           | 404   
2 | criterion   | CrossEntropyLoss | 0     
-------------------------------------------------
116 K     Trainable params
0         Non-trainable params
116 K     Total params
0.466     Total estimated model params size (MB)
SLURM auto-requeueing enabled. Setting signal handlers.
[epoch    0] train_loss=n/a val_loss=1.4667
2026-06-23 10:13:15,011 - dataloader_debug - INFO - --- Valid Epoch 0: acc=0.0000 n=16 (chance=0.25) ---
[epoch    0] train_loss=1.1016 val_loss=1.2011
2026-06-23 10:13:39,167 - dataloader_debug - INFO - --- Valid Epoch 0: acc=0.5673 n=1144 (chance=0.25) ---
Metric Valid/loss improved. New best score: 1.201
[epoch    1] train_loss=1.0457 val_loss=1.2331
2026-06-23 10:14:02,474 - dataloader_debug - INFO - --- Valid Epoch 1: acc=0.5559 n=1144 (chance=0.25) ---
[epoch    2] train_loss=1.1994 val_loss=1.2360
2026-06-23 10:14:25,785 - dataloader_debug - INFO - --- Valid Epoch 2: acc=0.5673 n=1144 (chance=0.25) ---
[epoch    3] train_loss=1.5816 val_loss=1.2350
2026-06-23 10:14:49,657 - dataloader_debug - INFO - --- Valid Epoch 3: acc=0.5656 n=1144 (chance=0.25) ---
[epoch    4] train_loss=1.1549 val_loss=1.2475
2026-06-23 10:15:12,982 - dataloader_debug - INFO - --- Valid Epoch 4: acc=0.5664 n=1144 (chance=0.25) ---
[epoch    5] train_loss=1.0938 val_loss=1.2515
2026-06-23 10:15:37,186 - dataloader_debug - INFO - --- Valid Epoch 5: acc=0.5446 n=1144 (chance=0.25) ---
[epoch    6] train_loss=1.1826 val_loss=1.2758
2026-06-23 10:16:01,520 - dataloader_debug - INFO - --- Valid Epoch 6: acc=0.5673 n=1144 (chance=0.25) ---
[epoch    7] train_loss=1.0544 val_loss=1.2288
2026-06-23 10:16:25,597 - dataloader_debug - INFO - --- Valid Epoch 7: acc=0.5420 n=1144 (chance=0.25) ---
[epoch    8] train_loss=1.5473 val_loss=1.2824
2026-06-23 10:16:48,798 - dataloader_debug - INFO - --- Valid Epoch 8: acc=0.5586 n=1144 (chance=0.25) ---
[epoch    9] train_loss=1.4084 val_loss=1.2445
2026-06-23 10:17:11,869 - dataloader_debug - INFO - --- Valid Epoch 9: acc=0.5385 n=1144 (chance=0.25) ---
[epoch   10] train_loss=1.2300 val_loss=1.2801
2026-06-23 10:17:35,901 - dataloader_debug - INFO - --- Valid Epoch 10: acc=0.5568 n=1144 (chance=0.25) ---
Monitored metric Valid/loss did not improve in the last 10 records. Best score: 1.201. Signaling Trainer to stop.
Trainer was signaled to stop but the required `min_epochs=50` or `min_steps=None` has not been met. Training will continue...
[epoch   11] train_loss=1.5538 val_loss=1.2393
2026-06-23 10:17:59,458 - dataloader_debug - INFO - --- Valid Epoch 11: acc=0.5542 n=1144 (chance=0.25) ---
Monitored metric Valid/loss did not improve in the last 11 records. Best score: 1.201. Signaling Trainer to stop.
[epoch   12] train_loss=1.4750 val_loss=1.4193
2026-06-23 10:18:22,241 - dataloader_debug - INFO - --- Valid Epoch 12: acc=0.5472 n=1144 (chance=0.25) ---
Monitored metric Valid/loss did not improve in the last 12 records. Best score: 1.201. Signaling Trainer to stop.
[epoch   13] train_loss=1.2293 val_loss=1.3200
2026-06-23 10:18:46,975 - dataloader_debug - INFO - --- Valid Epoch 13: acc=0.5105 n=1144 (chance=0.25) ---
Monitored metric Valid/loss did not improve in the last 13 records. Best score: 1.201. Signaling Trainer to stop.
[epoch   14] train_loss=1.0307 val_loss=1.3019
2026-06-23 10:19:13,394 - dataloader_debug - INFO - --- Valid Epoch 14: acc=0.5297 n=1144 (chance=0.25) ---
Monitored metric Valid/loss did not improve in the last 14 records. Best score: 1.201. Signaling Trainer to stop.
[epoch   15] train_loss=1.3156 val_loss=1.2417
2026-06-23 10:19:36,416 - dataloader_debug - INFO - --- Valid Epoch 15: acc=0.5411 n=1144 (chance=0.25) ---
Monitored metric Valid/loss did not improve in the last 15 records. Best score: 1.201. Signaling Trainer to stop.
[epoch   16] train_loss=1.3960 val_loss=1.3359
2026-06-23 10:20:00,298 - dataloader_debug - INFO - --- Valid Epoch 16: acc=0.5577 n=1144 (chance=0.25) ---
Monitored metric Valid/loss did not improve in the last 16 records. Best score: 1.201. Signaling Trainer to stop.
[epoch   17] train_loss=0.6684 val_loss=1.3484
2026-06-23 10:20:23,824 - dataloader_debug - INFO - --- Valid Epoch 17: acc=0.5166 n=1144 (chance=0.25) ---
Monitored metric Valid/loss did not improve in the last 17 records. Best score: 1.201. Signaling Trainer to stop.
[epoch   18] train_loss=1.2952 val_loss=1.3002
2026-06-23 10:20:47,033 - dataloader_debug - INFO - --- Valid Epoch 18: acc=0.5524 n=1144 (chance=0.25) ---
Monitored metric Valid/loss did not improve in the last 18 records. Best score: 1.201. Signaling Trainer to stop.
[epoch   19] train_loss=1.1631 val_loss=1.3743
2026-06-23 10:21:10,310 - dataloader_debug - INFO - --- Valid Epoch 19: acc=0.3741 n=1144 (chance=0.25) ---
Monitored metric Valid/loss did not improve in the last 19 records. Best score: 1.201. Signaling Trainer to stop.
[epoch   20] train_loss=0.8755 val_loss=1.3962
2026-06-23 10:21:33,637 - dataloader_debug - INFO - --- Valid Epoch 20: acc=0.4021 n=1144 (chance=0.25) ---
Monitored metric Valid/loss did not improve in the last 20 records. Best score: 1.201. Signaling Trainer to stop.
[epoch   21] train_loss=1.2094 val_loss=1.3714
2026-06-23 10:21:56,929 - dataloader_debug - INFO - --- Valid Epoch 21: acc=0.3759 n=1144 (chance=0.25) ---
Monitored metric Valid/loss did not improve in the last 21 records. Best score: 1.201. Signaling Trainer to stop.
[epoch   22] train_loss=1.1218 val_loss=1.4950
2026-06-23 10:22:20,264 - dataloader_debug - INFO - --- Valid Epoch 22: acc=0.3934 n=1144 (chance=0.25) ---
Monitored metric Valid/loss did not improve in the last 22 records. Best score: 1.201. Signaling Trainer to stop.
[epoch   23] train_loss=1.0103 val_loss=1.4445
2026-06-23 10:22:43,858 - dataloader_debug - INFO - --- Valid Epoch 23: acc=0.4537 n=1144 (chance=0.25) ---
Monitored metric Valid/loss did not improve in the last 23 records. Best score: 1.201. Signaling Trainer to stop.
[epoch   24] train_loss=0.8917 val_loss=1.5294
2026-06-23 10:23:06,843 - dataloader_debug - INFO - --- Valid Epoch 24: acc=0.3348 n=1144 (chance=0.25) ---
Monitored metric Valid/loss did not improve in the last 24 records. Best score: 1.201. Signaling Trainer to stop.
[epoch   25] train_loss=1.0885 val_loss=1.3896
2026-06-23 10:23:30,115 - dataloader_debug - INFO - --- Valid Epoch 25: acc=0.4703 n=1144 (chance=0.25) ---
Monitored metric Valid/loss did not improve in the last 25 records. Best score: 1.201. Signaling Trainer to stop.
[epoch   26] train_loss=1.3310 val_loss=2.0789
2026-06-23 10:23:52,761 - dataloader_debug - INFO - --- Valid Epoch 26: acc=0.2325 n=1144 (chance=0.25) ---
Monitored metric Valid/loss did not improve in the last 26 records. Best score: 1.201. Signaling Trainer to stop.
[epoch   27] train_loss=1.2082 val_loss=1.6913
2026-06-23 10:24:15,849 - dataloader_debug - INFO - --- Valid Epoch 27: acc=0.2421 n=1144 (chance=0.25) ---
Monitored metric Valid/loss did not improve in the last 27 records. Best score: 1.201. Signaling Trainer to stop.
[epoch   28] train_loss=0.9369 val_loss=1.9045
2026-06-23 10:24:41,129 - dataloader_debug - INFO - --- Valid Epoch 28: acc=0.3881 n=1144 (chance=0.25) ---
Monitored metric Valid/loss did not improve in the last 28 records. Best score: 1.201. Signaling Trainer to stop.
[epoch   29] train_loss=0.9798 val_loss=1.5086
2026-06-23 10:25:08,094 - dataloader_debug - INFO - --- Valid Epoch 29: acc=0.5341 n=1144 (chance=0.25) ---
Monitored metric Valid/loss did not improve in the last 29 records. Best score: 1.201. Signaling Trainer to stop.
[epoch   30] train_loss=0.9755 val_loss=1.4467
2026-06-23 10:25:31,909 - dataloader_debug - INFO - --- Valid Epoch 30: acc=0.4720 n=1144 (chance=0.25) ---
Monitored metric Valid/loss did not improve in the last 30 records. Best score: 1.201. Signaling Trainer to stop.
[epoch   31] train_loss=1.6158 val_loss=1.5431
2026-06-23 10:25:54,734 - dataloader_debug - INFO - --- Valid Epoch 31: acc=0.4371 n=1144 (chance=0.25) ---
Monitored metric Valid/loss did not improve in the last 31 records. Best score: 1.201. Signaling Trainer to stop.
[epoch   32] train_loss=1.6872 val_loss=3.1151
2026-06-23 10:26:17,860 - dataloader_debug - INFO - --- Valid Epoch 32: acc=0.5559 n=1144 (chance=0.25) ---
Monitored metric Valid/loss did not improve in the last 32 records. Best score: 1.201. Signaling Trainer to stop.
[epoch   33] train_loss=0.9234 val_loss=1.8153
2026-06-23 10:26:40,851 - dataloader_debug - INFO - --- Valid Epoch 33: acc=0.3890 n=1144 (chance=0.25) ---
Monitored metric Valid/loss did not improve in the last 33 records. Best score: 1.201. Signaling Trainer to stop.
[epoch   34] train_loss=0.6392 val_loss=3.3602
2026-06-23 10:27:04,590 - dataloader_debug - INFO - --- Valid Epoch 34: acc=0.1897 n=1144 (chance=0.25) ---
Monitored metric Valid/loss did not improve in the last 34 records. Best score: 1.201. Signaling Trainer to stop.
[epoch   35] train_loss=0.8781 val_loss=4.0818
2026-06-23 10:27:28,013 - dataloader_debug - INFO - --- Valid Epoch 35: acc=0.1495 n=1144 (chance=0.25) ---
Monitored metric Valid/loss did not improve in the last 35 records. Best score: 1.201. Signaling Trainer to stop.
[epoch   36] train_loss=0.6729 val_loss=1.6964
2026-06-23 10:27:51,721 - dataloader_debug - INFO - --- Valid Epoch 36: acc=0.4187 n=1144 (chance=0.25) ---
Monitored metric Valid/loss did not improve in the last 36 records. Best score: 1.201. Signaling Trainer to stop.
[epoch   37] train_loss=1.1145 val_loss=1.9122
2026-06-23 10:28:15,263 - dataloader_debug - INFO - --- Valid Epoch 37: acc=0.2710 n=1144 (chance=0.25) ---
Monitored metric Valid/loss did not improve in the last 37 records. Best score: 1.201. Signaling Trainer to stop.
[epoch   38] train_loss=0.7898 val_loss=4.4975
2026-06-23 10:28:38,465 - dataloader_debug - INFO - --- Valid Epoch 38: acc=0.3260 n=1144 (chance=0.25) ---
Monitored metric Valid/loss did not improve in the last 38 records. Best score: 1.201. Signaling Trainer to stop.
[epoch   39] train_loss=0.6537 val_loss=1.8297
2026-06-23 10:29:02,552 - dataloader_debug - INFO - --- Valid Epoch 39: acc=0.3252 n=1144 (chance=0.25) ---
Monitored metric Valid/loss did not improve in the last 39 records. Best score: 1.201. Signaling Trainer to stop.
[epoch   40] train_loss=0.5266 val_loss=2.7685
2026-06-23 10:29:25,818 - dataloader_debug - INFO - --- Valid Epoch 40: acc=0.4668 n=1144 (chance=0.25) ---
Monitored metric Valid/loss did not improve in the last 40 records. Best score: 1.201. Signaling Trainer to stop.
[epoch   41] train_loss=0.4308 val_loss=3.5745
2026-06-23 10:29:49,369 - dataloader_debug - INFO - --- Valid Epoch 41: acc=0.2308 n=1144 (chance=0.25) ---
Monitored metric Valid/loss did not improve in the last 41 records. Best score: 1.201. Signaling Trainer to stop.
[epoch   42] train_loss=1.1107 val_loss=2.6317
2026-06-23 10:30:13,041 - dataloader_debug - INFO - --- Valid Epoch 42: acc=0.1914 n=1144 (chance=0.25) ---
Monitored metric Valid/loss did not improve in the last 42 records. Best score: 1.201. Signaling Trainer to stop.
[epoch   43] train_loss=1.0417 val_loss=1.8262
2026-06-23 10:30:39,030 - dataloader_debug - INFO - --- Valid Epoch 43: acc=0.4615 n=1144 (chance=0.25) ---
Monitored metric Valid/loss did not improve in the last 43 records. Best score: 1.201. Signaling Trainer to stop.
[epoch   44] train_loss=1.3581 val_loss=2.5239
2026-06-23 10:31:05,820 - dataloader_debug - INFO - --- Valid Epoch 44: acc=0.1932 n=1144 (chance=0.25) ---
Monitored metric Valid/loss did not improve in the last 44 records. Best score: 1.201. Signaling Trainer to stop.
[epoch   45] train_loss=0.9848 val_loss=2.8431
2026-06-23 10:31:29,249 - dataloader_debug - INFO - --- Valid Epoch 45: acc=0.2159 n=1144 (chance=0.25) ---
Monitored metric Valid/loss did not improve in the last 45 records. Best score: 1.201. Signaling Trainer to stop.
[epoch   46] train_loss=0.6375 val_loss=3.2347
2026-06-23 10:31:52,215 - dataloader_debug - INFO - --- Valid Epoch 46: acc=0.2946 n=1144 (chance=0.25) ---
Monitored metric Valid/loss did not improve in the last 46 records. Best score: 1.201. Signaling Trainer to stop.
[epoch   47] train_loss=0.9215 val_loss=6.8201
2026-06-23 10:32:15,571 - dataloader_debug - INFO - --- Valid Epoch 47: acc=0.2238 n=1144 (chance=0.25) ---
Monitored metric Valid/loss did not improve in the last 47 records. Best score: 1.201. Signaling Trainer to stop.
[epoch   48] train_loss=0.6111 val_loss=6.2059
2026-06-23 10:32:38,542 - dataloader_debug - INFO - --- Valid Epoch 48: acc=0.1879 n=1144 (chance=0.25) ---
Monitored metric Valid/loss did not improve in the last 48 records. Best score: 1.201. Signaling Trainer to stop.
[epoch   49] train_loss=0.3613 val_loss=2.0661
2026-06-23 10:33:02,113 - dataloader_debug - INFO - --- Valid Epoch 49: acc=0.2247 n=1144 (chance=0.25) ---
Monitored metric Valid/loss did not improve in the last 49 records. Best score: 1.201. Signaling Trainer to stop.
[[[ FINISH ]]] 2026-06-23 10:33:02.267926
  TEST
/home/andrea.giampietro/.conda/envs/eeg_attention/lib/python3.9/site-packages/lightning_fabric/__init__.py:29: UserWarning: pkg_resources is deprecated as an API. See https://setuptools.pypa.io/en/latest/pkg_resources.html. The pkg_resources package is slated for removal as early as 2025-11-30. Refrain from using this package or pin to Setuptools<81.
  __import__("pkg_resources").declare_namespace(__name__)
[paths] host=edu02 host_profile_keys=[] cpu=128 cpu_effective=8
[paths] dataset_dir=../dataset
[paths] log_dir=../results
[paths] workers=7
[rank: 0] Global seed set to 42
no augmentation
[cv] mode=leave_song_out held_out_id=55
Size of train dataset: 3366
Size of valid dataset: 1144
Size of test dataset: 104
[audio] SampleCNN2DEEG (4 independent encoders, Akama baseline)
Supervised classification (objective=classify_eeg, modality=eeg)
[paths] tty=False (progress bar off)
GPU available: True (cuda), used: True
TPU available: False, using: 0 TPU cores
IPU available: False, using: 0 IPUs
HPU available: False, using: 0 HPUs
Auto-discovered checkpoint: ../results/clf_eeg_lso_song55/nmed-CL-preprocessing_eegmusic/version_0/checkpoints/best-checkpoint.ckpt
[[[ START ]]] 2026-06-23 10:33:36.495478
[load] checkpoint state_dict matched the model exactly
You are using a CUDA device ('NVIDIA L40S') that has Tensor Cores. To properly utilize them, you should set `torch.set_float32_matmul_precision('medium' | 'high')` which will trade-off precision for performance. For more details, read https://pytorch.org/docs/stable/generated/torch.set_float32_matmul_precision.html#torch.set_float32_matmul_precision
LOCAL_RANK: 0 - CUDA_VISIBLE_DEVICES: [1]

===== SUPERVISED TEST RESULTS =====
objective: classify_eeg  |  chance = 0.25
Global accuracy (all data):        0.0000
Global accuracy (high attention):  0.0000
Per-class accuracy (all):          [nan, nan, 0.0, nan]
===================================
== Supervised test (objective=classify_eeg) ==
chance: 0.2500
n_windows total: 104
n_windows high-attention: 26
global accuracy (records, all): 0.0000
global accuracy (records, attn): 0.0000
Figures saved to: ../results/clf_eeg_lso_song55/nmed-CL-preprocessing_eegmusic/version_1
[[[ FINISH ]]] 2026-06-23 10:33:39.140383

===== [10:33] clf_audio_raw_lso_song43  (classify_audio|raw|43)  elapsed 21m =====
  TRAIN
/home/andrea.giampietro/.conda/envs/eeg_attention/lib/python3.9/site-packages/lightning_fabric/__init__.py:29: UserWarning: pkg_resources is deprecated as an API. See https://setuptools.pypa.io/en/latest/pkg_resources.html. The pkg_resources package is slated for removal as early as 2025-11-30. Refrain from using this package or pin to Setuptools<81.
  __import__("pkg_resources").declare_namespace(__name__)
[paths] host=edu02 host_profile_keys=[] cpu=128 cpu_effective=8
[paths] dataset_dir=../dataset
[paths] log_dir=../results
[paths] workers=7
[rank: 0] Global seed set to 42
no augmentation
[cv] mode=leave_song_out held_out_id=43
Size of train dataset: 3377
Size of valid dataset: 1144
Size of test dataset: 104
[audio] SampleCNN2DEEG (4 independent encoders, Akama baseline)
Supervised classification (objective=classify_audio, modality=audio)
[paths] tty=False (progress bar off, epoch summaries instead)
GPU available: True (cuda), used: True
TPU available: False, using: 0 TPU cores
IPU available: False, using: 0 IPUs
HPU available: False, using: 0 HPUs
[[[ START ]]] 2026-06-23 10:34:06.178348
You are using a CUDA device ('NVIDIA L40S') that has Tensor Cores. To properly utilize them, you should set `torch.set_float32_matmul_precision('medium' | 'high')` which will trade-off precision for performance. For more details, read https://pytorch.org/docs/stable/generated/torch.set_float32_matmul_precision.html#torch.set_float32_matmul_precision
Missing logger folder: ../results/clf_audio_raw_lso_song43/nmed-CL-preprocessing_eegmusic
LOCAL_RANK: 0 - CUDA_VISIBLE_DEVICES: [1]

  | Name           | Type             | Params
----------------------------------------------------
0 | encoder_vocal  | SampleCNN2DEEG   | 116 K 
1 | encoder_drum   | SampleCNN2DEEG   | 116 K 
2 | encoder_bass   | SampleCNN2DEEG   | 116 K 
3 | encoder_others | SampleCNN2DEEG   | 116 K 
4 | classifier     | Linear           | 1.6 K 
5 | criterion      | CrossEntropyLoss | 0     
----------------------------------------------------
466 K     Trainable params
0         Non-trainable params
466 K     Total params
1.864     Total estimated model params size (MB)
SLURM auto-requeueing enabled. Setting signal handlers.
[epoch    0] train_loss=n/a val_loss=1.3789
2026-06-23 10:34:07,875 - dataloader_debug - INFO - --- Valid Epoch 0: acc=0.0000 n=16 (chance=0.25) ---
[epoch    0] train_loss=0.9586 val_loss=5.9546
2026-06-23 10:39:44,597 - dataloader_debug - INFO - --- Valid Epoch 0: acc=0.1661 n=1144 (chance=0.25) ---
Metric Valid/loss improved. New best score: 5.955
[epoch    1] train_loss=0.5887 val_loss=41.6685
2026-06-23 10:45:21,461 - dataloader_debug - INFO - --- Valid Epoch 1: acc=0.1442 n=1144 (chance=0.25) ---
[epoch    2] train_loss=0.2435 val_loss=1.0732
2026-06-23 10:50:58,787 - dataloader_debug - INFO - --- Valid Epoch 2: acc=0.6949 n=1144 (chance=0.25) ---
Metric Valid/loss improved by 4.881 >= min_delta = 0.0. New best score: 1.073
[epoch    3] train_loss=0.7841 val_loss=0.9999
2026-06-23 10:56:35,635 - dataloader_debug - INFO - --- Valid Epoch 3: acc=0.6329 n=1144 (chance=0.25) ---
Metric Valid/loss improved by 0.073 >= min_delta = 0.0. New best score: 1.000
[epoch    4] train_loss=0.0366 val_loss=78.8219
2026-06-23 11:02:12,661 - dataloader_debug - INFO - --- Valid Epoch 4: acc=0.1442 n=1144 (chance=0.25) ---
[epoch    5] train_loss=0.0990 val_loss=2.2189
2026-06-23 11:07:49,591 - dataloader_debug - INFO - --- Valid Epoch 5: acc=0.5227 n=1144 (chance=0.25) ---
[epoch    6] train_loss=0.0969 val_loss=3.4236
2026-06-23 11:13:26,604 - dataloader_debug - INFO - --- Valid Epoch 6: acc=0.3260 n=1144 (chance=0.25) ---
[epoch    7] train_loss=0.0849 val_loss=1.7988
2026-06-23 11:19:03,659 - dataloader_debug - INFO - --- Valid Epoch 7: acc=0.5166 n=1144 (chance=0.25) ---
bypassing sigterm
Traceback (most recent call last):
  File "/home/andrea.giampietro/EEG-Attention-decoding-with-CLAP/src/main.py", line 398, in <module>
    trainer.fit(module, train_dataloaders=train_loader, val_dataloaders=valid_loader)
  File "/home/andrea.giampietro/.conda/envs/eeg_attention/lib/python3.9/site-packages/pytorch_lightning/trainer/trainer.py", line 608, in fit
    call._call_and_handle_interrupt(
  File "/home/andrea.giampietro/.conda/envs/eeg_attention/lib/python3.9/site-packages/pytorch_lightning/trainer/call.py", line 38, in _call_and_handle_interrupt
    return trainer_fn(*args, **kwargs)
  File "/home/andrea.giampietro/.conda/envs/eeg_attention/lib/python3.9/site-packages/pytorch_lightning/trainer/trainer.py", line 650, in _fit_impl
    self._run(model, ckpt_path=self.ckpt_path)
  File "/home/andrea.giampietro/.conda/envs/eeg_attention/lib/python3.9/site-packages/pytorch_lightning/trainer/trainer.py", line 1112, in _run
    results = self._run_stage()
  File "/home/andrea.giampietro/.conda/envs/eeg_attention/lib/python3.9/site-packages/pytorch_lightning/trainer/trainer.py", line 1191, in _run_stage
    self._run_train()
  File "/home/andrea.giampietro/.conda/envs/eeg_attention/lib/python3.9/site-packages/pytorch_lightning/trainer/trainer.py", line 1214, in _run_train
    self.fit_loop.run()
  File "/home/andrea.giampietro/.conda/envs/eeg_attention/lib/python3.9/site-packages/pytorch_lightning/loops/loop.py", line 199, in run
    self.advance(*args, **kwargs)
  File "/home/andrea.giampietro/.conda/envs/eeg_attention/lib/python3.9/site-packages/pytorch_lightning/loops/fit_loop.py", line 267, in advance
    self._outputs = self.epoch_loop.run(self._data_fetcher)
  File "/home/andrea.giampietro/.conda/envs/eeg_attention/lib/python3.9/site-packages/pytorch_lightning/loops/loop.py", line 199, in run
    self.advance(*args, **kwargs)
  File "/home/andrea.giampietro/.conda/envs/eeg_attention/lib/python3.9/site-packages/pytorch_lightning/loops/epoch/training_epoch_loop.py", line 231, in advance
    self.trainer._logger_connector.on_batch_end()
  File "/home/andrea.giampietro/.conda/envs/eeg_attention/lib/python3.9/site-packages/pytorch_lightning/trainer/connectors/logger_connector/logger_connector.py", line 200, in on_batch_end
    metrics = self.metrics
  File "/home/andrea.giampietro/.conda/envs/eeg_attention/lib/python3.9/site-packages/pytorch_lightning/trainer/connectors/logger_connector/logger_connector.py", line 237, in metrics
    return self.trainer._results.metrics(on_step)
  File "/home/andrea.giampietro/.conda/envs/eeg_attention/lib/python3.9/site-packages/pytorch_lightning/trainer/connectors/logger_connector/result.py", line 616, in metrics
    metrics["pbar"][forked_name] = convert_tensors_to_scalars(value)
  File "/home/andrea.giampietro/.conda/envs/eeg_attention/lib/python3.9/site-packages/lightning_fabric/utilities/apply_func.py", line 126, in convert_tensors_to_scalars
    return apply_to_collection(data, Tensor, to_item)
  File "/home/andrea.giampietro/.conda/envs/eeg_attention/lib/python3.9/site-packages/lightning_utilities/core/apply_func.py", line 66, in apply_to_collection
    return function(data, *args, **kwargs)
  File "/home/andrea.giampietro/.conda/envs/eeg_attention/lib/python3.9/site-packages/lightning_fabric/utilities/apply_func.py", line 124, in to_item
    return value.item()
  File "/home/andrea.giampietro/.conda/envs/eeg_attention/lib/python3.9/site-packages/torch/utils/data/_utils/signal_handling.py", line 66, in handler
    _error_if_any_worker_fails()
RuntimeError: DataLoader worker (pid 2876736) is killed by signal: Terminated. 
  TEST
/home/andrea.giampietro/.conda/envs/eeg_attention/lib/python3.9/site-packages/lightning_fabric/__init__.py:29: UserWarning: pkg_resources is deprecated as an API. See https://setuptools.pypa.io/en/latest/pkg_resources.html. The pkg_resources package is slated for removal as early as 2025-11-30. Refrain from using this package or pin to Setuptools<81.
  __import__("pkg_resources").declare_namespace(__name__)
[paths] host=edu02 host_profile_keys=[] cpu=128 cpu_effective=8
[paths] dataset_dir=../dataset
[paths] log_dir=../results
[paths] workers=7
[rank: 0] Global seed set to 42
no augmentation
[cv] mode=leave_song_out held_out_id=43
Size of train dataset: 3377
Size of valid dataset: 1144
Size of test dataset: 104
[audio] SampleCNN2DEEG (4 independent encoders, Akama baseline)
Supervised classification (objective=classify_audio, modality=audio)
[paths] tty=False (progress bar off)
GPU available: True (cuda), used: True
TPU available: False, using: 0 TPU cores
IPU available: False, using: 0 IPUs
HPU available: False, using: 0 HPUs
Auto-discovered checkpoint: ../results/clf_audio_raw_lso_song43/nmed-CL-preprocessing_eegmusic/version_0/checkpoints/best-checkpoint.ckpt
[[[ START ]]] 2026-06-23 11:24:17.489524
[load] checkpoint state_dict matched the model exactly
You are using a CUDA device ('NVIDIA L40S') that has Tensor Cores. To properly utilize them, you should set `torch.set_float32_matmul_precision('medium' | 'high')` which will trade-off precision for performance. For more details, read https://pytorch.org/docs/stable/generated/torch.set_float32_matmul_precision.html#torch.set_float32_matmul_precision
LOCAL_RANK: 0 - CUDA_VISIBLE_DEVICES: [1]

===== SUPERVISED TEST RESULTS =====
objective: classify_audio  |  chance = 0.25
Global accuracy (all data):        0.0000
Global accuracy (high attention):  0.0000
Per-class accuracy (all):          [nan, nan, nan, 0.0]
NOTE: classify_audio is a negative control — expected ~chance; above-chance accuracy quantifies song->label leakage, not performance.
===================================
== Supervised test (objective=classify_audio) ==
chance: 0.2500
n_windows total: 104
n_windows high-attention: 52
global accuracy (records, all): 0.0000
global accuracy (records, attn): 0.0000
Figures saved to: ../results/clf_audio_raw_lso_song43/nmed-CL-preprocessing_eegmusic/version_1
[[[ FINISH ]]] 2026-06-23 11:24:23.341262

===== [11:24] clf_eeg_lso_song43  (classify_eeg|raw|43)  elapsed 72m =====
  TRAIN
/home/andrea.giampietro/.conda/envs/eeg_attention/lib/python3.9/site-packages/lightning_fabric/__init__.py:29: UserWarning: pkg_resources is deprecated as an API. See https://setuptools.pypa.io/en/latest/pkg_resources.html. The pkg_resources package is slated for removal as early as 2025-11-30. Refrain from using this package or pin to Setuptools<81.
  __import__("pkg_resources").declare_namespace(__name__)
[paths] host=edu02 host_profile_keys=[] cpu=128 cpu_effective=8
[paths] dataset_dir=../dataset
[paths] log_dir=../results
[paths] workers=7
[rank: 0] Global seed set to 42
no augmentation
[cv] mode=leave_song_out held_out_id=43
Size of train dataset: 3377
Size of valid dataset: 1144
Size of test dataset: 104
[audio] SampleCNN2DEEG (4 independent encoders, Akama baseline)
Supervised classification (objective=classify_eeg, modality=eeg)
[paths] tty=False (progress bar off, epoch summaries instead)
GPU available: True (cuda), used: True
TPU available: False, using: 0 TPU cores
IPU available: False, using: 0 IPUs
HPU available: False, using: 0 HPUs
[[[ START ]]] 2026-06-23 11:24:49.330320
You are using a CUDA device ('NVIDIA L40S') that has Tensor Cores. To properly utilize them, you should set `torch.set_float32_matmul_precision('medium' | 'high')` which will trade-off precision for performance. For more details, read https://pytorch.org/docs/stable/generated/torch.set_float32_matmul_precision.html#torch.set_float32_matmul_precision
Missing logger folder: ../results/clf_eeg_lso_song43/nmed-CL-preprocessing_eegmusic
LOCAL_RANK: 0 - CUDA_VISIBLE_DEVICES: [1]

  | Name        | Type             | Params
-------------------------------------------------
0 | encoder_eeg | SampleCNN2DEEG   | 116 K 
1 | classifier  | Linear           | 404   
2 | criterion   | CrossEntropyLoss | 0     
-------------------------------------------------
116 K     Trainable params
0         Non-trainable params
116 K     Total params
0.466     Total estimated model params size (MB)
SLURM auto-requeueing enabled. Setting signal handlers.
[epoch    0] train_loss=n/a val_loss=1.4667
2026-06-23 11:24:50,777 - dataloader_debug - INFO - --- Valid Epoch 0: acc=0.0000 n=16 (chance=0.25) ---
[epoch    0] train_loss=1.4300 val_loss=1.2809
2026-06-23 11:25:14,279 - dataloader_debug - INFO - --- Valid Epoch 0: acc=0.5673 n=1144 (chance=0.25) ---
Metric Valid/loss improved. New best score: 1.281
[epoch    1] train_loss=1.3044 val_loss=1.2735
2026-06-23 11:25:37,894 - dataloader_debug - INFO - --- Valid Epoch 1: acc=0.5428 n=1144 (chance=0.25) ---
Metric Valid/loss improved by 0.007 >= min_delta = 0.0. New best score: 1.273
[epoch    2] train_loss=1.5154 val_loss=1.2765
2026-06-23 11:26:00,628 - dataloader_debug - INFO - --- Valid Epoch 2: acc=0.5673 n=1144 (chance=0.25) ---
[epoch    3] train_loss=1.2238 val_loss=1.2977
2026-06-23 11:26:24,073 - dataloader_debug - INFO - --- Valid Epoch 3: acc=0.5673 n=1144 (chance=0.25) ---
[epoch    4] train_loss=1.2455 val_loss=1.4168
2026-06-23 11:26:46,955 - dataloader_debug - INFO - --- Valid Epoch 4: acc=0.5656 n=1144 (chance=0.25) ---
[epoch    5] train_loss=1.2550 val_loss=1.3132
2026-06-23 11:27:09,867 - dataloader_debug - INFO - --- Valid Epoch 5: acc=0.5577 n=1144 (chance=0.25) ---
[epoch    6] train_loss=1.1214 val_loss=1.3341
2026-06-23 11:27:32,861 - dataloader_debug - INFO - --- Valid Epoch 6: acc=0.5516 n=1144 (chance=0.25) ---
[epoch    7] train_loss=1.5300 val_loss=1.3187
2026-06-23 11:27:57,466 - dataloader_debug - INFO - --- Valid Epoch 7: acc=0.5105 n=1144 (chance=0.25) ---
[epoch    8] train_loss=1.5180 val_loss=1.3534
2026-06-23 11:28:24,200 - dataloader_debug - INFO - --- Valid Epoch 8: acc=0.5664 n=1144 (chance=0.25) ---
[epoch    9] train_loss=0.9308 val_loss=1.4224
2026-06-23 11:28:50,108 - dataloader_debug - INFO - --- Valid Epoch 9: acc=0.5411 n=1144 (chance=0.25) ---
[epoch   10] train_loss=1.3399 val_loss=1.3179
2026-06-23 11:29:13,993 - dataloader_debug - INFO - --- Valid Epoch 10: acc=0.5638 n=1144 (chance=0.25) ---
[epoch   11] train_loss=1.1139 val_loss=1.3644
2026-06-23 11:29:37,660 - dataloader_debug - INFO - --- Valid Epoch 11: acc=0.5533 n=1144 (chance=0.25) ---
Monitored metric Valid/loss did not improve in the last 10 records. Best score: 1.273. Signaling Trainer to stop.
Trainer was signaled to stop but the required `min_epochs=50` or `min_steps=None` has not been met. Training will continue...
[epoch   12] train_loss=0.9573 val_loss=1.2912
2026-06-23 11:30:00,938 - dataloader_debug - INFO - --- Valid Epoch 12: acc=0.5533 n=1144 (chance=0.25) ---
Monitored metric Valid/loss did not improve in the last 11 records. Best score: 1.273. Signaling Trainer to stop.
[epoch   13] train_loss=1.1182 val_loss=1.4014
2026-06-23 11:30:24,575 - dataloader_debug - INFO - --- Valid Epoch 13: acc=0.4755 n=1144 (chance=0.25) ---
Monitored metric Valid/loss did not improve in the last 12 records. Best score: 1.273. Signaling Trainer to stop.
[epoch   14] train_loss=1.1264 val_loss=1.3565
2026-06-23 11:30:47,684 - dataloader_debug - INFO - --- Valid Epoch 14: acc=0.4685 n=1144 (chance=0.25) ---
Monitored metric Valid/loss did not improve in the last 13 records. Best score: 1.273. Signaling Trainer to stop.
[epoch   15] train_loss=0.9700 val_loss=1.3115
2026-06-23 11:31:10,378 - dataloader_debug - INFO - --- Valid Epoch 15: acc=0.4747 n=1144 (chance=0.25) ---
Monitored metric Valid/loss did not improve in the last 14 records. Best score: 1.273. Signaling Trainer to stop.
[epoch   16] train_loss=1.3424 val_loss=1.9406
2026-06-23 11:31:34,511 - dataloader_debug - INFO - --- Valid Epoch 16: acc=0.4720 n=1144 (chance=0.25) ---
Monitored metric Valid/loss did not improve in the last 15 records. Best score: 1.273. Signaling Trainer to stop.
[epoch   17] train_loss=0.9680 val_loss=1.3902
2026-06-23 11:31:57,823 - dataloader_debug - INFO - --- Valid Epoch 17: acc=0.3837 n=1144 (chance=0.25) ---
Monitored metric Valid/loss did not improve in the last 16 records. Best score: 1.273. Signaling Trainer to stop.
[epoch   18] train_loss=1.1166 val_loss=1.7372
2026-06-23 11:32:20,857 - dataloader_debug - INFO - --- Valid Epoch 18: acc=0.4677 n=1144 (chance=0.25) ---
Monitored metric Valid/loss did not improve in the last 17 records. Best score: 1.273. Signaling Trainer to stop.
[epoch   19] train_loss=0.7294 val_loss=1.4205
2026-06-23 11:32:44,364 - dataloader_debug - INFO - --- Valid Epoch 19: acc=0.5385 n=1144 (chance=0.25) ---
Monitored metric Valid/loss did not improve in the last 18 records. Best score: 1.273. Signaling Trainer to stop.
[epoch   20] train_loss=0.7688 val_loss=1.4307
2026-06-23 11:33:08,100 - dataloader_debug - INFO - --- Valid Epoch 20: acc=0.3505 n=1144 (chance=0.25) ---
Monitored metric Valid/loss did not improve in the last 19 records. Best score: 1.273. Signaling Trainer to stop.
[epoch   21] train_loss=1.2464 val_loss=1.4186
2026-06-23 11:33:31,771 - dataloader_debug - INFO - --- Valid Epoch 21: acc=0.4764 n=1144 (chance=0.25) ---
Monitored metric Valid/loss did not improve in the last 20 records. Best score: 1.273. Signaling Trainer to stop.
[epoch   22] train_loss=1.1591 val_loss=2.8671
2026-06-23 11:33:55,195 - dataloader_debug - INFO - --- Valid Epoch 22: acc=0.1556 n=1144 (chance=0.25) ---
Monitored metric Valid/loss did not improve in the last 21 records. Best score: 1.273. Signaling Trainer to stop.
[epoch   23] train_loss=1.1837 val_loss=1.6517
2026-06-23 11:34:21,298 - dataloader_debug - INFO - --- Valid Epoch 23: acc=0.2946 n=1144 (chance=0.25) ---
Monitored metric Valid/loss did not improve in the last 22 records. Best score: 1.273. Signaling Trainer to stop.
[epoch   24] train_loss=0.7875 val_loss=1.6534
2026-06-23 11:34:47,424 - dataloader_debug - INFO - --- Valid Epoch 24: acc=0.5455 n=1144 (chance=0.25) ---
Monitored metric Valid/loss did not improve in the last 23 records. Best score: 1.273. Signaling Trainer to stop.
[epoch   25] train_loss=1.5080 val_loss=1.6886
2026-06-23 11:35:10,071 - dataloader_debug - INFO - --- Valid Epoch 25: acc=0.5079 n=1144 (chance=0.25) ---
Monitored metric Valid/loss did not improve in the last 24 records. Best score: 1.273. Signaling Trainer to stop.
[epoch   26] train_loss=1.3587 val_loss=4.9583
2026-06-23 11:35:33,405 - dataloader_debug - INFO - --- Valid Epoch 26: acc=0.1670 n=1144 (chance=0.25) ---
Monitored metric Valid/loss did not improve in the last 25 records. Best score: 1.273. Signaling Trainer to stop.
[epoch   27] train_loss=1.2447 val_loss=1.4703
2026-06-23 11:35:57,165 - dataloader_debug - INFO - --- Valid Epoch 27: acc=0.4476 n=1144 (chance=0.25) ---
Monitored metric Valid/loss did not improve in the last 26 records. Best score: 1.273. Signaling Trainer to stop.
[epoch   28] train_loss=1.3306 val_loss=1.9332
2026-06-23 11:36:21,345 - dataloader_debug - INFO - --- Valid Epoch 28: acc=0.3698 n=1144 (chance=0.25) ---
Monitored metric Valid/loss did not improve in the last 27 records. Best score: 1.273. Signaling Trainer to stop.
[epoch   29] train_loss=1.0128 val_loss=2.9944
2026-06-23 11:36:45,349 - dataloader_debug - INFO - --- Valid Epoch 29: acc=0.2343 n=1144 (chance=0.25) ---
Monitored metric Valid/loss did not improve in the last 28 records. Best score: 1.273. Signaling Trainer to stop.
[epoch   30] train_loss=0.7930 val_loss=1.4524
2026-06-23 11:37:08,789 - dataloader_debug - INFO - --- Valid Epoch 30: acc=0.4283 n=1144 (chance=0.25) ---
Monitored metric Valid/loss did not improve in the last 29 records. Best score: 1.273. Signaling Trainer to stop.
[epoch   31] train_loss=0.8709 val_loss=1.6234
2026-06-23 11:37:32,532 - dataloader_debug - INFO - --- Valid Epoch 31: acc=0.5070 n=1144 (chance=0.25) ---
Monitored metric Valid/loss did not improve in the last 30 records. Best score: 1.273. Signaling Trainer to stop.
[epoch   32] train_loss=1.2373 val_loss=1.8443
2026-06-23 11:37:57,138 - dataloader_debug - INFO - --- Valid Epoch 32: acc=0.1932 n=1144 (chance=0.25) ---
Monitored metric Valid/loss did not improve in the last 31 records. Best score: 1.273. Signaling Trainer to stop.
[epoch   33] train_loss=1.1200 val_loss=1.7787
2026-06-23 11:38:20,552 - dataloader_debug - INFO - --- Valid Epoch 33: acc=0.3689 n=1144 (chance=0.25) ---
Monitored metric Valid/loss did not improve in the last 32 records. Best score: 1.273. Signaling Trainer to stop.
[epoch   34] train_loss=0.5596 val_loss=2.2113
2026-06-23 11:38:44,334 - dataloader_debug - INFO - --- Valid Epoch 34: acc=0.3846 n=1144 (chance=0.25) ---
Monitored metric Valid/loss did not improve in the last 33 records. Best score: 1.273. Signaling Trainer to stop.
[epoch   35] train_loss=0.8337 val_loss=3.7982
2026-06-23 11:39:07,685 - dataloader_debug - INFO - --- Valid Epoch 35: acc=0.2238 n=1144 (chance=0.25) ---
Monitored metric Valid/loss did not improve in the last 34 records. Best score: 1.273. Signaling Trainer to stop.
[epoch   36] train_loss=0.7582 val_loss=2.1433
2026-06-23 11:39:31,381 - dataloader_debug - INFO - --- Valid Epoch 36: acc=0.5393 n=1144 (chance=0.25) ---
Monitored metric Valid/loss did not improve in the last 35 records. Best score: 1.273. Signaling Trainer to stop.
[epoch   37] train_loss=1.0448 val_loss=1.9808
2026-06-23 11:39:56,216 - dataloader_debug - INFO - --- Valid Epoch 37: acc=0.4755 n=1144 (chance=0.25) ---
Monitored metric Valid/loss did not improve in the last 36 records. Best score: 1.273. Signaling Trainer to stop.
[epoch   38] train_loss=0.5953 val_loss=2.1958
2026-06-23 11:40:22,407 - dataloader_debug - INFO - --- Valid Epoch 38: acc=0.1477 n=1144 (chance=0.25) ---
Monitored metric Valid/loss did not improve in the last 37 records. Best score: 1.273. Signaling Trainer to stop.
[epoch   39] train_loss=0.6927 val_loss=2.0695
2026-06-23 11:40:48,534 - dataloader_debug - INFO - --- Valid Epoch 39: acc=0.1888 n=1144 (chance=0.25) ---
Monitored metric Valid/loss did not improve in the last 38 records. Best score: 1.273. Signaling Trainer to stop.
[epoch   40] train_loss=0.6339 val_loss=2.4600
2026-06-23 11:41:11,911 - dataloader_debug - INFO - --- Valid Epoch 40: acc=0.1853 n=1144 (chance=0.25) ---
Monitored metric Valid/loss did not improve in the last 39 records. Best score: 1.273. Signaling Trainer to stop.
[epoch   41] train_loss=1.0233 val_loss=2.4323
2026-06-23 11:41:36,484 - dataloader_debug - INFO - --- Valid Epoch 41: acc=0.5105 n=1144 (chance=0.25) ---
Monitored metric Valid/loss did not improve in the last 40 records. Best score: 1.273. Signaling Trainer to stop.
[epoch   42] train_loss=0.4087 val_loss=7.7568
2026-06-23 11:42:00,119 - dataloader_debug - INFO - --- Valid Epoch 42: acc=0.5673 n=1144 (chance=0.25) ---
Monitored metric Valid/loss did not improve in the last 41 records. Best score: 1.273. Signaling Trainer to stop.
[epoch   43] train_loss=0.5477 val_loss=2.2529
2026-06-23 11:42:22,522 - dataloader_debug - INFO - --- Valid Epoch 43: acc=0.3357 n=1144 (chance=0.25) ---
Monitored metric Valid/loss did not improve in the last 42 records. Best score: 1.273. Signaling Trainer to stop.
[epoch   44] train_loss=0.6290 val_loss=4.4582
2026-06-23 11:42:44,032 - dataloader_debug - INFO - --- Valid Epoch 44: acc=0.1853 n=1144 (chance=0.25) ---
Monitored metric Valid/loss did not improve in the last 43 records. Best score: 1.273. Signaling Trainer to stop.
[epoch   45] train_loss=0.5058 val_loss=3.0200
2026-06-23 11:43:07,907 - dataloader_debug - INFO - --- Valid Epoch 45: acc=0.1783 n=1144 (chance=0.25) ---
Monitored metric Valid/loss did not improve in the last 44 records. Best score: 1.273. Signaling Trainer to stop.
[epoch   46] train_loss=0.7419 val_loss=4.9651
2026-06-23 11:43:31,212 - dataloader_debug - INFO - --- Valid Epoch 46: acc=0.2483 n=1144 (chance=0.25) ---
Monitored metric Valid/loss did not improve in the last 45 records. Best score: 1.273. Signaling Trainer to stop.
[epoch   47] train_loss=1.4696 val_loss=5.3595
2026-06-23 11:43:53,840 - dataloader_debug - INFO - --- Valid Epoch 47: acc=0.1442 n=1144 (chance=0.25) ---
Monitored metric Valid/loss did not improve in the last 46 records. Best score: 1.273. Signaling Trainer to stop.
[epoch   48] train_loss=0.4888 val_loss=3.4433
2026-06-23 11:44:16,830 - dataloader_debug - INFO - --- Valid Epoch 48: acc=0.4843 n=1144 (chance=0.25) ---
Monitored metric Valid/loss did not improve in the last 47 records. Best score: 1.273. Signaling Trainer to stop.
[epoch   49] train_loss=0.7504 val_loss=5.1293
2026-06-23 11:44:40,250 - dataloader_debug - INFO - --- Valid Epoch 49: acc=0.1206 n=1144 (chance=0.25) ---
Monitored metric Valid/loss did not improve in the last 48 records. Best score: 1.273. Signaling Trainer to stop.
[[[ FINISH ]]] 2026-06-23 11:44:40.414738
  TEST
/home/andrea.giampietro/.conda/envs/eeg_attention/lib/python3.9/site-packages/lightning_fabric/__init__.py:29: UserWarning: pkg_resources is deprecated as an API. See https://setuptools.pypa.io/en/latest/pkg_resources.html. The pkg_resources package is slated for removal as early as 2025-11-30. Refrain from using this package or pin to Setuptools<81.
  __import__("pkg_resources").declare_namespace(__name__)
[paths] host=edu02 host_profile_keys=[] cpu=128 cpu_effective=8
[paths] dataset_dir=../dataset
[paths] log_dir=../results
[paths] workers=7
[rank: 0] Global seed set to 42
no augmentation
[cv] mode=leave_song_out held_out_id=43
Size of train dataset: 3377
Size of valid dataset: 1144
Size of test dataset: 104
[audio] SampleCNN2DEEG (4 independent encoders, Akama baseline)
Supervised classification (objective=classify_eeg, modality=eeg)
[paths] tty=False (progress bar off)
GPU available: True (cuda), used: True
TPU available: False, using: 0 TPU cores
IPU available: False, using: 0 IPUs
HPU available: False, using: 0 HPUs
Auto-discovered checkpoint: ../results/clf_eeg_lso_song43/nmed-CL-preprocessing_eegmusic/version_0/checkpoints/best-checkpoint.ckpt
[[[ START ]]] 2026-06-23 11:45:19.733060
[load] checkpoint state_dict matched the model exactly
You are using a CUDA device ('NVIDIA L40S') that has Tensor Cores. To properly utilize them, you should set `torch.set_float32_matmul_precision('medium' | 'high')` which will trade-off precision for performance. For more details, read https://pytorch.org/docs/stable/generated/torch.set_float32_matmul_precision.html#torch.set_float32_matmul_precision
LOCAL_RANK: 0 - CUDA_VISIBLE_DEVICES: [1]

===== SUPERVISED TEST RESULTS =====
objective: classify_eeg  |  chance = 0.25
Global accuracy (all data):        0.0000
Global accuracy (high attention):  0.0000
Per-class accuracy (all):          [nan, nan, nan, 0.0]
===================================
== Supervised test (objective=classify_eeg) ==
chance: 0.2500
n_windows total: 104
n_windows high-attention: 52
global accuracy (records, all): 0.0000
global accuracy (records, attn): 0.0000
Figures saved to: ../results/clf_eeg_lso_song43/nmed-CL-preprocessing_eegmusic/version_1
[[[ FINISH ]]] 2026-06-23 11:45:22.378365

===== [11:45] clf_audio_raw_lso_song33  (classify_audio|raw|33)  elapsed 93m =====
  TRAIN
/home/andrea.giampietro/.conda/envs/eeg_attention/lib/python3.9/site-packages/lightning_fabric/__init__.py:29: UserWarning: pkg_resources is deprecated as an API. See https://setuptools.pypa.io/en/latest/pkg_resources.html. The pkg_resources package is slated for removal as early as 2025-11-30. Refrain from using this package or pin to Setuptools<81.
  __import__("pkg_resources").declare_namespace(__name__)
[paths] host=edu02 host_profile_keys=[] cpu=128 cpu_effective=8
[paths] dataset_dir=../dataset
[paths] log_dir=../results
[paths] workers=7
[rank: 0] Global seed set to 42
no augmentation
[cv] mode=leave_song_out held_out_id=33
Size of train dataset: 3388
Size of valid dataset: 1133
Size of test dataset: 104
[audio] SampleCNN2DEEG (4 independent encoders, Akama baseline)
Supervised classification (objective=classify_audio, modality=audio)
[paths] tty=False (progress bar off, epoch summaries instead)
GPU available: True (cuda), used: True
TPU available: False, using: 0 TPU cores
IPU available: False, using: 0 IPUs
HPU available: False, using: 0 HPUs
[[[ START ]]] 2026-06-23 11:45:49.834377
You are using a CUDA device ('NVIDIA L40S') that has Tensor Cores. To properly utilize them, you should set `torch.set_float32_matmul_precision('medium' | 'high')` which will trade-off precision for performance. For more details, read https://pytorch.org/docs/stable/generated/torch.set_float32_matmul_precision.html#torch.set_float32_matmul_precision
Missing logger folder: ../results/clf_audio_raw_lso_song33/nmed-CL-preprocessing_eegmusic
LOCAL_RANK: 0 - CUDA_VISIBLE_DEVICES: [1]

  | Name           | Type             | Params
----------------------------------------------------
0 | encoder_vocal  | SampleCNN2DEEG   | 116 K 
1 | encoder_drum   | SampleCNN2DEEG   | 116 K 
2 | encoder_bass   | SampleCNN2DEEG   | 116 K 
3 | encoder_others | SampleCNN2DEEG   | 116 K 
4 | classifier     | Linear           | 1.6 K 
5 | criterion      | CrossEntropyLoss | 0     
----------------------------------------------------
466 K     Trainable params
0         Non-trainable params
466 K     Total params
1.864     Total estimated model params size (MB)
SLURM auto-requeueing enabled. Setting signal handlers.
[epoch    0] train_loss=n/a val_loss=1.3789
2026-06-23 11:45:51,815 - dataloader_debug - INFO - --- Valid Epoch 0: acc=0.0000 n=16 (chance=0.25) ---
[epoch    0] train_loss=0.4903 val_loss=2.1239
2026-06-23 11:51:28,929 - dataloader_debug - INFO - --- Valid Epoch 0: acc=0.2793 n=1128 (chance=0.25) ---
Metric Valid/loss improved. New best score: 2.124
[epoch    1] train_loss=0.4971 val_loss=1.2413
2026-06-23 11:57:06,153 - dataloader_debug - INFO - --- Valid Epoch 1: acc=0.5044 n=1128 (chance=0.25) ---
Metric Valid/loss improved by 0.883 >= min_delta = 0.0. New best score: 1.241
[epoch    2] train_loss=0.7409 val_loss=1.1276
2026-06-23 12:02:43,255 - dataloader_debug - INFO - --- Valid Epoch 2: acc=0.6232 n=1128 (chance=0.25) ---
Metric Valid/loss improved by 0.114 >= min_delta = 0.0. New best score: 1.128
[epoch    3] train_loss=0.3474 val_loss=1.1731
2026-06-23 12:08:20,318 - dataloader_debug - INFO - --- Valid Epoch 3: acc=0.5443 n=1128 (chance=0.25) ---
[epoch    4] train_loss=0.0687 val_loss=6.5671
2026-06-23 12:13:57,354 - dataloader_debug - INFO - --- Valid Epoch 4: acc=0.2589 n=1128 (chance=0.25) ---
[epoch    5] train_loss=0.0880 val_loss=0.6509
2026-06-23 12:19:34,453 - dataloader_debug - INFO - --- Valid Epoch 5: acc=0.8076 n=1128 (chance=0.25) ---
Metric Valid/loss improved by 0.477 >= min_delta = 0.0. New best score: 0.651
[epoch    6] train_loss=0.0935 val_loss=3.9662
2026-06-23 12:25:11,567 - dataloader_debug - INFO - --- Valid Epoch 6: acc=0.4078 n=1128 (chance=0.25) ---
[epoch    7] train_loss=0.0322 val_loss=4.8200
2026-06-23 12:30:48,804 - dataloader_debug - INFO - --- Valid Epoch 7: acc=0.2793 n=1128 (chance=0.25) ---
bypassing sigterm
Traceback (most recent call last):
  File "/home/andrea.giampietro/EEG-Attention-decoding-with-CLAP/src/main.py", line 398, in <module>
    trainer.fit(module, train_dataloaders=train_loader, val_dataloaders=valid_loader)
  File "/home/andrea.giampietro/.conda/envs/eeg_attention/lib/python3.9/site-packages/pytorch_lightning/trainer/trainer.py", line 608, in fit
    call._call_and_handle_interrupt(
  File "/home/andrea.giampietro/.conda/envs/eeg_attention/lib/python3.9/site-packages/pytorch_lightning/trainer/call.py", line 38, in _call_and_handle_interrupt
    return trainer_fn(*args, **kwargs)
  File "/home/andrea.giampietro/.conda/envs/eeg_attention/lib/python3.9/site-packages/pytorch_lightning/trainer/trainer.py", line 650, in _fit_impl
    self._run(model, ckpt_path=self.ckpt_path)
  File "/home/andrea.giampietro/.conda/envs/eeg_attention/lib/python3.9/site-packages/pytorch_lightning/trainer/trainer.py", line 1112, in _run
    results = self._run_stage()
  File "/home/andrea.giampietro/.conda/envs/eeg_attention/lib/python3.9/site-packages/pytorch_lightning/trainer/trainer.py", line 1191, in _run_stage
    self._run_train()
  File "/home/andrea.giampietro/.conda/envs/eeg_attention/lib/python3.9/site-packages/pytorch_lightning/trainer/trainer.py", line 1214, in _run_train
    self.fit_loop.run()
  File "/home/andrea.giampietro/.conda/envs/eeg_attention/lib/python3.9/site-packages/pytorch_lightning/loops/loop.py", line 199, in run
    self.advance(*args, **kwargs)
  File "/home/andrea.giampietro/.conda/envs/eeg_attention/lib/python3.9/site-packages/pytorch_lightning/loops/fit_loop.py", line 267, in advance
    self._outputs = self.epoch_loop.run(self._data_fetcher)
  File "/home/andrea.giampietro/.conda/envs/eeg_attention/lib/python3.9/site-packages/pytorch_lightning/loops/loop.py", line 199, in run
    self.advance(*args, **kwargs)
  File "/home/andrea.giampietro/.conda/envs/eeg_attention/lib/python3.9/site-packages/pytorch_lightning/loops/epoch/training_epoch_loop.py", line 231, in advance
    self.trainer._logger_connector.on_batch_end()
  File "/home/andrea.giampietro/.conda/envs/eeg_attention/lib/python3.9/site-packages/pytorch_lightning/trainer/connectors/logger_connector/logger_connector.py", line 200, in on_batch_end
    metrics = self.metrics
  File "/home/andrea.giampietro/.conda/envs/eeg_attention/lib/python3.9/site-packages/pytorch_lightning/trainer/connectors/logger_connector/logger_connector.py", line 237, in metrics
    return self.trainer._results.metrics(on_step)
  File "/home/andrea.giampietro/.conda/envs/eeg_attention/lib/python3.9/site-packages/pytorch_lightning/trainer/connectors/logger_connector/result.py", line 616, in metrics
    metrics["pbar"][forked_name] = convert_tensors_to_scalars(value)
  File "/home/andrea.giampietro/.conda/envs/eeg_attention/lib/python3.9/site-packages/lightning_fabric/utilities/apply_func.py", line 126, in convert_tensors_to_scalars
    return apply_to_collection(data, Tensor, to_item)
  File "/home/andrea.giampietro/.conda/envs/eeg_attention/lib/python3.9/site-packages/lightning_utilities/core/apply_func.py", line 66, in apply_to_collection
    return function(data, *args, **kwargs)
  File "/home/andrea.giampietro/.conda/envs/eeg_attention/lib/python3.9/site-packages/lightning_fabric/utilities/apply_func.py", line 124, in to_item
    return value.item()
  File "/home/andrea.giampietro/.conda/envs/eeg_attention/lib/python3.9/site-packages/torch/utils/data/_utils/signal_handling.py", line 66, in handler
    _error_if_any_worker_fails()
RuntimeError: DataLoader worker (pid 2950604) is killed by signal: Terminated. 
  TEST
/home/andrea.giampietro/.conda/envs/eeg_attention/lib/python3.9/site-packages/lightning_fabric/__init__.py:29: UserWarning: pkg_resources is deprecated as an API. See https://setuptools.pypa.io/en/latest/pkg_resources.html. The pkg_resources package is slated for removal as early as 2025-11-30. Refrain from using this package or pin to Setuptools<81.
  __import__("pkg_resources").declare_namespace(__name__)
[paths] host=edu02 host_profile_keys=[] cpu=128 cpu_effective=8
[paths] dataset_dir=../dataset
[paths] log_dir=../results
[paths] workers=7
[rank: 0] Global seed set to 42
no augmentation
[cv] mode=leave_song_out held_out_id=33
Size of train dataset: 3388
Size of valid dataset: 1133
Size of test dataset: 104
[audio] SampleCNN2DEEG (4 independent encoders, Akama baseline)
Supervised classification (objective=classify_audio, modality=audio)
[paths] tty=False (progress bar off)
GPU available: True (cuda), used: True
TPU available: False, using: 0 TPU cores
IPU available: False, using: 0 IPUs
HPU available: False, using: 0 HPUs
Auto-discovered checkpoint: ../results/clf_audio_raw_lso_song33/nmed-CL-preprocessing_eegmusic/version_0/checkpoints/best-checkpoint.ckpt
[[[ START ]]] 2026-06-23 12:36:38.678715
[load] checkpoint state_dict matched the model exactly
You are using a CUDA device ('NVIDIA L40S') that has Tensor Cores. To properly utilize them, you should set `torch.set_float32_matmul_precision('medium' | 'high')` which will trade-off precision for performance. For more details, read https://pytorch.org/docs/stable/generated/torch.set_float32_matmul_precision.html#torch.set_float32_matmul_precision
LOCAL_RANK: 0 - CUDA_VISIBLE_DEVICES: [1]

===== SUPERVISED TEST RESULTS =====
objective: classify_audio  |  chance = 0.25
Global accuracy (all data):        0.9231
Global accuracy (high attention):  0.9231
Per-class accuracy (all):          [0.9231, nan, nan, nan]
NOTE: classify_audio is a negative control — expected ~chance; above-chance accuracy quantifies song->label leakage, not performance.
===================================
== Supervised test (objective=classify_audio) ==
chance: 0.2500
n_windows total: 104
n_windows high-attention: 39
global accuracy (records, all): 0.9231
global accuracy (records, attn): 0.9231
Figures saved to: ../results/clf_audio_raw_lso_song33/nmed-CL-preprocessing_eegmusic/version_1
[[[ FINISH ]]] 2026-06-23 12:36:45.004555

===== [12:36] clf_eeg_lso_song33  (classify_eeg|raw|33)  elapsed 144m =====
  TRAIN
/home/andrea.giampietro/.conda/envs/eeg_attention/lib/python3.9/site-packages/lightning_fabric/__init__.py:29: UserWarning: pkg_resources is deprecated as an API. See https://setuptools.pypa.io/en/latest/pkg_resources.html. The pkg_resources package is slated for removal as early as 2025-11-30. Refrain from using this package or pin to Setuptools<81.
  __import__("pkg_resources").declare_namespace(__name__)
[paths] host=edu02 host_profile_keys=[] cpu=128 cpu_effective=8
[paths] dataset_dir=../dataset
[paths] log_dir=../results
[paths] workers=7
[rank: 0] Global seed set to 42
no augmentation
[cv] mode=leave_song_out held_out_id=33
Size of train dataset: 3388
Size of valid dataset: 1133
Size of test dataset: 104
[audio] SampleCNN2DEEG (4 independent encoders, Akama baseline)
Supervised classification (objective=classify_eeg, modality=eeg)
[paths] tty=False (progress bar off, epoch summaries instead)
GPU available: True (cuda), used: True
TPU available: False, using: 0 TPU cores
IPU available: False, using: 0 IPUs
HPU available: False, using: 0 HPUs
[[[ START ]]] 2026-06-23 12:37:21.500065
You are using a CUDA device ('NVIDIA L40S') that has Tensor Cores. To properly utilize them, you should set `torch.set_float32_matmul_precision('medium' | 'high')` which will trade-off precision for performance. For more details, read https://pytorch.org/docs/stable/generated/torch.set_float32_matmul_precision.html#torch.set_float32_matmul_precision
Missing logger folder: ../results/clf_eeg_lso_song33/nmed-CL-preprocessing_eegmusic
LOCAL_RANK: 0 - CUDA_VISIBLE_DEVICES: [1]

  | Name        | Type             | Params
-------------------------------------------------
0 | encoder_eeg | SampleCNN2DEEG   | 116 K 
1 | classifier  | Linear           | 404   
2 | criterion   | CrossEntropyLoss | 0     
-------------------------------------------------
116 K     Trainable params
0         Non-trainable params
116 K     Total params
0.466     Total estimated model params size (MB)
SLURM auto-requeueing enabled. Setting signal handlers.
[epoch    0] train_loss=n/a val_loss=1.4667
2026-06-23 12:37:23,023 - dataloader_debug - INFO - --- Valid Epoch 0: acc=0.0000 n=16 (chance=0.25) ---
[epoch    0] train_loss=1.2416 val_loss=1.3265
2026-06-23 12:37:46,918 - dataloader_debug - INFO - --- Valid Epoch 0: acc=0.5080 n=1128 (chance=0.25) ---
Metric Valid/loss improved. New best score: 1.327
[epoch    1] train_loss=1.6363 val_loss=1.2641
2026-06-23 12:38:11,186 - dataloader_debug - INFO - --- Valid Epoch 1: acc=0.5656 n=1128 (chance=0.25) ---
Metric Valid/loss improved by 0.062 >= min_delta = 0.0. New best score: 1.264
[epoch    2] train_loss=1.1951 val_loss=1.2885
2026-06-23 12:38:35,521 - dataloader_debug - INFO - --- Valid Epoch 2: acc=0.5674 n=1128 (chance=0.25) ---
[epoch    3] train_loss=1.4039 val_loss=1.3549
2026-06-23 12:38:58,801 - dataloader_debug - INFO - --- Valid Epoch 3: acc=0.4637 n=1128 (chance=0.25) ---
[epoch    4] train_loss=1.1020 val_loss=1.2644
2026-06-23 12:39:22,076 - dataloader_debug - INFO - --- Valid Epoch 4: acc=0.5612 n=1128 (chance=0.25) ---
[epoch    5] train_loss=0.9337 val_loss=1.2767
2026-06-23 12:39:45,596 - dataloader_debug - INFO - --- Valid Epoch 5: acc=0.5550 n=1128 (chance=0.25) ---
[epoch    6] train_loss=1.0492 val_loss=1.2817
2026-06-23 12:40:08,645 - dataloader_debug - INFO - --- Valid Epoch 6: acc=0.5523 n=1128 (chance=0.25) ---
[epoch    7] train_loss=1.1855 val_loss=1.3080
2026-06-23 12:40:33,918 - dataloader_debug - INFO - --- Valid Epoch 7: acc=0.4548 n=1128 (chance=0.25) ---
[epoch    8] train_loss=1.3200 val_loss=1.2903
2026-06-23 12:40:59,758 - dataloader_debug - INFO - --- Valid Epoch 8: acc=0.5594 n=1128 (chance=0.25) ---
[epoch    9] train_loss=1.4183 val_loss=1.2670
2026-06-23 12:41:23,121 - dataloader_debug - INFO - --- Valid Epoch 9: acc=0.5470 n=1128 (chance=0.25) ---
[epoch   10] train_loss=0.9877 val_loss=1.3910
2026-06-23 12:41:46,532 - dataloader_debug - INFO - --- Valid Epoch 10: acc=0.4379 n=1128 (chance=0.25) ---
[epoch   11] train_loss=1.1235 val_loss=1.2943
2026-06-23 12:42:10,406 - dataloader_debug - INFO - --- Valid Epoch 11: acc=0.5355 n=1128 (chance=0.25) ---
Monitored metric Valid/loss did not improve in the last 10 records. Best score: 1.264. Signaling Trainer to stop.
Trainer was signaled to stop but the required `min_epochs=50` or `min_steps=None` has not been met. Training will continue...
[epoch   12] train_loss=1.1519 val_loss=1.3065
2026-06-23 12:42:33,887 - dataloader_debug - INFO - --- Valid Epoch 12: acc=0.5479 n=1128 (chance=0.25) ---
Monitored metric Valid/loss did not improve in the last 11 records. Best score: 1.264. Signaling Trainer to stop.
[epoch   13] train_loss=0.9895 val_loss=1.2991
2026-06-23 12:42:57,017 - dataloader_debug - INFO - --- Valid Epoch 13: acc=0.5204 n=1128 (chance=0.25) ---
Monitored metric Valid/loss did not improve in the last 12 records. Best score: 1.264. Signaling Trainer to stop.
[epoch   14] train_loss=1.1968 val_loss=1.3327
2026-06-23 12:43:19,594 - dataloader_debug - INFO - --- Valid Epoch 14: acc=0.4654 n=1128 (chance=0.25) ---
Monitored metric Valid/loss did not improve in the last 13 records. Best score: 1.264. Signaling Trainer to stop.
[epoch   15] train_loss=0.9544 val_loss=1.3047
2026-06-23 12:43:43,141 - dataloader_debug - INFO - --- Valid Epoch 15: acc=0.5257 n=1128 (chance=0.25) ---
Monitored metric Valid/loss did not improve in the last 14 records. Best score: 1.264. Signaling Trainer to stop.
[epoch   16] train_loss=0.8419 val_loss=1.3082
2026-06-23 12:44:06,886 - dataloader_debug - INFO - --- Valid Epoch 16: acc=0.4725 n=1128 (chance=0.25) ---
Monitored metric Valid/loss did not improve in the last 15 records. Best score: 1.264. Signaling Trainer to stop.
[epoch   17] train_loss=1.2718 val_loss=1.6322
2026-06-23 12:44:30,379 - dataloader_debug - INFO - --- Valid Epoch 17: acc=0.4113 n=1128 (chance=0.25) ---
Monitored metric Valid/loss did not improve in the last 16 records. Best score: 1.264. Signaling Trainer to stop.
[epoch   18] train_loss=1.0432 val_loss=2.0150
2026-06-23 12:44:54,249 - dataloader_debug - INFO - --- Valid Epoch 18: acc=0.2482 n=1128 (chance=0.25) ---
Monitored metric Valid/loss did not improve in the last 17 records. Best score: 1.264. Signaling Trainer to stop.
[epoch   19] train_loss=1.1614 val_loss=1.4467
2026-06-23 12:45:17,719 - dataloader_debug - INFO - --- Valid Epoch 19: acc=0.5355 n=1128 (chance=0.25) ---
Monitored metric Valid/loss did not improve in the last 18 records. Best score: 1.264. Signaling Trainer to stop.
[epoch   20] train_loss=0.8566 val_loss=1.4527
2026-06-23 12:45:41,433 - dataloader_debug - INFO - --- Valid Epoch 20: acc=0.5000 n=1128 (chance=0.25) ---
Monitored metric Valid/loss did not improve in the last 19 records. Best score: 1.264. Signaling Trainer to stop.
[epoch   21] train_loss=1.2604 val_loss=1.3785
2026-06-23 12:46:04,362 - dataloader_debug - INFO - --- Valid Epoch 21: acc=0.3652 n=1128 (chance=0.25) ---
Monitored metric Valid/loss did not improve in the last 20 records. Best score: 1.264. Signaling Trainer to stop.
[epoch   22] train_loss=0.9976 val_loss=1.7568
2026-06-23 12:46:29,714 - dataloader_debug - INFO - --- Valid Epoch 22: acc=0.1569 n=1128 (chance=0.25) ---
Monitored metric Valid/loss did not improve in the last 21 records. Best score: 1.264. Signaling Trainer to stop.
[epoch   23] train_loss=0.9790 val_loss=1.7693
2026-06-23 12:46:56,798 - dataloader_debug - INFO - --- Valid Epoch 23: acc=0.3209 n=1128 (chance=0.25) ---
Monitored metric Valid/loss did not improve in the last 22 records. Best score: 1.264. Signaling Trainer to stop.
[epoch   24] train_loss=1.2037 val_loss=1.8931
2026-06-23 12:47:20,722 - dataloader_debug - INFO - --- Valid Epoch 24: acc=0.1915 n=1128 (chance=0.25) ---
Monitored metric Valid/loss did not improve in the last 23 records. Best score: 1.264. Signaling Trainer to stop.
[epoch   25] train_loss=1.0567 val_loss=1.8360
2026-06-23 12:47:43,992 - dataloader_debug - INFO - --- Valid Epoch 25: acc=0.1578 n=1128 (chance=0.25) ---
Monitored metric Valid/loss did not improve in the last 24 records. Best score: 1.264. Signaling Trainer to stop.
[epoch   26] train_loss=0.7844 val_loss=1.8482
2026-06-23 12:48:07,011 - dataloader_debug - INFO - --- Valid Epoch 26: acc=0.2234 n=1128 (chance=0.25) ---
Monitored metric Valid/loss did not improve in the last 25 records. Best score: 1.264. Signaling Trainer to stop.
[epoch   27] train_loss=1.5409 val_loss=1.7561
2026-06-23 12:48:30,429 - dataloader_debug - INFO - --- Valid Epoch 27: acc=0.4583 n=1128 (chance=0.25) ---
Monitored metric Valid/loss did not improve in the last 26 records. Best score: 1.264. Signaling Trainer to stop.
[epoch   28] train_loss=1.1300 val_loss=7.1033
2026-06-23 12:48:53,536 - dataloader_debug - INFO - --- Valid Epoch 28: acc=0.1082 n=1128 (chance=0.25) ---
Monitored metric Valid/loss did not improve in the last 27 records. Best score: 1.264. Signaling Trainer to stop.
[epoch   29] train_loss=0.7982 val_loss=11.6295
2026-06-23 12:49:16,854 - dataloader_debug - INFO - --- Valid Epoch 29: acc=0.1046 n=1128 (chance=0.25) ---
Monitored metric Valid/loss did not improve in the last 28 records. Best score: 1.264. Signaling Trainer to stop.
[epoch   30] train_loss=1.0605 val_loss=3.5966
2026-06-23 12:49:40,548 - dataloader_debug - INFO - --- Valid Epoch 30: acc=0.1862 n=1128 (chance=0.25) ---
Monitored metric Valid/loss did not improve in the last 29 records. Best score: 1.264. Signaling Trainer to stop.
[epoch   31] train_loss=1.1835 val_loss=3.6517
2026-06-23 12:50:04,858 - dataloader_debug - INFO - --- Valid Epoch 31: acc=0.1356 n=1128 (chance=0.25) ---
Monitored metric Valid/loss did not improve in the last 30 records. Best score: 1.264. Signaling Trainer to stop.
[epoch   32] train_loss=0.7825 val_loss=3.0082
2026-06-23 12:50:29,308 - dataloader_debug - INFO - --- Valid Epoch 32: acc=0.1817 n=1128 (chance=0.25) ---
Monitored metric Valid/loss did not improve in the last 31 records. Best score: 1.264. Signaling Trainer to stop.
[epoch   33] train_loss=0.6827 val_loss=2.0853
2026-06-23 12:50:53,895 - dataloader_debug - INFO - --- Valid Epoch 33: acc=0.5355 n=1128 (chance=0.25) ---
Monitored metric Valid/loss did not improve in the last 32 records. Best score: 1.264. Signaling Trainer to stop.
[epoch   34] train_loss=0.6412 val_loss=1.8828
2026-06-23 12:51:18,023 - dataloader_debug - INFO - --- Valid Epoch 34: acc=0.5133 n=1128 (chance=0.25) ---
Monitored metric Valid/loss did not improve in the last 33 records. Best score: 1.264. Signaling Trainer to stop.
[epoch   35] train_loss=1.7753 val_loss=3.1291
2026-06-23 12:51:41,358 - dataloader_debug - INFO - --- Valid Epoch 35: acc=0.1684 n=1128 (chance=0.25) ---
Monitored metric Valid/loss did not improve in the last 34 records. Best score: 1.264. Signaling Trainer to stop.
[epoch   36] train_loss=1.0412 val_loss=3.5962
2026-06-23 12:52:05,895 - dataloader_debug - INFO - --- Valid Epoch 36: acc=0.1445 n=1128 (chance=0.25) ---
Monitored metric Valid/loss did not improve in the last 35 records. Best score: 1.264. Signaling Trainer to stop.
[epoch   37] train_loss=1.0173 val_loss=1.8287
2026-06-23 12:52:31,566 - dataloader_debug - INFO - --- Valid Epoch 37: acc=0.2872 n=1128 (chance=0.25) ---
Monitored metric Valid/loss did not improve in the last 36 records. Best score: 1.264. Signaling Trainer to stop.
[epoch   38] train_loss=1.0214 val_loss=4.2275
2026-06-23 12:52:57,293 - dataloader_debug - INFO - --- Valid Epoch 38: acc=0.1738 n=1128 (chance=0.25) ---
Monitored metric Valid/loss did not improve in the last 37 records. Best score: 1.264. Signaling Trainer to stop.
[epoch   39] train_loss=1.0954 val_loss=3.7218
2026-06-23 12:53:21,472 - dataloader_debug - INFO - --- Valid Epoch 39: acc=0.1427 n=1128 (chance=0.25) ---
Monitored metric Valid/loss did not improve in the last 38 records. Best score: 1.264. Signaling Trainer to stop.
[epoch   40] train_loss=0.5640 val_loss=5.2725
2026-06-23 12:53:45,687 - dataloader_debug - INFO - --- Valid Epoch 40: acc=0.1959 n=1128 (chance=0.25) ---
Monitored metric Valid/loss did not improve in the last 39 records. Best score: 1.264. Signaling Trainer to stop.
[epoch   41] train_loss=0.5216 val_loss=2.3714
2026-06-23 12:54:09,963 - dataloader_debug - INFO - --- Valid Epoch 41: acc=0.2908 n=1128 (chance=0.25) ---
Monitored metric Valid/loss did not improve in the last 40 records. Best score: 1.264. Signaling Trainer to stop.
[epoch   42] train_loss=0.3713 val_loss=3.5664
2026-06-23 12:54:34,292 - dataloader_debug - INFO - --- Valid Epoch 42: acc=0.2137 n=1128 (chance=0.25) ---
Monitored metric Valid/loss did not improve in the last 41 records. Best score: 1.264. Signaling Trainer to stop.
[epoch   43] train_loss=0.7376 val_loss=2.5108
2026-06-23 12:54:58,186 - dataloader_debug - INFO - --- Valid Epoch 43: acc=0.2828 n=1128 (chance=0.25) ---
Monitored metric Valid/loss did not improve in the last 42 records. Best score: 1.264. Signaling Trainer to stop.
[epoch   44] train_loss=0.2494 val_loss=2.6984
2026-06-23 12:55:22,434 - dataloader_debug - INFO - --- Valid Epoch 44: acc=0.4911 n=1128 (chance=0.25) ---
Monitored metric Valid/loss did not improve in the last 43 records. Best score: 1.264. Signaling Trainer to stop.
[epoch   45] train_loss=0.5433 val_loss=7.2593
2026-06-23 12:55:46,751 - dataloader_debug - INFO - --- Valid Epoch 45: acc=0.1800 n=1128 (chance=0.25) ---
Monitored metric Valid/loss did not improve in the last 44 records. Best score: 1.264. Signaling Trainer to stop.
[epoch   46] train_loss=0.6137 val_loss=4.0980
2026-06-23 12:56:10,672 - dataloader_debug - INFO - --- Valid Epoch 46: acc=0.1410 n=1128 (chance=0.25) ---
Monitored metric Valid/loss did not improve in the last 45 records. Best score: 1.264. Signaling Trainer to stop.
[epoch   47] train_loss=0.7475 val_loss=5.5435
2026-06-23 12:56:35,124 - dataloader_debug - INFO - --- Valid Epoch 47: acc=0.1356 n=1128 (chance=0.25) ---
Monitored metric Valid/loss did not improve in the last 46 records. Best score: 1.264. Signaling Trainer to stop.
[epoch   48] train_loss=0.3019 val_loss=5.6315
2026-06-23 12:56:59,442 - dataloader_debug - INFO - --- Valid Epoch 48: acc=0.1454 n=1128 (chance=0.25) ---
Monitored metric Valid/loss did not improve in the last 47 records. Best score: 1.264. Signaling Trainer to stop.
[epoch   49] train_loss=0.5646 val_loss=4.2760
2026-06-23 12:57:23,232 - dataloader_debug - INFO - --- Valid Epoch 49: acc=0.1587 n=1128 (chance=0.25) ---
Monitored metric Valid/loss did not improve in the last 48 records. Best score: 1.264. Signaling Trainer to stop.
[[[ FINISH ]]] 2026-06-23 12:57:23.398955
  TEST
/home/andrea.giampietro/.conda/envs/eeg_attention/lib/python3.9/site-packages/lightning_fabric/__init__.py:29: UserWarning: pkg_resources is deprecated as an API. See https://setuptools.pypa.io/en/latest/pkg_resources.html. The pkg_resources package is slated for removal as early as 2025-11-30. Refrain from using this package or pin to Setuptools<81.
  __import__("pkg_resources").declare_namespace(__name__)
[paths] host=edu02 host_profile_keys=[] cpu=128 cpu_effective=8
[paths] dataset_dir=../dataset
[paths] log_dir=../results
[paths] workers=7
[rank: 0] Global seed set to 42
no augmentation
[cv] mode=leave_song_out held_out_id=33
Size of train dataset: 3388
Size of valid dataset: 1133
Size of test dataset: 104
[audio] SampleCNN2DEEG (4 independent encoders, Akama baseline)
Supervised classification (objective=classify_eeg, modality=eeg)
[paths] tty=False (progress bar off)
GPU available: True (cuda), used: True
TPU available: False, using: 0 TPU cores
IPU available: False, using: 0 IPUs
HPU available: False, using: 0 HPUs
Auto-discovered checkpoint: ../results/clf_eeg_lso_song33/nmed-CL-preprocessing_eegmusic/version_0/checkpoints/best-checkpoint.ckpt
[[[ START ]]] 2026-06-23 12:57:58.932509
[load] checkpoint state_dict matched the model exactly
You are using a CUDA device ('NVIDIA L40S') that has Tensor Cores. To properly utilize them, you should set `torch.set_float32_matmul_precision('medium' | 'high')` which will trade-off precision for performance. For more details, read https://pytorch.org/docs/stable/generated/torch.set_float32_matmul_precision.html#torch.set_float32_matmul_precision
LOCAL_RANK: 0 - CUDA_VISIBLE_DEVICES: [1]

===== SUPERVISED TEST RESULTS =====
objective: classify_eeg  |  chance = 0.25
Global accuracy (all data):        1.0000
Global accuracy (high attention):  1.0000
Per-class accuracy (all):          [1.0, nan, nan, nan]
===================================
== Supervised test (objective=classify_eeg) ==
chance: 0.2500
n_windows total: 104
n_windows high-attention: 39
global accuracy (records, all): 1.0000
global accuracy (records, attn): 1.0000
Figures saved to: ../results/clf_eeg_lso_song33/nmed-CL-preprocessing_eegmusic/version_1
[[[ FINISH ]]] 2026-06-23 12:58:01.678027

===== [12:58] clf_audio_raw_lso_song112  (classify_audio|raw|112)  elapsed 166m =====
  TRAIN
/home/andrea.giampietro/.conda/envs/eeg_attention/lib/python3.9/site-packages/lightning_fabric/__init__.py:29: UserWarning: pkg_resources is deprecated as an API. See https://setuptools.pypa.io/en/latest/pkg_resources.html. The pkg_resources package is slated for removal as early as 2025-11-30. Refrain from using this package or pin to Setuptools<81.
  __import__("pkg_resources").declare_namespace(__name__)
[paths] host=edu02 host_profile_keys=[] cpu=128 cpu_effective=8
[paths] dataset_dir=../dataset
[paths] log_dir=../results
[paths] workers=7
[rank: 0] Global seed set to 42
no augmentation
[cv] mode=leave_song_out held_out_id=112
Size of train dataset: 3366
Size of valid dataset: 1144
Size of test dataset: 104
[audio] SampleCNN2DEEG (4 independent encoders, Akama baseline)
Supervised classification (objective=classify_audio, modality=audio)
[paths] tty=False (progress bar off, epoch summaries instead)
GPU available: True (cuda), used: True
TPU available: False, using: 0 TPU cores
IPU available: False, using: 0 IPUs
HPU available: False, using: 0 HPUs
[[[ START ]]] 2026-06-23 12:58:28.198998
You are using a CUDA device ('NVIDIA L40S') that has Tensor Cores. To properly utilize them, you should set `torch.set_float32_matmul_precision('medium' | 'high')` which will trade-off precision for performance. For more details, read https://pytorch.org/docs/stable/generated/torch.set_float32_matmul_precision.html#torch.set_float32_matmul_precision
Missing logger folder: ../results/clf_audio_raw_lso_song112/nmed-CL-preprocessing_eegmusic
LOCAL_RANK: 0 - CUDA_VISIBLE_DEVICES: [1]

  | Name           | Type             | Params
----------------------------------------------------
0 | encoder_vocal  | SampleCNN2DEEG   | 116 K 
1 | encoder_drum   | SampleCNN2DEEG   | 116 K 
2 | encoder_bass   | SampleCNN2DEEG   | 116 K 
3 | encoder_others | SampleCNN2DEEG   | 116 K 
4 | classifier     | Linear           | 1.6 K 
5 | criterion      | CrossEntropyLoss | 0     
----------------------------------------------------
466 K     Trainable params
0         Non-trainable params
466 K     Total params
1.864     Total estimated model params size (MB)
SLURM auto-requeueing enabled. Setting signal handlers.
[epoch    0] train_loss=n/a val_loss=1.3789
2026-06-23 12:58:30,181 - dataloader_debug - INFO - --- Valid Epoch 0: acc=0.0000 n=16 (chance=0.25) ---
[epoch    0] train_loss=1.1325 val_loss=1.0973
2026-06-23 13:04:05,406 - dataloader_debug - INFO - --- Valid Epoch 0: acc=0.5323 n=1144 (chance=0.25) ---
Metric Valid/loss improved. New best score: 1.097
[epoch    1] train_loss=0.3292 val_loss=24.5887
2026-06-23 13:09:41,122 - dataloader_debug - INFO - --- Valid Epoch 1: acc=0.1442 n=1144 (chance=0.25) ---
[epoch    2] train_loss=1.2267 val_loss=1.3490
2026-06-23 13:15:17,549 - dataloader_debug - INFO - --- Valid Epoch 2: acc=0.5087 n=1144 (chance=0.25) ---
[epoch    3] train_loss=0.1974 val_loss=2.3960
2026-06-23 13:20:53,081 - dataloader_debug - INFO - --- Valid Epoch 3: acc=0.3523 n=1144 (chance=0.25) ---
[epoch    4] train_loss=0.0965 val_loss=1.8478
2026-06-23 13:26:28,513 - dataloader_debug - INFO - --- Valid Epoch 4: acc=0.4056 n=1144 (chance=0.25) ---
[epoch    5] train_loss=0.3186 val_loss=2.9934
2026-06-23 13:32:04,463 - dataloader_debug - INFO - --- Valid Epoch 5: acc=0.3112 n=1144 (chance=0.25) ---
[epoch    6] train_loss=0.0911 val_loss=0.6347
2026-06-23 13:37:39,918 - dataloader_debug - INFO - --- Valid Epoch 6: acc=0.8278 n=1144 (chance=0.25) ---
Metric Valid/loss improved by 0.463 >= min_delta = 0.0. New best score: 0.635
[epoch    7] train_loss=0.1266 val_loss=5.5663
2026-06-23 13:43:15,380 - dataloader_debug - INFO - --- Valid Epoch 7: acc=0.3470 n=1144 (chance=0.25) ---
bypassing sigterm
Traceback (most recent call last):
  File "/home/andrea.giampietro/EEG-Attention-decoding-with-CLAP/src/main.py", line 398, in <module>
    trainer.fit(module, train_dataloaders=train_loader, val_dataloaders=valid_loader)
  File "/home/andrea.giampietro/.conda/envs/eeg_attention/lib/python3.9/site-packages/pytorch_lightning/trainer/trainer.py", line 608, in fit
    call._call_and_handle_interrupt(
  File "/home/andrea.giampietro/.conda/envs/eeg_attention/lib/python3.9/site-packages/pytorch_lightning/trainer/call.py", line 38, in _call_and_handle_interrupt
    return trainer_fn(*args, **kwargs)
  File "/home/andrea.giampietro/.conda/envs/eeg_attention/lib/python3.9/site-packages/pytorch_lightning/trainer/trainer.py", line 650, in _fit_impl
    self._run(model, ckpt_path=self.ckpt_path)
  File "/home/andrea.giampietro/.conda/envs/eeg_attention/lib/python3.9/site-packages/pytorch_lightning/trainer/trainer.py", line 1112, in _run
    results = self._run_stage()
  File "/home/andrea.giampietro/.conda/envs/eeg_attention/lib/python3.9/site-packages/pytorch_lightning/trainer/trainer.py", line 1191, in _run_stage
    self._run_train()
  File "/home/andrea.giampietro/.conda/envs/eeg_attention/lib/python3.9/site-packages/pytorch_lightning/trainer/trainer.py", line 1214, in _run_train
    self.fit_loop.run()
  File "/home/andrea.giampietro/.conda/envs/eeg_attention/lib/python3.9/site-packages/pytorch_lightning/loops/loop.py", line 199, in run
    self.advance(*args, **kwargs)
  File "/home/andrea.giampietro/.conda/envs/eeg_attention/lib/python3.9/site-packages/pytorch_lightning/loops/fit_loop.py", line 267, in advance
    self._outputs = self.epoch_loop.run(self._data_fetcher)
  File "/home/andrea.giampietro/.conda/envs/eeg_attention/lib/python3.9/site-packages/pytorch_lightning/loops/loop.py", line 199, in run
    self.advance(*args, **kwargs)
  File "/home/andrea.giampietro/.conda/envs/eeg_attention/lib/python3.9/site-packages/pytorch_lightning/loops/epoch/training_epoch_loop.py", line 231, in advance
    self.trainer._logger_connector.on_batch_end()
  File "/home/andrea.giampietro/.conda/envs/eeg_attention/lib/python3.9/site-packages/pytorch_lightning/trainer/connectors/logger_connector/logger_connector.py", line 200, in on_batch_end
    metrics = self.metrics
  File "/home/andrea.giampietro/.conda/envs/eeg_attention/lib/python3.9/site-packages/pytorch_lightning/trainer/connectors/logger_connector/logger_connector.py", line 237, in metrics
    return self.trainer._results.metrics(on_step)
  File "/home/andrea.giampietro/.conda/envs/eeg_attention/lib/python3.9/site-packages/pytorch_lightning/trainer/connectors/logger_connector/result.py", line 616, in metrics
    metrics["pbar"][forked_name] = convert_tensors_to_scalars(value)
  File "/home/andrea.giampietro/.conda/envs/eeg_attention/lib/python3.9/site-packages/lightning_fabric/utilities/apply_func.py", line 126, in convert_tensors_to_scalars
    return apply_to_collection(data, Tensor, to_item)
  File "/home/andrea.giampietro/.conda/envs/eeg_attention/lib/python3.9/site-packages/lightning_utilities/core/apply_func.py", line 66, in apply_to_collection
    return function(data, *args, **kwargs)
  File "/home/andrea.giampietro/.conda/envs/eeg_attention/lib/python3.9/site-packages/lightning_fabric/utilities/apply_func.py", line 124, in to_item
    return value.item()
  File "/home/andrea.giampietro/.conda/envs/eeg_attention/lib/python3.9/site-packages/torch/utils/data/_utils/signal_handling.py", line 66, in handler
    _error_if_any_worker_fails()
RuntimeError: DataLoader worker (pid 3022939) is killed by signal: Terminated. 
  TEST
/home/andrea.giampietro/.conda/envs/eeg_attention/lib/python3.9/site-packages/lightning_fabric/__init__.py:29: UserWarning: pkg_resources is deprecated as an API. See https://setuptools.pypa.io/en/latest/pkg_resources.html. The pkg_resources package is slated for removal as early as 2025-11-30. Refrain from using this package or pin to Setuptools<81.
  __import__("pkg_resources").declare_namespace(__name__)
[paths] host=edu02 host_profile_keys=[] cpu=128 cpu_effective=8
[paths] dataset_dir=../dataset
[paths] log_dir=../results
[paths] workers=7
[rank: 0] Global seed set to 42
no augmentation
[cv] mode=leave_song_out held_out_id=112
Size of train dataset: 3366
Size of valid dataset: 1144
Size of test dataset: 104
[audio] SampleCNN2DEEG (4 independent encoders, Akama baseline)
Supervised classification (objective=classify_audio, modality=audio)
[paths] tty=False (progress bar off)
GPU available: True (cuda), used: True
TPU available: False, using: 0 TPU cores
IPU available: False, using: 0 IPUs
HPU available: False, using: 0 HPUs
Auto-discovered checkpoint: ../results/clf_audio_raw_lso_song112/nmed-CL-preprocessing_eegmusic/version_0/checkpoints/best-checkpoint.ckpt
[[[ START ]]] 2026-06-23 13:48:59.780996
[load] checkpoint state_dict matched the model exactly
You are using a CUDA device ('NVIDIA L40S') that has Tensor Cores. To properly utilize them, you should set `torch.set_float32_matmul_precision('medium' | 'high')` which will trade-off precision for performance. For more details, read https://pytorch.org/docs/stable/generated/torch.set_float32_matmul_precision.html#torch.set_float32_matmul_precision
LOCAL_RANK: 0 - CUDA_VISIBLE_DEVICES: [1]

===== SUPERVISED TEST RESULTS =====
objective: classify_audio  |  chance = 0.25
Global accuracy (all data):        0.0000
Global accuracy (high attention):  0.0000
Per-class accuracy (all):          [nan, 0.0, nan, nan]
NOTE: classify_audio is a negative control — expected ~chance; above-chance accuracy quantifies song->label leakage, not performance.
===================================
== Supervised test (objective=classify_audio) ==
chance: 0.2500
n_windows total: 104
n_windows high-attention: 52
global accuracy (records, all): 0.0000
global accuracy (records, attn): 0.0000
Figures saved to: ../results/clf_audio_raw_lso_song112/nmed-CL-preprocessing_eegmusic/version_1
[[[ FINISH ]]] 2026-06-23 13:49:05.533633

===== [13:49] clf_eeg_lso_song112  (classify_eeg|raw|112)  elapsed 217m =====
  TRAIN
/home/andrea.giampietro/.conda/envs/eeg_attention/lib/python3.9/site-packages/lightning_fabric/__init__.py:29: UserWarning: pkg_resources is deprecated as an API. See https://setuptools.pypa.io/en/latest/pkg_resources.html. The pkg_resources package is slated for removal as early as 2025-11-30. Refrain from using this package or pin to Setuptools<81.
  __import__("pkg_resources").declare_namespace(__name__)
[paths] host=edu02 host_profile_keys=[] cpu=128 cpu_effective=8
[paths] dataset_dir=../dataset
[paths] log_dir=../results
[paths] workers=7
[rank: 0] Global seed set to 42
no augmentation
[cv] mode=leave_song_out held_out_id=112
Size of train dataset: 3366
Size of valid dataset: 1144
Size of test dataset: 104
[audio] SampleCNN2DEEG (4 independent encoders, Akama baseline)
Supervised classification (objective=classify_eeg, modality=eeg)
[paths] tty=False (progress bar off, epoch summaries instead)
GPU available: True (cuda), used: True
TPU available: False, using: 0 TPU cores
IPU available: False, using: 0 IPUs
HPU available: False, using: 0 HPUs
[[[ START ]]] 2026-06-23 13:49:34.519628
You are using a CUDA device ('NVIDIA L40S') that has Tensor Cores. To properly utilize them, you should set `torch.set_float32_matmul_precision('medium' | 'high')` which will trade-off precision for performance. For more details, read https://pytorch.org/docs/stable/generated/torch.set_float32_matmul_precision.html#torch.set_float32_matmul_precision
Missing logger folder: ../results/clf_eeg_lso_song112/nmed-CL-preprocessing_eegmusic
LOCAL_RANK: 0 - CUDA_VISIBLE_DEVICES: [1]

  | Name        | Type             | Params
-------------------------------------------------
0 | encoder_eeg | SampleCNN2DEEG   | 116 K 
1 | classifier  | Linear           | 404   
2 | criterion   | CrossEntropyLoss | 0     
-------------------------------------------------
116 K     Trainable params
0         Non-trainable params
116 K     Total params
0.466     Total estimated model params size (MB)
SLURM auto-requeueing enabled. Setting signal handlers.
[epoch    0] train_loss=n/a val_loss=1.4667
2026-06-23 13:49:36,016 - dataloader_debug - INFO - --- Valid Epoch 0: acc=0.0000 n=16 (chance=0.25) ---
[epoch    0] train_loss=1.3466 val_loss=1.2423
2026-06-23 13:49:59,495 - dataloader_debug - INFO - --- Valid Epoch 0: acc=0.5647 n=1144 (chance=0.25) ---
Metric Valid/loss improved. New best score: 1.242
[epoch    1] train_loss=1.2036 val_loss=1.2584
2026-06-23 13:50:22,978 - dataloader_debug - INFO - --- Valid Epoch 1: acc=0.5411 n=1144 (chance=0.25) ---
[epoch    2] train_loss=1.2846 val_loss=1.2456
2026-06-23 13:50:47,131 - dataloader_debug - INFO - --- Valid Epoch 2: acc=0.5629 n=1144 (chance=0.25) ---
[epoch    3] train_loss=1.4262 val_loss=1.2435
2026-06-23 13:51:12,441 - dataloader_debug - INFO - --- Valid Epoch 3: acc=0.5673 n=1144 (chance=0.25) ---
[epoch    4] train_loss=0.8831 val_loss=1.3041
2026-06-23 13:51:36,534 - dataloader_debug - INFO - --- Valid Epoch 4: acc=0.5568 n=1144 (chance=0.25) ---
[epoch    5] train_loss=1.2056 val_loss=1.3301
2026-06-23 13:52:00,763 - dataloader_debug - INFO - --- Valid Epoch 5: acc=0.5559 n=1144 (chance=0.25) ---
[epoch    6] train_loss=0.9841 val_loss=1.2624
2026-06-23 13:52:24,656 - dataloader_debug - INFO - --- Valid Epoch 6: acc=0.5411 n=1144 (chance=0.25) ---
[epoch    7] train_loss=0.9816 val_loss=1.3094
2026-06-23 13:52:48,005 - dataloader_debug - INFO - --- Valid Epoch 7: acc=0.5341 n=1144 (chance=0.25) ---
[epoch    8] train_loss=0.9808 val_loss=1.2560
2026-06-23 13:53:12,550 - dataloader_debug - INFO - --- Valid Epoch 8: acc=0.5586 n=1144 (chance=0.25) ---
[epoch    9] train_loss=1.2917 val_loss=1.2869
2026-06-23 13:53:38,420 - dataloader_debug - INFO - --- Valid Epoch 9: acc=0.5586 n=1144 (chance=0.25) ---
[epoch   10] train_loss=1.2960 val_loss=1.3264
2026-06-23 13:54:01,702 - dataloader_debug - INFO - --- Valid Epoch 10: acc=0.4869 n=1144 (chance=0.25) ---
Monitored metric Valid/loss did not improve in the last 10 records. Best score: 1.242. Signaling Trainer to stop.
Trainer was signaled to stop but the required `min_epochs=50` or `min_steps=None` has not been met. Training will continue...
[epoch   11] train_loss=1.2541 val_loss=1.2968
2026-06-23 13:54:27,281 - dataloader_debug - INFO - --- Valid Epoch 11: acc=0.5288 n=1144 (chance=0.25) ---
Monitored metric Valid/loss did not improve in the last 11 records. Best score: 1.242. Signaling Trainer to stop.
[epoch   12] train_loss=1.3483 val_loss=1.3186
2026-06-23 13:54:54,389 - dataloader_debug - INFO - --- Valid Epoch 12: acc=0.5350 n=1144 (chance=0.25) ---
Monitored metric Valid/loss did not improve in the last 12 records. Best score: 1.242. Signaling Trainer to stop.
[epoch   13] train_loss=1.1254 val_loss=1.2649
2026-06-23 13:55:18,905 - dataloader_debug - INFO - --- Valid Epoch 13: acc=0.5455 n=1144 (chance=0.25) ---
Monitored metric Valid/loss did not improve in the last 13 records. Best score: 1.242. Signaling Trainer to stop.
[epoch   14] train_loss=1.5633 val_loss=1.3576
2026-06-23 13:55:42,712 - dataloader_debug - INFO - --- Valid Epoch 14: acc=0.4598 n=1144 (chance=0.25) ---
Monitored metric Valid/loss did not improve in the last 14 records. Best score: 1.242. Signaling Trainer to stop.
[epoch   15] train_loss=1.4981 val_loss=1.3873
2026-06-23 13:56:06,969 - dataloader_debug - INFO - --- Valid Epoch 15: acc=0.3628 n=1144 (chance=0.25) ---
Monitored metric Valid/loss did not improve in the last 15 records. Best score: 1.242. Signaling Trainer to stop.
[epoch   16] train_loss=1.3700 val_loss=1.3838
2026-06-23 13:56:31,544 - dataloader_debug - INFO - --- Valid Epoch 16: acc=0.3977 n=1144 (chance=0.25) ---
Monitored metric Valid/loss did not improve in the last 16 records. Best score: 1.242. Signaling Trainer to stop.
[epoch   17] train_loss=1.2904 val_loss=1.3676
2026-06-23 13:56:55,025 - dataloader_debug - INFO - --- Valid Epoch 17: acc=0.4108 n=1144 (chance=0.25) ---
Monitored metric Valid/loss did not improve in the last 17 records. Best score: 1.242. Signaling Trainer to stop.
[epoch   18] train_loss=1.0112 val_loss=1.3732
2026-06-23 13:57:18,142 - dataloader_debug - INFO - --- Valid Epoch 18: acc=0.4397 n=1144 (chance=0.25) ---
Monitored metric Valid/loss did not improve in the last 18 records. Best score: 1.242. Signaling Trainer to stop.
[epoch   19] train_loss=1.1499 val_loss=1.3929
2026-06-23 13:57:41,152 - dataloader_debug - INFO - --- Valid Epoch 19: acc=0.3531 n=1144 (chance=0.25) ---
Monitored metric Valid/loss did not improve in the last 19 records. Best score: 1.242. Signaling Trainer to stop.
[epoch   20] train_loss=1.5375 val_loss=1.4272
2026-06-23 13:58:05,466 - dataloader_debug - INFO - --- Valid Epoch 20: acc=0.3199 n=1144 (chance=0.25) ---
Monitored metric Valid/loss did not improve in the last 20 records. Best score: 1.242. Signaling Trainer to stop.
[epoch   21] train_loss=0.8898 val_loss=1.5145
2026-06-23 13:58:29,488 - dataloader_debug - INFO - --- Valid Epoch 21: acc=0.2998 n=1144 (chance=0.25) ---
Monitored metric Valid/loss did not improve in the last 21 records. Best score: 1.242. Signaling Trainer to stop.
[epoch   22] train_loss=1.1323 val_loss=1.4213
2026-06-23 13:58:53,585 - dataloader_debug - INFO - --- Valid Epoch 22: acc=0.4178 n=1144 (chance=0.25) ---
Monitored metric Valid/loss did not improve in the last 22 records. Best score: 1.242. Signaling Trainer to stop.
[epoch   23] train_loss=0.7995 val_loss=1.4160
2026-06-23 13:59:17,743 - dataloader_debug - INFO - --- Valid Epoch 23: acc=0.4178 n=1144 (chance=0.25) ---
Monitored metric Valid/loss did not improve in the last 23 records. Best score: 1.242. Signaling Trainer to stop.
[epoch   24] train_loss=0.8668 val_loss=1.6256
2026-06-23 13:59:41,446 - dataloader_debug - INFO - --- Valid Epoch 24: acc=0.2395 n=1144 (chance=0.25) ---
Monitored metric Valid/loss did not improve in the last 24 records. Best score: 1.242. Signaling Trainer to stop.
[epoch   25] train_loss=1.3506 val_loss=1.5820
2026-06-23 14:00:05,479 - dataloader_debug - INFO - --- Valid Epoch 25: acc=0.3680 n=1144 (chance=0.25) ---
Monitored metric Valid/loss did not improve in the last 25 records. Best score: 1.242. Signaling Trainer to stop.
[epoch   26] train_loss=0.8867 val_loss=1.4378
2026-06-23 14:00:32,022 - dataloader_debug - INFO - --- Valid Epoch 26: acc=0.4650 n=1144 (chance=0.25) ---
Monitored metric Valid/loss did not improve in the last 26 records. Best score: 1.242. Signaling Trainer to stop.
[epoch   27] train_loss=0.9838 val_loss=1.5456
2026-06-23 14:00:58,916 - dataloader_debug - INFO - --- Valid Epoch 27: acc=0.2378 n=1144 (chance=0.25) ---
Monitored metric Valid/loss did not improve in the last 27 records. Best score: 1.242. Signaling Trainer to stop.
[epoch   28] train_loss=0.8711 val_loss=1.5053
2026-06-23 14:01:23,784 - dataloader_debug - INFO - --- Valid Epoch 28: acc=0.2334 n=1144 (chance=0.25) ---
Monitored metric Valid/loss did not improve in the last 28 records. Best score: 1.242. Signaling Trainer to stop.
[epoch   29] train_loss=0.9397 val_loss=1.5822
2026-06-23 14:01:48,341 - dataloader_debug - INFO - --- Valid Epoch 29: acc=0.2203 n=1144 (chance=0.25) ---
Monitored metric Valid/loss did not improve in the last 29 records. Best score: 1.242. Signaling Trainer to stop.
[epoch   30] train_loss=1.4052 val_loss=1.5020
2026-06-23 14:02:12,767 - dataloader_debug - INFO - --- Valid Epoch 30: acc=0.4257 n=1144 (chance=0.25) ---
Monitored metric Valid/loss did not improve in the last 30 records. Best score: 1.242. Signaling Trainer to stop.
[epoch   31] train_loss=1.1344 val_loss=2.1882
2026-06-23 14:02:37,493 - dataloader_debug - INFO - --- Valid Epoch 31: acc=0.3531 n=1144 (chance=0.25) ---
Monitored metric Valid/loss did not improve in the last 31 records. Best score: 1.242. Signaling Trainer to stop.
[epoch   32] train_loss=0.8316 val_loss=1.4089
2026-06-23 14:03:01,272 - dataloader_debug - INFO - --- Valid Epoch 32: acc=0.4021 n=1144 (chance=0.25) ---
Monitored metric Valid/loss did not improve in the last 32 records. Best score: 1.242. Signaling Trainer to stop.
[epoch   33] train_loss=1.1844 val_loss=1.7650
2026-06-23 14:03:24,559 - dataloader_debug - INFO - --- Valid Epoch 33: acc=0.5559 n=1144 (chance=0.25) ---
Monitored metric Valid/loss did not improve in the last 33 records. Best score: 1.242. Signaling Trainer to stop.
[epoch   34] train_loss=1.1201 val_loss=1.5740
2026-06-23 14:03:47,684 - dataloader_debug - INFO - --- Valid Epoch 34: acc=0.4747 n=1144 (chance=0.25) ---
Monitored metric Valid/loss did not improve in the last 34 records. Best score: 1.242. Signaling Trainer to stop.
[epoch   35] train_loss=1.0318 val_loss=1.6263
2026-06-23 14:04:10,622 - dataloader_debug - INFO - --- Valid Epoch 35: acc=0.3444 n=1144 (chance=0.25) ---
Monitored metric Valid/loss did not improve in the last 35 records. Best score: 1.242. Signaling Trainer to stop.
[epoch   36] train_loss=1.2327 val_loss=1.6611
2026-06-23 14:04:34,368 - dataloader_debug - INFO - --- Valid Epoch 36: acc=0.3392 n=1144 (chance=0.25) ---
Monitored metric Valid/loss did not improve in the last 36 records. Best score: 1.242. Signaling Trainer to stop.
[epoch   37] train_loss=0.9975 val_loss=2.9007
2026-06-23 14:04:57,796 - dataloader_debug - INFO - --- Valid Epoch 37: acc=0.5184 n=1144 (chance=0.25) ---
Monitored metric Valid/loss did not improve in the last 37 records. Best score: 1.242. Signaling Trainer to stop.
[epoch   38] train_loss=0.8731 val_loss=2.8353
2026-06-23 14:05:21,924 - dataloader_debug - INFO - --- Valid Epoch 38: acc=0.5621 n=1144 (chance=0.25) ---
Monitored metric Valid/loss did not improve in the last 38 records. Best score: 1.242. Signaling Trainer to stop.
[epoch   39] train_loss=0.7499 val_loss=6.0570
2026-06-23 14:05:44,983 - dataloader_debug - INFO - --- Valid Epoch 39: acc=0.1084 n=1144 (chance=0.25) ---
Monitored metric Valid/loss did not improve in the last 39 records. Best score: 1.242. Signaling Trainer to stop.
[epoch   40] train_loss=0.9854 val_loss=2.8548
2026-06-23 14:06:09,055 - dataloader_debug - INFO - --- Valid Epoch 40: acc=0.2404 n=1144 (chance=0.25) ---
Monitored metric Valid/loss did not improve in the last 40 records. Best score: 1.242. Signaling Trainer to stop.
[epoch   41] train_loss=0.6041 val_loss=2.0516
2026-06-23 14:06:33,996 - dataloader_debug - INFO - --- Valid Epoch 41: acc=0.2456 n=1144 (chance=0.25) ---
Monitored metric Valid/loss did not improve in the last 41 records. Best score: 1.242. Signaling Trainer to stop.
[epoch   42] train_loss=1.0521 val_loss=2.9506
2026-06-23 14:06:59,713 - dataloader_debug - INFO - --- Valid Epoch 42: acc=0.1678 n=1144 (chance=0.25) ---
Monitored metric Valid/loss did not improve in the last 42 records. Best score: 1.242. Signaling Trainer to stop.
[epoch   43] train_loss=0.7480 val_loss=3.9423
2026-06-23 14:07:22,898 - dataloader_debug - INFO - --- Valid Epoch 43: acc=0.1075 n=1144 (chance=0.25) ---
Monitored metric Valid/loss did not improve in the last 43 records. Best score: 1.242. Signaling Trainer to stop.
[epoch   44] train_loss=0.5845 val_loss=3.4819
2026-06-23 14:07:46,237 - dataloader_debug - INFO - --- Valid Epoch 44: acc=0.2037 n=1144 (chance=0.25) ---
Monitored metric Valid/loss did not improve in the last 44 records. Best score: 1.242. Signaling Trainer to stop.
[epoch   45] train_loss=1.1622 val_loss=2.7211
2026-06-23 14:08:09,542 - dataloader_debug - INFO - --- Valid Epoch 45: acc=0.2850 n=1144 (chance=0.25) ---
Monitored metric Valid/loss did not improve in the last 45 records. Best score: 1.242. Signaling Trainer to stop.
[epoch   46] train_loss=0.5566 val_loss=1.7078
2026-06-23 14:08:33,162 - dataloader_debug - INFO - --- Valid Epoch 46: acc=0.4274 n=1144 (chance=0.25) ---
Monitored metric Valid/loss did not improve in the last 46 records. Best score: 1.242. Signaling Trainer to stop.
[epoch   47] train_loss=0.3129 val_loss=1.7227
2026-06-23 14:08:57,071 - dataloader_debug - INFO - --- Valid Epoch 47: acc=0.4283 n=1144 (chance=0.25) ---
Monitored metric Valid/loss did not improve in the last 47 records. Best score: 1.242. Signaling Trainer to stop.
[epoch   48] train_loss=0.4045 val_loss=2.2753
2026-06-23 14:09:20,227 - dataloader_debug - INFO - --- Valid Epoch 48: acc=0.4274 n=1144 (chance=0.25) ---
Monitored metric Valid/loss did not improve in the last 48 records. Best score: 1.242. Signaling Trainer to stop.
[epoch   49] train_loss=0.8388 val_loss=2.8916
2026-06-23 14:09:43,709 - dataloader_debug - INFO - --- Valid Epoch 49: acc=0.2203 n=1144 (chance=0.25) ---
Monitored metric Valid/loss did not improve in the last 49 records. Best score: 1.242. Signaling Trainer to stop.
[[[ FINISH ]]] 2026-06-23 14:09:43.846907
  TEST
/home/andrea.giampietro/.conda/envs/eeg_attention/lib/python3.9/site-packages/lightning_fabric/__init__.py:29: UserWarning: pkg_resources is deprecated as an API. See https://setuptools.pypa.io/en/latest/pkg_resources.html. The pkg_resources package is slated for removal as early as 2025-11-30. Refrain from using this package or pin to Setuptools<81.
  __import__("pkg_resources").declare_namespace(__name__)
[paths] host=edu02 host_profile_keys=[] cpu=128 cpu_effective=8
[paths] dataset_dir=../dataset
[paths] log_dir=../results
[paths] workers=7
[rank: 0] Global seed set to 42
no augmentation
[cv] mode=leave_song_out held_out_id=112
Size of train dataset: 3366
Size of valid dataset: 1144
Size of test dataset: 104
[audio] SampleCNN2DEEG (4 independent encoders, Akama baseline)
Supervised classification (objective=classify_eeg, modality=eeg)
[paths] tty=False (progress bar off)
GPU available: True (cuda), used: True
TPU available: False, using: 0 TPU cores
IPU available: False, using: 0 IPUs
HPU available: False, using: 0 HPUs
Auto-discovered checkpoint: ../results/clf_eeg_lso_song112/nmed-CL-preprocessing_eegmusic/version_0/checkpoints/best-checkpoint.ckpt
[[[ START ]]] 2026-06-23 14:10:20.275160
[load] checkpoint state_dict matched the model exactly
You are using a CUDA device ('NVIDIA L40S') that has Tensor Cores. To properly utilize them, you should set `torch.set_float32_matmul_precision('medium' | 'high')` which will trade-off precision for performance. For more details, read https://pytorch.org/docs/stable/generated/torch.set_float32_matmul_precision.html#torch.set_float32_matmul_precision
LOCAL_RANK: 0 - CUDA_VISIBLE_DEVICES: [1]

===== SUPERVISED TEST RESULTS =====
objective: classify_eeg  |  chance = 0.25
Global accuracy (all data):        0.0000
Global accuracy (high attention):  0.0000
Per-class accuracy (all):          [nan, 0.0, nan, nan]
===================================
== Supervised test (objective=classify_eeg) ==
chance: 0.2500
n_windows total: 104
n_windows high-attention: 52
global accuracy (records, all): 0.0000
global accuracy (records, attn): 0.0000
Figures saved to: ../results/clf_eeg_lso_song112/nmed-CL-preprocessing_eegmusic/version_1
[[[ FINISH ]]] 2026-06-23 14:10:22.648110

===== [14:10] clf_audio_raw_lso_song68  (classify_audio|raw|68)  elapsed 238m =====
  TRAIN
/home/andrea.giampietro/.conda/envs/eeg_attention/lib/python3.9/site-packages/lightning_fabric/__init__.py:29: UserWarning: pkg_resources is deprecated as an API. See https://setuptools.pypa.io/en/latest/pkg_resources.html. The pkg_resources package is slated for removal as early as 2025-11-30. Refrain from using this package or pin to Setuptools<81.
  __import__("pkg_resources").declare_namespace(__name__)
[paths] host=edu02 host_profile_keys=[] cpu=128 cpu_effective=8
[paths] dataset_dir=../dataset
[paths] log_dir=../results
[paths] workers=7
[rank: 0] Global seed set to 42
no augmentation
[cv] mode=leave_song_out held_out_id=68
Size of train dataset: 3388
Size of valid dataset: 1133
Size of test dataset: 104
[audio] SampleCNN2DEEG (4 independent encoders, Akama baseline)
Supervised classification (objective=classify_audio, modality=audio)
[paths] tty=False (progress bar off, epoch summaries instead)
GPU available: True (cuda), used: True
TPU available: False, using: 0 TPU cores
IPU available: False, using: 0 IPUs
HPU available: False, using: 0 HPUs
[[[ START ]]] 2026-06-23 14:10:47.605662
You are using a CUDA device ('NVIDIA L40S') that has Tensor Cores. To properly utilize them, you should set `torch.set_float32_matmul_precision('medium' | 'high')` which will trade-off precision for performance. For more details, read https://pytorch.org/docs/stable/generated/torch.set_float32_matmul_precision.html#torch.set_float32_matmul_precision
Missing logger folder: ../results/clf_audio_raw_lso_song68/nmed-CL-preprocessing_eegmusic
LOCAL_RANK: 0 - CUDA_VISIBLE_DEVICES: [1]

  | Name           | Type             | Params
----------------------------------------------------
0 | encoder_vocal  | SampleCNN2DEEG   | 116 K 
1 | encoder_drum   | SampleCNN2DEEG   | 116 K 
2 | encoder_bass   | SampleCNN2DEEG   | 116 K 
3 | encoder_others | SampleCNN2DEEG   | 116 K 
4 | classifier     | Linear           | 1.6 K 
5 | criterion      | CrossEntropyLoss | 0     
----------------------------------------------------
466 K     Trainable params
0         Non-trainable params
466 K     Total params
1.864     Total estimated model params size (MB)
SLURM auto-requeueing enabled. Setting signal handlers.
[epoch    0] train_loss=n/a val_loss=1.3789
2026-06-23 14:10:49,342 - dataloader_debug - INFO - --- Valid Epoch 0: acc=0.0000 n=16 (chance=0.25) ---
[epoch    0] train_loss=0.5298 val_loss=2.6685
2026-06-23 14:16:26,325 - dataloader_debug - INFO - --- Valid Epoch 0: acc=0.3493 n=1128 (chance=0.25) ---
Metric Valid/loss improved. New best score: 2.668
[epoch    1] train_loss=0.5260 val_loss=1.8800
2026-06-23 14:22:03,490 - dataloader_debug - INFO - --- Valid Epoch 1: acc=0.3670 n=1128 (chance=0.25) ---
Metric Valid/loss improved by 0.788 >= min_delta = 0.0. New best score: 1.880
[epoch    2] train_loss=0.7724 val_loss=3.3363
2026-06-23 14:27:40,802 - dataloader_debug - INFO - --- Valid Epoch 2: acc=0.2234 n=1128 (chance=0.25) ---
[epoch    3] train_loss=0.1468 val_loss=13.2516
2026-06-23 14:33:17,923 - dataloader_debug - INFO - --- Valid Epoch 3: acc=0.1631 n=1128 (chance=0.25) ---
[epoch    4] train_loss=0.7847 val_loss=3.5251
2026-06-23 14:38:55,338 - dataloader_debug - INFO - --- Valid Epoch 4: acc=0.3812 n=1128 (chance=0.25) ---
[epoch    5] train_loss=0.2303 val_loss=0.9984
2026-06-23 14:44:32,586 - dataloader_debug - INFO - --- Valid Epoch 5: acc=0.6631 n=1128 (chance=0.25) ---
Metric Valid/loss improved by 0.882 >= min_delta = 0.0. New best score: 0.998
[epoch    6] train_loss=0.3041 val_loss=48.2642
2026-06-23 14:50:09,551 - dataloader_debug - INFO - --- Valid Epoch 6: acc=0.1463 n=1128 (chance=0.25) ---
[epoch    7] train_loss=0.4235 val_loss=120.8922
2026-06-23 14:55:46,769 - dataloader_debug - INFO - --- Valid Epoch 7: acc=0.1463 n=1128 (chance=0.25) ---
bypassing sigterm
Traceback (most recent call last):
  File "/home/andrea.giampietro/EEG-Attention-decoding-with-CLAP/src/main.py", line 398, in <module>
    trainer.fit(module, train_dataloaders=train_loader, val_dataloaders=valid_loader)
  File "/home/andrea.giampietro/.conda/envs/eeg_attention/lib/python3.9/site-packages/pytorch_lightning/trainer/trainer.py", line 608, in fit
    call._call_and_handle_interrupt(
  File "/home/andrea.giampietro/.conda/envs/eeg_attention/lib/python3.9/site-packages/pytorch_lightning/trainer/call.py", line 38, in _call_and_handle_interrupt
    return trainer_fn(*args, **kwargs)
  File "/home/andrea.giampietro/.conda/envs/eeg_attention/lib/python3.9/site-packages/pytorch_lightning/trainer/trainer.py", line 650, in _fit_impl
    self._run(model, ckpt_path=self.ckpt_path)
  File "/home/andrea.giampietro/.conda/envs/eeg_attention/lib/python3.9/site-packages/pytorch_lightning/trainer/trainer.py", line 1112, in _run
    results = self._run_stage()
  File "/home/andrea.giampietro/.conda/envs/eeg_attention/lib/python3.9/site-packages/pytorch_lightning/trainer/trainer.py", line 1191, in _run_stage
    self._run_train()
  File "/home/andrea.giampietro/.conda/envs/eeg_attention/lib/python3.9/site-packages/pytorch_lightning/trainer/trainer.py", line 1214, in _run_train
    self.fit_loop.run()
  File "/home/andrea.giampietro/.conda/envs/eeg_attention/lib/python3.9/site-packages/pytorch_lightning/loops/loop.py", line 199, in run
    self.advance(*args, **kwargs)
  File "/home/andrea.giampietro/.conda/envs/eeg_attention/lib/python3.9/site-packages/pytorch_lightning/loops/fit_loop.py", line 267, in advance
    self._outputs = self.epoch_loop.run(self._data_fetcher)
  File "/home/andrea.giampietro/.conda/envs/eeg_attention/lib/python3.9/site-packages/pytorch_lightning/loops/loop.py", line 199, in run
    self.advance(*args, **kwargs)
  File "/home/andrea.giampietro/.conda/envs/eeg_attention/lib/python3.9/site-packages/pytorch_lightning/loops/epoch/training_epoch_loop.py", line 231, in advance
    self.trainer._logger_connector.on_batch_end()
  File "/home/andrea.giampietro/.conda/envs/eeg_attention/lib/python3.9/site-packages/pytorch_lightning/trainer/connectors/logger_connector/logger_connector.py", line 200, in on_batch_end
    metrics = self.metrics
  File "/home/andrea.giampietro/.conda/envs/eeg_attention/lib/python3.9/site-packages/pytorch_lightning/trainer/connectors/logger_connector/logger_connector.py", line 237, in metrics
    return self.trainer._results.metrics(on_step)
  File "/home/andrea.giampietro/.conda/envs/eeg_attention/lib/python3.9/site-packages/pytorch_lightning/trainer/connectors/logger_connector/result.py", line 616, in metrics
    metrics["pbar"][forked_name] = convert_tensors_to_scalars(value)
  File "/home/andrea.giampietro/.conda/envs/eeg_attention/lib/python3.9/site-packages/lightning_fabric/utilities/apply_func.py", line 126, in convert_tensors_to_scalars
    return apply_to_collection(data, Tensor, to_item)
  File "/home/andrea.giampietro/.conda/envs/eeg_attention/lib/python3.9/site-packages/lightning_utilities/core/apply_func.py", line 66, in apply_to_collection
    return function(data, *args, **kwargs)
  File "/home/andrea.giampietro/.conda/envs/eeg_attention/lib/python3.9/site-packages/lightning_fabric/utilities/apply_func.py", line 124, in to_item
    return value.item()
  File "/home/andrea.giampietro/.conda/envs/eeg_attention/lib/python3.9/site-packages/torch/utils/data/_utils/signal_handling.py", line 66, in handler
    _error_if_any_worker_fails()
RuntimeError: DataLoader worker (pid 3094390) is killed by signal: Terminated. 
  TEST
/home/andrea.giampietro/.conda/envs/eeg_attention/lib/python3.9/site-packages/lightning_fabric/__init__.py:29: UserWarning: pkg_resources is deprecated as an API. See https://setuptools.pypa.io/en/latest/pkg_resources.html. The pkg_resources package is slated for removal as early as 2025-11-30. Refrain from using this package or pin to Setuptools<81.
  __import__("pkg_resources").declare_namespace(__name__)
[paths] host=edu02 host_profile_keys=[] cpu=128 cpu_effective=8
[paths] dataset_dir=../dataset
[paths] log_dir=../results
[paths] workers=7
[rank: 0] Global seed set to 42
no augmentation
[cv] mode=leave_song_out held_out_id=68
Size of train dataset: 3388
Size of valid dataset: 1133
Size of test dataset: 104
[audio] SampleCNN2DEEG (4 independent encoders, Akama baseline)
Supervised classification (objective=classify_audio, modality=audio)
[paths] tty=False (progress bar off)
GPU available: True (cuda), used: True
TPU available: False, using: 0 TPU cores
IPU available: False, using: 0 IPUs
HPU available: False, using: 0 HPUs
Auto-discovered checkpoint: ../results/clf_audio_raw_lso_song68/nmed-CL-preprocessing_eegmusic/version_0/checkpoints/best-checkpoint.ckpt
[[[ START ]]] 2026-06-23 15:00:58.215349
[load] checkpoint state_dict matched the model exactly
You are using a CUDA device ('NVIDIA L40S') that has Tensor Cores. To properly utilize them, you should set `torch.set_float32_matmul_precision('medium' | 'high')` which will trade-off precision for performance. For more details, read https://pytorch.org/docs/stable/generated/torch.set_float32_matmul_precision.html#torch.set_float32_matmul_precision
LOCAL_RANK: 0 - CUDA_VISIBLE_DEVICES: [1]

===== SUPERVISED TEST RESULTS =====
objective: classify_audio  |  chance = 0.25
Global accuracy (all data):        0.0000
Global accuracy (high attention):  0.0000
Per-class accuracy (all):          [nan, nan, 0.0, nan]
NOTE: classify_audio is a negative control — expected ~chance; above-chance accuracy quantifies song->label leakage, not performance.
===================================
== Supervised test (objective=classify_audio) ==
chance: 0.2500
n_windows total: 104
n_windows high-attention: 78
global accuracy (records, all): 0.0000
global accuracy (records, attn): 0.0000
Figures saved to: ../results/clf_audio_raw_lso_song68/nmed-CL-preprocessing_eegmusic/version_1
[[[ FINISH ]]] 2026-06-23 15:01:04.657906

===== [15:01] clf_eeg_lso_song68  (classify_eeg|raw|68)  elapsed 289m =====
  TRAIN
/home/andrea.giampietro/.conda/envs/eeg_attention/lib/python3.9/site-packages/lightning_fabric/__init__.py:29: UserWarning: pkg_resources is deprecated as an API. See https://setuptools.pypa.io/en/latest/pkg_resources.html. The pkg_resources package is slated for removal as early as 2025-11-30. Refrain from using this package or pin to Setuptools<81.
  __import__("pkg_resources").declare_namespace(__name__)
[paths] host=edu02 host_profile_keys=[] cpu=128 cpu_effective=8
[paths] dataset_dir=../dataset
[paths] log_dir=../results
[paths] workers=7
[rank: 0] Global seed set to 42
no augmentation
[cv] mode=leave_song_out held_out_id=68
Size of train dataset: 3388
Size of valid dataset: 1133
Size of test dataset: 104
[audio] SampleCNN2DEEG (4 independent encoders, Akama baseline)
Supervised classification (objective=classify_eeg, modality=eeg)
[paths] tty=False (progress bar off, epoch summaries instead)
GPU available: True (cuda), used: True
TPU available: False, using: 0 TPU cores
IPU available: False, using: 0 IPUs
HPU available: False, using: 0 HPUs
[[[ START ]]] 2026-06-23 15:01:27.865554
You are using a CUDA device ('NVIDIA L40S') that has Tensor Cores. To properly utilize them, you should set `torch.set_float32_matmul_precision('medium' | 'high')` which will trade-off precision for performance. For more details, read https://pytorch.org/docs/stable/generated/torch.set_float32_matmul_precision.html#torch.set_float32_matmul_precision
Missing logger folder: ../results/clf_eeg_lso_song68/nmed-CL-preprocessing_eegmusic
LOCAL_RANK: 0 - CUDA_VISIBLE_DEVICES: [1]

  | Name        | Type             | Params
-------------------------------------------------
0 | encoder_eeg | SampleCNN2DEEG   | 116 K 
1 | classifier  | Linear           | 404   
2 | criterion   | CrossEntropyLoss | 0     
-------------------------------------------------
116 K     Trainable params
0         Non-trainable params
116 K     Total params
0.466     Total estimated model params size (MB)
SLURM auto-requeueing enabled. Setting signal handlers.
[epoch    0] train_loss=n/a val_loss=1.4667
2026-06-23 15:01:29,316 - dataloader_debug - INFO - --- Valid Epoch 0: acc=0.0000 n=16 (chance=0.25) ---
[epoch    0] train_loss=1.4796 val_loss=1.2367
2026-06-23 15:01:51,583 - dataloader_debug - INFO - --- Valid Epoch 0: acc=0.5754 n=1128 (chance=0.25) ---
Metric Valid/loss improved. New best score: 1.237
[epoch    1] train_loss=1.6111 val_loss=1.2399
2026-06-23 15:02:17,056 - dataloader_debug - INFO - --- Valid Epoch 1: acc=0.5754 n=1128 (chance=0.25) ---
[epoch    2] train_loss=1.5173 val_loss=1.2776
2026-06-23 15:02:42,572 - dataloader_debug - INFO - --- Valid Epoch 2: acc=0.5718 n=1128 (chance=0.25) ---
[epoch    3] train_loss=1.0815 val_loss=1.2676
2026-06-23 15:03:05,694 - dataloader_debug - INFO - --- Valid Epoch 3: acc=0.5665 n=1128 (chance=0.25) ---
[epoch    4] train_loss=1.3991 val_loss=1.1825
2026-06-23 15:03:28,935 - dataloader_debug - INFO - --- Valid Epoch 4: acc=0.5745 n=1128 (chance=0.25) ---
Metric Valid/loss improved by 0.054 >= min_delta = 0.0. New best score: 1.183
[epoch    5] train_loss=1.0072 val_loss=1.2172
2026-06-23 15:03:52,642 - dataloader_debug - INFO - --- Valid Epoch 5: acc=0.5727 n=1128 (chance=0.25) ---
[epoch    6] train_loss=1.3180 val_loss=1.2686
2026-06-23 15:04:15,540 - dataloader_debug - INFO - --- Valid Epoch 6: acc=0.5479 n=1128 (chance=0.25) ---
[epoch    7] train_loss=1.2916 val_loss=1.2139
2026-06-23 15:04:38,941 - dataloader_debug - INFO - --- Valid Epoch 7: acc=0.5532 n=1128 (chance=0.25) ---
[epoch    8] train_loss=1.4663 val_loss=1.2135
2026-06-23 15:05:02,500 - dataloader_debug - INFO - --- Valid Epoch 8: acc=0.5532 n=1128 (chance=0.25) ---
[epoch    9] train_loss=1.5942 val_loss=1.2975
2026-06-23 15:05:25,844 - dataloader_debug - INFO - --- Valid Epoch 9: acc=0.5585 n=1128 (chance=0.25) ---
[epoch   10] train_loss=0.7495 val_loss=1.2545
2026-06-23 15:05:48,777 - dataloader_debug - INFO - --- Valid Epoch 10: acc=0.5505 n=1128 (chance=0.25) ---
[epoch   11] train_loss=1.4959 val_loss=1.3820
2026-06-23 15:06:12,104 - dataloader_debug - INFO - --- Valid Epoch 11: acc=0.3945 n=1128 (chance=0.25) ---
[epoch   12] train_loss=1.1473 val_loss=1.4238
2026-06-23 15:06:34,831 - dataloader_debug - INFO - --- Valid Epoch 12: acc=0.4867 n=1128 (chance=0.25) ---
[epoch   13] train_loss=1.0413 val_loss=1.2624
2026-06-23 15:06:57,512 - dataloader_debug - INFO - --- Valid Epoch 13: acc=0.5479 n=1128 (chance=0.25) ---
[epoch   14] train_loss=1.2800 val_loss=1.4836
2026-06-23 15:07:20,011 - dataloader_debug - INFO - --- Valid Epoch 14: acc=0.2934 n=1128 (chance=0.25) ---
Monitored metric Valid/loss did not improve in the last 10 records. Best score: 1.183. Signaling Trainer to stop.
Trainer was signaled to stop but the required `min_epochs=50` or `min_steps=None` has not been met. Training will continue...
[epoch   15] train_loss=1.1235 val_loss=1.3192
2026-06-23 15:07:43,377 - dataloader_debug - INFO - --- Valid Epoch 15: acc=0.5248 n=1128 (chance=0.25) ---
Monitored metric Valid/loss did not improve in the last 11 records. Best score: 1.183. Signaling Trainer to stop.
[epoch   16] train_loss=0.8757 val_loss=1.3369
2026-06-23 15:08:08,691 - dataloader_debug - INFO - --- Valid Epoch 16: acc=0.4574 n=1128 (chance=0.25) ---
Monitored metric Valid/loss did not improve in the last 12 records. Best score: 1.183. Signaling Trainer to stop.
[epoch   17] train_loss=1.0751 val_loss=1.2942
2026-06-23 15:08:34,279 - dataloader_debug - INFO - --- Valid Epoch 17: acc=0.5363 n=1128 (chance=0.25) ---
Monitored metric Valid/loss did not improve in the last 13 records. Best score: 1.183. Signaling Trainer to stop.
[epoch   18] train_loss=1.0002 val_loss=1.5365
2026-06-23 15:08:57,637 - dataloader_debug - INFO - --- Valid Epoch 18: acc=0.2651 n=1128 (chance=0.25) ---
Monitored metric Valid/loss did not improve in the last 14 records. Best score: 1.183. Signaling Trainer to stop.
[epoch   19] train_loss=1.5201 val_loss=1.2499
2026-06-23 15:09:20,498 - dataloader_debug - INFO - --- Valid Epoch 19: acc=0.5266 n=1128 (chance=0.25) ---
Monitored metric Valid/loss did not improve in the last 15 records. Best score: 1.183. Signaling Trainer to stop.
[epoch   20] train_loss=1.1080 val_loss=1.4611
2026-06-23 15:09:43,552 - dataloader_debug - INFO - --- Valid Epoch 20: acc=0.3378 n=1128 (chance=0.25) ---
Monitored metric Valid/loss did not improve in the last 16 records. Best score: 1.183. Signaling Trainer to stop.
[epoch   21] train_loss=1.2538 val_loss=1.2700
2026-06-23 15:10:08,750 - dataloader_debug - INFO - --- Valid Epoch 21: acc=0.5239 n=1128 (chance=0.25) ---
Monitored metric Valid/loss did not improve in the last 17 records. Best score: 1.183. Signaling Trainer to stop.
[epoch   22] train_loss=1.0912 val_loss=1.8568
2026-06-23 15:10:32,309 - dataloader_debug - INFO - --- Valid Epoch 22: acc=0.3005 n=1128 (chance=0.25) ---
Monitored metric Valid/loss did not improve in the last 18 records. Best score: 1.183. Signaling Trainer to stop.
[epoch   23] train_loss=0.9878 val_loss=1.3445
2026-06-23 15:10:57,133 - dataloader_debug - INFO - --- Valid Epoch 23: acc=0.3768 n=1128 (chance=0.25) ---
Monitored metric Valid/loss did not improve in the last 19 records. Best score: 1.183. Signaling Trainer to stop.
[epoch   24] train_loss=1.2219 val_loss=1.8567
2026-06-23 15:11:20,013 - dataloader_debug - INFO - --- Valid Epoch 24: acc=0.1906 n=1128 (chance=0.25) ---
Monitored metric Valid/loss did not improve in the last 20 records. Best score: 1.183. Signaling Trainer to stop.
[epoch   25] train_loss=1.1164 val_loss=1.6347
2026-06-23 15:11:42,859 - dataloader_debug - INFO - --- Valid Epoch 25: acc=0.2225 n=1128 (chance=0.25) ---
Monitored metric Valid/loss did not improve in the last 21 records. Best score: 1.183. Signaling Trainer to stop.
[epoch   26] train_loss=1.4052 val_loss=1.5148
2026-06-23 15:12:05,742 - dataloader_debug - INFO - --- Valid Epoch 26: acc=0.5133 n=1128 (chance=0.25) ---
Monitored metric Valid/loss did not improve in the last 22 records. Best score: 1.183. Signaling Trainer to stop.
[epoch   27] train_loss=1.4403 val_loss=1.5730
2026-06-23 15:12:29,252 - dataloader_debug - INFO - --- Valid Epoch 27: acc=0.5363 n=1128 (chance=0.25) ---
Monitored metric Valid/loss did not improve in the last 23 records. Best score: 1.183. Signaling Trainer to stop.
[epoch   28] train_loss=0.8242 val_loss=1.3702
2026-06-23 15:12:51,943 - dataloader_debug - INFO - --- Valid Epoch 28: acc=0.3865 n=1128 (chance=0.25) ---
Monitored metric Valid/loss did not improve in the last 24 records. Best score: 1.183. Signaling Trainer to stop.
[epoch   29] train_loss=0.9806 val_loss=1.5896
2026-06-23 15:13:14,936 - dataloader_debug - INFO - --- Valid Epoch 29: acc=0.4707 n=1128 (chance=0.25) ---
Monitored metric Valid/loss did not improve in the last 25 records. Best score: 1.183. Signaling Trainer to stop.
[epoch   30] train_loss=0.8054 val_loss=1.5805
2026-06-23 15:13:37,331 - dataloader_debug - INFO - --- Valid Epoch 30: acc=0.3723 n=1128 (chance=0.25) ---
Monitored metric Valid/loss did not improve in the last 26 records. Best score: 1.183. Signaling Trainer to stop.
[epoch   31] train_loss=1.3858 val_loss=2.2213
2026-06-23 15:14:02,461 - dataloader_debug - INFO - --- Valid Epoch 31: acc=0.1418 n=1128 (chance=0.25) ---
Monitored metric Valid/loss did not improve in the last 27 records. Best score: 1.183. Signaling Trainer to stop.
[epoch   32] train_loss=0.7829 val_loss=1.7393
2026-06-23 15:14:27,917 - dataloader_debug - INFO - --- Valid Epoch 32: acc=0.5151 n=1128 (chance=0.25) ---
Monitored metric Valid/loss did not improve in the last 28 records. Best score: 1.183. Signaling Trainer to stop.
[epoch   33] train_loss=0.4579 val_loss=2.6108
2026-06-23 15:14:50,907 - dataloader_debug - INFO - --- Valid Epoch 33: acc=0.5346 n=1128 (chance=0.25) ---
Monitored metric Valid/loss did not improve in the last 29 records. Best score: 1.183. Signaling Trainer to stop.
[epoch   34] train_loss=1.1740 val_loss=3.1809
2026-06-23 15:15:13,760 - dataloader_debug - INFO - --- Valid Epoch 34: acc=0.1684 n=1128 (chance=0.25) ---
Monitored metric Valid/loss did not improve in the last 30 records. Best score: 1.183. Signaling Trainer to stop.
[epoch   35] train_loss=1.0876 val_loss=2.0501
2026-06-23 15:15:37,121 - dataloader_debug - INFO - --- Valid Epoch 35: acc=0.3564 n=1128 (chance=0.25) ---
Monitored metric Valid/loss did not improve in the last 31 records. Best score: 1.183. Signaling Trainer to stop.
[epoch   36] train_loss=1.1454 val_loss=2.3124
2026-06-23 15:15:59,933 - dataloader_debug - INFO - --- Valid Epoch 36: acc=0.2030 n=1128 (chance=0.25) ---
Monitored metric Valid/loss did not improve in the last 32 records. Best score: 1.183. Signaling Trainer to stop.
[epoch   37] train_loss=1.2900 val_loss=2.1205
2026-06-23 15:16:22,668 - dataloader_debug - INFO - --- Valid Epoch 37: acc=0.4441 n=1128 (chance=0.25) ---
Monitored metric Valid/loss did not improve in the last 33 records. Best score: 1.183. Signaling Trainer to stop.
[epoch   38] train_loss=0.9182 val_loss=3.4874
2026-06-23 15:16:45,714 - dataloader_debug - INFO - --- Valid Epoch 38: acc=0.1605 n=1128 (chance=0.25) ---
Monitored metric Valid/loss did not improve in the last 34 records. Best score: 1.183. Signaling Trainer to stop.
[epoch   39] train_loss=1.0906 val_loss=2.0062
2026-06-23 15:17:08,685 - dataloader_debug - INFO - --- Valid Epoch 39: acc=0.3307 n=1128 (chance=0.25) ---
Monitored metric Valid/loss did not improve in the last 35 records. Best score: 1.183. Signaling Trainer to stop.
[epoch   40] train_loss=0.9576 val_loss=2.2323
2026-06-23 15:17:31,782 - dataloader_debug - INFO - --- Valid Epoch 40: acc=0.3227 n=1128 (chance=0.25) ---
Monitored metric Valid/loss did not improve in the last 36 records. Best score: 1.183. Signaling Trainer to stop.
[epoch   41] train_loss=1.1891 val_loss=4.2872
2026-06-23 15:17:55,340 - dataloader_debug - INFO - --- Valid Epoch 41: acc=0.1631 n=1128 (chance=0.25) ---
Monitored metric Valid/loss did not improve in the last 37 records. Best score: 1.183. Signaling Trainer to stop.
[epoch   42] train_loss=0.4974 val_loss=3.1778
2026-06-23 15:18:18,451 - dataloader_debug - INFO - --- Valid Epoch 42: acc=0.2323 n=1128 (chance=0.25) ---
Monitored metric Valid/loss did not improve in the last 38 records. Best score: 1.183. Signaling Trainer to stop.
[epoch   43] train_loss=0.7414 val_loss=6.3801
2026-06-23 15:18:41,596 - dataloader_debug - INFO - --- Valid Epoch 43: acc=0.1472 n=1128 (chance=0.25) ---
Monitored metric Valid/loss did not improve in the last 39 records. Best score: 1.183. Signaling Trainer to stop.
[epoch   44] train_loss=0.2270 val_loss=4.8674
2026-06-23 15:19:05,003 - dataloader_debug - INFO - --- Valid Epoch 44: acc=0.2509 n=1128 (chance=0.25) ---
Monitored metric Valid/loss did not improve in the last 40 records. Best score: 1.183. Signaling Trainer to stop.
[epoch   45] train_loss=0.2664 val_loss=3.5752
2026-06-23 15:19:28,771 - dataloader_debug - INFO - --- Valid Epoch 45: acc=0.1578 n=1128 (chance=0.25) ---
Monitored metric Valid/loss did not improve in the last 41 records. Best score: 1.183. Signaling Trainer to stop.
[epoch   46] train_loss=0.6759 val_loss=6.6467
2026-06-23 15:19:54,117 - dataloader_debug - INFO - --- Valid Epoch 46: acc=0.1560 n=1128 (chance=0.25) ---
Monitored metric Valid/loss did not improve in the last 42 records. Best score: 1.183. Signaling Trainer to stop.
[epoch   47] train_loss=0.7423 val_loss=2.1390
2026-06-23 15:20:20,362 - dataloader_debug - INFO - --- Valid Epoch 47: acc=0.2722 n=1128 (chance=0.25) ---
Monitored metric Valid/loss did not improve in the last 43 records. Best score: 1.183. Signaling Trainer to stop.
[epoch   48] train_loss=1.0357 val_loss=6.4775
2026-06-23 15:20:44,261 - dataloader_debug - INFO - --- Valid Epoch 48: acc=0.1888 n=1128 (chance=0.25) ---
Monitored metric Valid/loss did not improve in the last 44 records. Best score: 1.183. Signaling Trainer to stop.
[epoch   49] train_loss=0.2356 val_loss=7.0418
2026-06-23 15:21:06,985 - dataloader_debug - INFO - --- Valid Epoch 49: acc=0.1046 n=1128 (chance=0.25) ---
Monitored metric Valid/loss did not improve in the last 45 records. Best score: 1.183. Signaling Trainer to stop.
[[[ FINISH ]]] 2026-06-23 15:21:07.140040
  TEST
/home/andrea.giampietro/.conda/envs/eeg_attention/lib/python3.9/site-packages/lightning_fabric/__init__.py:29: UserWarning: pkg_resources is deprecated as an API. See https://setuptools.pypa.io/en/latest/pkg_resources.html. The pkg_resources package is slated for removal as early as 2025-11-30. Refrain from using this package or pin to Setuptools<81.
  __import__("pkg_resources").declare_namespace(__name__)
[paths] host=edu02 host_profile_keys=[] cpu=128 cpu_effective=8
[paths] dataset_dir=../dataset
[paths] log_dir=../results
[paths] workers=7
[rank: 0] Global seed set to 42
no augmentation
[cv] mode=leave_song_out held_out_id=68
Size of train dataset: 3388
Size of valid dataset: 1133
Size of test dataset: 104
[audio] SampleCNN2DEEG (4 independent encoders, Akama baseline)
Supervised classification (objective=classify_eeg, modality=eeg)
[paths] tty=False (progress bar off)
GPU available: True (cuda), used: True
TPU available: False, using: 0 TPU cores
IPU available: False, using: 0 IPUs
HPU available: False, using: 0 HPUs
Auto-discovered checkpoint: ../results/clf_eeg_lso_song68/nmed-CL-preprocessing_eegmusic/version_0/checkpoints/best-checkpoint.ckpt
[[[ START ]]] 2026-06-23 15:21:51.144877
[load] checkpoint state_dict matched the model exactly
You are using a CUDA device ('NVIDIA L40S') that has Tensor Cores. To properly utilize them, you should set `torch.set_float32_matmul_precision('medium' | 'high')` which will trade-off precision for performance. For more details, read https://pytorch.org/docs/stable/generated/torch.set_float32_matmul_precision.html#torch.set_float32_matmul_precision
LOCAL_RANK: 0 - CUDA_VISIBLE_DEVICES: [1]

===== SUPERVISED TEST RESULTS =====
objective: classify_eeg  |  chance = 0.25
Global accuracy (all data):        0.0000
Global accuracy (high attention):  0.0000
Per-class accuracy (all):          [nan, nan, 0.0, nan]
===================================
== Supervised test (objective=classify_eeg) ==
chance: 0.2500
n_windows total: 104
n_windows high-attention: 78
global accuracy (records, all): 0.0000
global accuracy (records, attn): 0.0000
Figures saved to: ../results/clf_eeg_lso_song68/nmed-CL-preprocessing_eegmusic/version_1
[[[ FINISH ]]] 2026-06-23 15:21:53.416180

===== [15:21] clf_audio_raw_lso_song62  (classify_audio|raw|62)  elapsed 310m =====
  TRAIN
/home/andrea.giampietro/.conda/envs/eeg_attention/lib/python3.9/site-packages/lightning_fabric/__init__.py:29: UserWarning: pkg_resources is deprecated as an API. See https://setuptools.pypa.io/en/latest/pkg_resources.html. The pkg_resources package is slated for removal as early as 2025-11-30. Refrain from using this package or pin to Setuptools<81.
  __import__("pkg_resources").declare_namespace(__name__)
[paths] host=edu02 host_profile_keys=[] cpu=128 cpu_effective=8
[paths] dataset_dir=../dataset
[paths] log_dir=../results
[paths] workers=7
[rank: 0] Global seed set to 42
no augmentation
[cv] mode=leave_song_out held_out_id=62
Size of train dataset: 3399
Size of valid dataset: 1111
Size of test dataset: 104
[audio] SampleCNN2DEEG (4 independent encoders, Akama baseline)
Supervised classification (objective=classify_audio, modality=audio)
[paths] tty=False (progress bar off, epoch summaries instead)
GPU available: True (cuda), used: True
TPU available: False, using: 0 TPU cores
IPU available: False, using: 0 IPUs
HPU available: False, using: 0 HPUs
[[[ START ]]] 2026-06-23 15:22:17.283878
You are using a CUDA device ('NVIDIA L40S') that has Tensor Cores. To properly utilize them, you should set `torch.set_float32_matmul_precision('medium' | 'high')` which will trade-off precision for performance. For more details, read https://pytorch.org/docs/stable/generated/torch.set_float32_matmul_precision.html#torch.set_float32_matmul_precision
Missing logger folder: ../results/clf_audio_raw_lso_song62/nmed-CL-preprocessing_eegmusic
LOCAL_RANK: 0 - CUDA_VISIBLE_DEVICES: [1]

  | Name           | Type             | Params
----------------------------------------------------
0 | encoder_vocal  | SampleCNN2DEEG   | 116 K 
1 | encoder_drum   | SampleCNN2DEEG   | 116 K 
2 | encoder_bass   | SampleCNN2DEEG   | 116 K 
3 | encoder_others | SampleCNN2DEEG   | 116 K 
4 | classifier     | Linear           | 1.6 K 
5 | criterion      | CrossEntropyLoss | 0     
----------------------------------------------------
466 K     Trainable params
0         Non-trainable params
466 K     Total params
1.864     Total estimated model params size (MB)
SLURM auto-requeueing enabled. Setting signal handlers.
[epoch    0] train_loss=n/a val_loss=1.3789
2026-06-23 15:22:19,085 - dataloader_debug - INFO - --- Valid Epoch 0: acc=0.0000 n=16 (chance=0.25) ---
[epoch    0] train_loss=0.6614 val_loss=0.9061
2026-06-23 15:27:56,221 - dataloader_debug - INFO - --- Valid Epoch 0: acc=0.6784 n=1104 (chance=0.25) ---
Metric Valid/loss improved. New best score: 0.906
[epoch    1] train_loss=1.0481 val_loss=11.3497
2026-06-23 15:33:33,335 - dataloader_debug - INFO - --- Valid Epoch 1: acc=0.1495 n=1104 (chance=0.25) ---
[epoch    2] train_loss=0.8261 val_loss=1.3846
2026-06-23 15:39:11,144 - dataloader_debug - INFO - --- Valid Epoch 2: acc=0.5371 n=1104 (chance=0.25) ---
[epoch    3] train_loss=0.3543 val_loss=1.7835
2026-06-23 15:44:48,291 - dataloader_debug - INFO - --- Valid Epoch 3: acc=0.6187 n=1104 (chance=0.25) ---
[epoch    4] train_loss=0.3289 val_loss=1.7906
2026-06-23 15:50:25,437 - dataloader_debug - INFO - --- Valid Epoch 4: acc=0.6368 n=1104 (chance=0.25) ---
[epoch    5] train_loss=0.2352 val_loss=0.7171
2026-06-23 15:56:02,746 - dataloader_debug - INFO - --- Valid Epoch 5: acc=0.8098 n=1104 (chance=0.25) ---
Metric Valid/loss improved by 0.189 >= min_delta = 0.0. New best score: 0.717
[epoch    6] train_loss=0.1407 val_loss=1.8564
2026-06-23 16:01:40,129 - dataloader_debug - INFO - --- Valid Epoch 6: acc=0.4837 n=1104 (chance=0.25) ---
[epoch    7] train_loss=0.1492 val_loss=40.3450
2026-06-23 16:07:17,448 - dataloader_debug - INFO - --- Valid Epoch 7: acc=0.1495 n=1104 (chance=0.25) ---
bypassing sigterm
Traceback (most recent call last):
  File "/home/andrea.giampietro/EEG-Attention-decoding-with-CLAP/src/main.py", line 398, in <module>
    trainer.fit(module, train_dataloaders=train_loader, val_dataloaders=valid_loader)
  File "/home/andrea.giampietro/.conda/envs/eeg_attention/lib/python3.9/site-packages/pytorch_lightning/trainer/trainer.py", line 608, in fit
    call._call_and_handle_interrupt(
  File "/home/andrea.giampietro/.conda/envs/eeg_attention/lib/python3.9/site-packages/pytorch_lightning/trainer/call.py", line 38, in _call_and_handle_interrupt
    return trainer_fn(*args, **kwargs)
  File "/home/andrea.giampietro/.conda/envs/eeg_attention/lib/python3.9/site-packages/pytorch_lightning/trainer/trainer.py", line 650, in _fit_impl
    self._run(model, ckpt_path=self.ckpt_path)
  File "/home/andrea.giampietro/.conda/envs/eeg_attention/lib/python3.9/site-packages/pytorch_lightning/trainer/trainer.py", line 1112, in _run
    results = self._run_stage()
  File "/home/andrea.giampietro/.conda/envs/eeg_attention/lib/python3.9/site-packages/pytorch_lightning/trainer/trainer.py", line 1191, in _run_stage
    self._run_train()
  File "/home/andrea.giampietro/.conda/envs/eeg_attention/lib/python3.9/site-packages/pytorch_lightning/trainer/trainer.py", line 1214, in _run_train
    self.fit_loop.run()
  File "/home/andrea.giampietro/.conda/envs/eeg_attention/lib/python3.9/site-packages/pytorch_lightning/loops/loop.py", line 199, in run
    self.advance(*args, **kwargs)
  File "/home/andrea.giampietro/.conda/envs/eeg_attention/lib/python3.9/site-packages/pytorch_lightning/loops/fit_loop.py", line 267, in advance
    self._outputs = self.epoch_loop.run(self._data_fetcher)
  File "/home/andrea.giampietro/.conda/envs/eeg_attention/lib/python3.9/site-packages/pytorch_lightning/loops/loop.py", line 199, in run
    self.advance(*args, **kwargs)
  File "/home/andrea.giampietro/.conda/envs/eeg_attention/lib/python3.9/site-packages/pytorch_lightning/loops/epoch/training_epoch_loop.py", line 231, in advance
    self.trainer._logger_connector.on_batch_end()
  File "/home/andrea.giampietro/.conda/envs/eeg_attention/lib/python3.9/site-packages/pytorch_lightning/trainer/connectors/logger_connector/logger_connector.py", line 200, in on_batch_end
    metrics = self.metrics
  File "/home/andrea.giampietro/.conda/envs/eeg_attention/lib/python3.9/site-packages/pytorch_lightning/trainer/connectors/logger_connector/logger_connector.py", line 237, in metrics
    return self.trainer._results.metrics(on_step)
  File "/home/andrea.giampietro/.conda/envs/eeg_attention/lib/python3.9/site-packages/pytorch_lightning/trainer/connectors/logger_connector/result.py", line 616, in metrics
    metrics["pbar"][forked_name] = convert_tensors_to_scalars(value)
  File "/home/andrea.giampietro/.conda/envs/eeg_attention/lib/python3.9/site-packages/lightning_fabric/utilities/apply_func.py", line 126, in convert_tensors_to_scalars
    return apply_to_collection(data, Tensor, to_item)
  File "/home/andrea.giampietro/.conda/envs/eeg_attention/lib/python3.9/site-packages/lightning_utilities/core/apply_func.py", line 66, in apply_to_collection
    return function(data, *args, **kwargs)
  File "/home/andrea.giampietro/.conda/envs/eeg_attention/lib/python3.9/site-packages/lightning_fabric/utilities/apply_func.py", line 124, in to_item
    return value.item()
  File "/home/andrea.giampietro/.conda/envs/eeg_attention/lib/python3.9/site-packages/torch/utils/data/_utils/signal_handling.py", line 66, in handler
    _error_if_any_worker_fails()
RuntimeError: DataLoader worker (pid 3171378) is killed by signal: Terminated. 
  TEST
/home/andrea.giampietro/.conda/envs/eeg_attention/lib/python3.9/site-packages/lightning_fabric/__init__.py:29: UserWarning: pkg_resources is deprecated as an API. See https://setuptools.pypa.io/en/latest/pkg_resources.html. The pkg_resources package is slated for removal as early as 2025-11-30. Refrain from using this package or pin to Setuptools<81.
  __import__("pkg_resources").declare_namespace(__name__)
[paths] host=edu02 host_profile_keys=[] cpu=128 cpu_effective=8
[paths] dataset_dir=../dataset
[paths] log_dir=../results
[paths] workers=7
[rank: 0] Global seed set to 42
no augmentation
[cv] mode=leave_song_out held_out_id=62
Size of train dataset: 3399
Size of valid dataset: 1111
Size of test dataset: 104
[audio] SampleCNN2DEEG (4 independent encoders, Akama baseline)
Supervised classification (objective=classify_audio, modality=audio)
[paths] tty=False (progress bar off)
GPU available: True (cuda), used: True
TPU available: False, using: 0 TPU cores
IPU available: False, using: 0 IPUs
HPU available: False, using: 0 HPUs
Auto-discovered checkpoint: ../results/clf_audio_raw_lso_song62/nmed-CL-preprocessing_eegmusic/version_0/checkpoints/best-checkpoint.ckpt
[[[ START ]]] 2026-06-23 16:12:31.979587
[load] checkpoint state_dict matched the model exactly
You are using a CUDA device ('NVIDIA L40S') that has Tensor Cores. To properly utilize them, you should set `torch.set_float32_matmul_precision('medium' | 'high')` which will trade-off precision for performance. For more details, read https://pytorch.org/docs/stable/generated/torch.set_float32_matmul_precision.html#torch.set_float32_matmul_precision
LOCAL_RANK: 0 - CUDA_VISIBLE_DEVICES: [1]

===== SUPERVISED TEST RESULTS =====
objective: classify_audio  |  chance = 0.25
Global accuracy (all data):        0.0000
Global accuracy (high attention):  0.0000
Per-class accuracy (all):          [nan, nan, nan, 0.0]
NOTE: classify_audio is a negative control — expected ~chance; above-chance accuracy quantifies song->label leakage, not performance.
===================================
== Supervised test (objective=classify_audio) ==
chance: 0.2500
n_windows total: 104
n_windows high-attention: 78
global accuracy (records, all): 0.0000
global accuracy (records, attn): 0.0000
Figures saved to: ../results/clf_audio_raw_lso_song62/nmed-CL-preprocessing_eegmusic/version_1
[[[ FINISH ]]] 2026-06-23 16:12:37.659535

===== [16:12] clf_eeg_lso_song62  (classify_eeg|raw|62)  elapsed 360m =====
  TRAIN
/home/andrea.giampietro/.conda/envs/eeg_attention/lib/python3.9/site-packages/lightning_fabric/__init__.py:29: UserWarning: pkg_resources is deprecated as an API. See https://setuptools.pypa.io/en/latest/pkg_resources.html. The pkg_resources package is slated for removal as early as 2025-11-30. Refrain from using this package or pin to Setuptools<81.
  __import__("pkg_resources").declare_namespace(__name__)
[paths] host=edu02 host_profile_keys=[] cpu=128 cpu_effective=8
[paths] dataset_dir=../dataset
[paths] log_dir=../results
[paths] workers=7
[rank: 0] Global seed set to 42
no augmentation
[cv] mode=leave_song_out held_out_id=62
Size of train dataset: 3399
Size of valid dataset: 1111
Size of test dataset: 104
[audio] SampleCNN2DEEG (4 independent encoders, Akama baseline)
Supervised classification (objective=classify_eeg, modality=eeg)
[paths] tty=False (progress bar off, epoch summaries instead)
GPU available: True (cuda), used: True
TPU available: False, using: 0 TPU cores
IPU available: False, using: 0 IPUs
HPU available: False, using: 0 HPUs
[[[ START ]]] 2026-06-23 16:13:00.938083
You are using a CUDA device ('NVIDIA L40S') that has Tensor Cores. To properly utilize them, you should set `torch.set_float32_matmul_precision('medium' | 'high')` which will trade-off precision for performance. For more details, read https://pytorch.org/docs/stable/generated/torch.set_float32_matmul_precision.html#torch.set_float32_matmul_precision
Missing logger folder: ../results/clf_eeg_lso_song62/nmed-CL-preprocessing_eegmusic
LOCAL_RANK: 0 - CUDA_VISIBLE_DEVICES: [1]

  | Name        | Type             | Params
-------------------------------------------------
0 | encoder_eeg | SampleCNN2DEEG   | 116 K 
1 | classifier  | Linear           | 404   
2 | criterion   | CrossEntropyLoss | 0     
-------------------------------------------------
116 K     Trainable params
0         Non-trainable params
116 K     Total params
0.466     Total estimated model params size (MB)
SLURM auto-requeueing enabled. Setting signal handlers.
[epoch    0] train_loss=n/a val_loss=1.4667
2026-06-23 16:13:02,446 - dataloader_debug - INFO - --- Valid Epoch 0: acc=0.0000 n=16 (chance=0.25) ---
[epoch    0] train_loss=1.4421 val_loss=1.2319
2026-06-23 16:13:24,814 - dataloader_debug - INFO - --- Valid Epoch 0: acc=0.5888 n=1104 (chance=0.25) ---
Metric Valid/loss improved. New best score: 1.232
[epoch    1] train_loss=1.1325 val_loss=1.2235
2026-06-23 16:13:47,322 - dataloader_debug - INFO - --- Valid Epoch 1: acc=0.5652 n=1104 (chance=0.25) ---
Metric Valid/loss improved by 0.008 >= min_delta = 0.0. New best score: 1.224
[epoch    2] train_loss=1.0478 val_loss=1.2392
2026-06-23 16:14:10,067 - dataloader_debug - INFO - --- Valid Epoch 2: acc=0.5879 n=1104 (chance=0.25) ---
[epoch    3] train_loss=1.1690 val_loss=1.2517
2026-06-23 16:14:32,783 - dataloader_debug - INFO - --- Valid Epoch 3: acc=0.5861 n=1104 (chance=0.25) ---
[epoch    4] train_loss=0.9411 val_loss=1.2082
2026-06-23 16:14:53,866 - dataloader_debug - INFO - --- Valid Epoch 4: acc=0.5861 n=1104 (chance=0.25) ---
Metric Valid/loss improved by 0.015 >= min_delta = 0.0. New best score: 1.208
[epoch    5] train_loss=1.5820 val_loss=1.2314
2026-06-23 16:15:16,144 - dataloader_debug - INFO - --- Valid Epoch 5: acc=0.5870 n=1104 (chance=0.25) ---
[epoch    6] train_loss=1.3815 val_loss=1.2656
2026-06-23 16:15:38,551 - dataloader_debug - INFO - --- Valid Epoch 6: acc=0.5507 n=1104 (chance=0.25) ---
[epoch    7] train_loss=1.3811 val_loss=1.2065
2026-06-23 16:16:02,099 - dataloader_debug - INFO - --- Valid Epoch 7: acc=0.5870 n=1104 (chance=0.25) ---
Metric Valid/loss improved by 0.002 >= min_delta = 0.0. New best score: 1.206
[epoch    8] train_loss=1.3503 val_loss=1.2387
2026-06-23 16:16:25,214 - dataloader_debug - INFO - --- Valid Epoch 8: acc=0.5779 n=1104 (chance=0.25) ---
[epoch    9] train_loss=1.3048 val_loss=1.2281
2026-06-23 16:16:48,438 - dataloader_debug - INFO - --- Valid Epoch 9: acc=0.5543 n=1104 (chance=0.25) ---
[epoch   10] train_loss=1.1723 val_loss=1.2054
2026-06-23 16:17:11,575 - dataloader_debug - INFO - --- Valid Epoch 10: acc=0.5743 n=1104 (chance=0.25) ---
Metric Valid/loss improved by 0.001 >= min_delta = 0.0. New best score: 1.205
[epoch   11] train_loss=1.0033 val_loss=1.4525
2026-06-23 16:17:34,907 - dataloader_debug - INFO - --- Valid Epoch 11: acc=0.2889 n=1104 (chance=0.25) ---
[epoch   12] train_loss=0.9329 val_loss=1.3164
2026-06-23 16:17:57,797 - dataloader_debug - INFO - --- Valid Epoch 12: acc=0.5426 n=1104 (chance=0.25) ---
[epoch   13] train_loss=1.4253 val_loss=1.2945
2026-06-23 16:18:21,122 - dataloader_debug - INFO - --- Valid Epoch 13: acc=0.4991 n=1104 (chance=0.25) ---
[epoch   14] train_loss=1.4152 val_loss=1.2920
2026-06-23 16:18:43,980 - dataloader_debug - INFO - --- Valid Epoch 14: acc=0.5806 n=1104 (chance=0.25) ---
[epoch   15] train_loss=1.0284 val_loss=1.2412
2026-06-23 16:19:07,100 - dataloader_debug - INFO - --- Valid Epoch 15: acc=0.5072 n=1104 (chance=0.25) ---
[epoch   16] train_loss=1.3538 val_loss=1.3581
2026-06-23 16:19:29,823 - dataloader_debug - INFO - --- Valid Epoch 16: acc=0.4701 n=1104 (chance=0.25) ---
[epoch   17] train_loss=1.3674 val_loss=1.3688
2026-06-23 16:19:52,706 - dataloader_debug - INFO - --- Valid Epoch 17: acc=0.4085 n=1104 (chance=0.25) ---
[epoch   18] train_loss=1.1457 val_loss=1.3805
2026-06-23 16:20:15,752 - dataloader_debug - INFO - --- Valid Epoch 18: acc=0.3469 n=1104 (chance=0.25) ---
[epoch   19] train_loss=1.4897 val_loss=1.4467
2026-06-23 16:20:38,725 - dataloader_debug - INFO - --- Valid Epoch 19: acc=0.5879 n=1104 (chance=0.25) ---
[epoch   20] train_loss=1.3074 val_loss=1.3749
2026-06-23 16:21:01,293 - dataloader_debug - INFO - --- Valid Epoch 20: acc=0.3976 n=1104 (chance=0.25) ---
Monitored metric Valid/loss did not improve in the last 10 records. Best score: 1.205. Signaling Trainer to stop.
Trainer was signaled to stop but the required `min_epochs=50` or `min_steps=None` has not been met. Training will continue...
[epoch   21] train_loss=0.9699 val_loss=1.3248
2026-06-23 16:21:25,242 - dataloader_debug - INFO - --- Valid Epoch 21: acc=0.4900 n=1104 (chance=0.25) ---
Monitored metric Valid/loss did not improve in the last 11 records. Best score: 1.205. Signaling Trainer to stop.
[epoch   22] train_loss=1.4431 val_loss=1.4631
2026-06-23 16:21:49,645 - dataloader_debug - INFO - --- Valid Epoch 22: acc=0.2871 n=1104 (chance=0.25) ---
Monitored metric Valid/loss did not improve in the last 12 records. Best score: 1.205. Signaling Trainer to stop.
[epoch   23] train_loss=1.2485 val_loss=1.5526
2026-06-23 16:22:14,420 - dataloader_debug - INFO - --- Valid Epoch 23: acc=0.4502 n=1104 (chance=0.25) ---
Monitored metric Valid/loss did not improve in the last 13 records. Best score: 1.205. Signaling Trainer to stop.
[epoch   24] train_loss=1.8451 val_loss=1.4591
2026-06-23 16:22:37,913 - dataloader_debug - INFO - --- Valid Epoch 24: acc=0.3976 n=1104 (chance=0.25) ---
Monitored metric Valid/loss did not improve in the last 14 records. Best score: 1.205. Signaling Trainer to stop.
[epoch   25] train_loss=1.1789 val_loss=1.2865
2026-06-23 16:23:00,804 - dataloader_debug - INFO - --- Valid Epoch 25: acc=0.5045 n=1104 (chance=0.25) ---
Monitored metric Valid/loss did not improve in the last 15 records. Best score: 1.205. Signaling Trainer to stop.
[epoch   26] train_loss=0.9105 val_loss=1.4972
2026-06-23 16:23:24,258 - dataloader_debug - INFO - --- Valid Epoch 26: acc=0.2554 n=1104 (chance=0.25) ---
Monitored metric Valid/loss did not improve in the last 16 records. Best score: 1.205. Signaling Trainer to stop.
[epoch   27] train_loss=1.3286 val_loss=2.1420
2026-06-23 16:23:47,256 - dataloader_debug - INFO - --- Valid Epoch 27: acc=0.5797 n=1104 (chance=0.25) ---
Monitored metric Valid/loss did not improve in the last 17 records. Best score: 1.205. Signaling Trainer to stop.
[epoch   28] train_loss=0.7625 val_loss=1.3358
2026-06-23 16:24:10,283 - dataloader_debug - INFO - --- Valid Epoch 28: acc=0.4167 n=1104 (chance=0.25) ---
Monitored metric Valid/loss did not improve in the last 18 records. Best score: 1.205. Signaling Trainer to stop.
[epoch   29] train_loss=0.7214 val_loss=1.3368
2026-06-23 16:24:32,578 - dataloader_debug - INFO - --- Valid Epoch 29: acc=0.4330 n=1104 (chance=0.25) ---
Monitored metric Valid/loss did not improve in the last 19 records. Best score: 1.205. Signaling Trainer to stop.
[epoch   30] train_loss=1.0312 val_loss=1.7175
2026-06-23 16:24:55,088 - dataloader_debug - INFO - --- Valid Epoch 30: acc=0.2029 n=1104 (chance=0.25) ---
Monitored metric Valid/loss did not improve in the last 20 records. Best score: 1.205. Signaling Trainer to stop.
[epoch   31] train_loss=1.2578 val_loss=4.4070
2026-06-23 16:25:17,765 - dataloader_debug - INFO - --- Valid Epoch 31: acc=0.1187 n=1104 (chance=0.25) ---
Monitored metric Valid/loss did not improve in the last 21 records. Best score: 1.205. Signaling Trainer to stop.
[epoch   32] train_loss=0.8403 val_loss=3.1004
2026-06-23 16:25:41,141 - dataloader_debug - INFO - --- Valid Epoch 32: acc=0.2591 n=1104 (chance=0.25) ---
Monitored metric Valid/loss did not improve in the last 22 records. Best score: 1.205. Signaling Trainer to stop.
[epoch   33] train_loss=0.8491 val_loss=2.8806
2026-06-23 16:26:04,006 - dataloader_debug - INFO - --- Valid Epoch 33: acc=0.1268 n=1104 (chance=0.25) ---
Monitored metric Valid/loss did not improve in the last 23 records. Best score: 1.205. Signaling Trainer to stop.
[epoch   34] train_loss=1.0528 val_loss=2.1329
2026-06-23 16:26:28,850 - dataloader_debug - INFO - --- Valid Epoch 34: acc=0.1422 n=1104 (chance=0.25) ---
Monitored metric Valid/loss did not improve in the last 24 records. Best score: 1.205. Signaling Trainer to stop.
[epoch   35] train_loss=1.2351 val_loss=2.0508
2026-06-23 16:26:51,831 - dataloader_debug - INFO - --- Valid Epoch 35: acc=0.2237 n=1104 (chance=0.25) ---
Monitored metric Valid/loss did not improve in the last 25 records. Best score: 1.205. Signaling Trainer to stop.
[epoch   36] train_loss=0.7020 val_loss=1.4676
2026-06-23 16:27:16,691 - dataloader_debug - INFO - --- Valid Epoch 36: acc=0.4873 n=1104 (chance=0.25) ---
Monitored metric Valid/loss did not improve in the last 26 records. Best score: 1.205. Signaling Trainer to stop.
[epoch   37] train_loss=0.6731 val_loss=3.2027
2026-06-23 16:27:41,794 - dataloader_debug - INFO - --- Valid Epoch 37: acc=0.5879 n=1104 (chance=0.25) ---
Monitored metric Valid/loss did not improve in the last 27 records. Best score: 1.205. Signaling Trainer to stop.
[epoch   38] train_loss=0.9246 val_loss=2.9690
2026-06-23 16:28:06,712 - dataloader_debug - INFO - --- Valid Epoch 38: acc=0.1350 n=1104 (chance=0.25) ---
Monitored metric Valid/loss did not improve in the last 28 records. Best score: 1.205. Signaling Trainer to stop.
[epoch   39] train_loss=0.7320 val_loss=3.3658
2026-06-23 16:28:29,711 - dataloader_debug - INFO - --- Valid Epoch 39: acc=0.2011 n=1104 (chance=0.25) ---
Monitored metric Valid/loss did not improve in the last 29 records. Best score: 1.205. Signaling Trainer to stop.
[epoch   40] train_loss=0.6005 val_loss=3.7477
2026-06-23 16:28:53,088 - dataloader_debug - INFO - --- Valid Epoch 40: acc=0.1585 n=1104 (chance=0.25) ---
Monitored metric Valid/loss did not improve in the last 30 records. Best score: 1.205. Signaling Trainer to stop.
[epoch   41] train_loss=0.3608 val_loss=2.2589
2026-06-23 16:29:16,129 - dataloader_debug - INFO - --- Valid Epoch 41: acc=0.3089 n=1104 (chance=0.25) ---
Monitored metric Valid/loss did not improve in the last 31 records. Best score: 1.205. Signaling Trainer to stop.
[epoch   42] train_loss=0.6294 val_loss=3.0188
2026-06-23 16:29:39,350 - dataloader_debug - INFO - --- Valid Epoch 42: acc=0.1721 n=1104 (chance=0.25) ---
Monitored metric Valid/loss did not improve in the last 32 records. Best score: 1.205. Signaling Trainer to stop.
[epoch   43] train_loss=1.1404 val_loss=3.4968
2026-06-23 16:30:02,530 - dataloader_debug - INFO - --- Valid Epoch 43: acc=0.1839 n=1104 (chance=0.25) ---
Monitored metric Valid/loss did not improve in the last 33 records. Best score: 1.205. Signaling Trainer to stop.
[epoch   44] train_loss=0.4331 val_loss=4.1993
2026-06-23 16:30:25,599 - dataloader_debug - INFO - --- Valid Epoch 44: acc=0.5725 n=1104 (chance=0.25) ---
Monitored metric Valid/loss did not improve in the last 34 records. Best score: 1.205. Signaling Trainer to stop.
[epoch   45] train_loss=1.3563 val_loss=4.1042
2026-06-23 16:30:48,417 - dataloader_debug - INFO - --- Valid Epoch 45: acc=0.2274 n=1104 (chance=0.25) ---
Monitored metric Valid/loss did not improve in the last 35 records. Best score: 1.205. Signaling Trainer to stop.
[epoch   46] train_loss=0.8166 val_loss=3.6508
2026-06-23 16:31:11,138 - dataloader_debug - INFO - --- Valid Epoch 46: acc=0.2092 n=1104 (chance=0.25) ---
Monitored metric Valid/loss did not improve in the last 36 records. Best score: 1.205. Signaling Trainer to stop.
[epoch   47] train_loss=0.8416 val_loss=4.0649
2026-06-23 16:31:33,524 - dataloader_debug - INFO - --- Valid Epoch 47: acc=0.1649 n=1104 (chance=0.25) ---
Monitored metric Valid/loss did not improve in the last 37 records. Best score: 1.205. Signaling Trainer to stop.
[epoch   48] train_loss=0.6216 val_loss=2.3721
2026-06-23 16:31:56,624 - dataloader_debug - INFO - --- Valid Epoch 48: acc=0.4357 n=1104 (chance=0.25) ---
Monitored metric Valid/loss did not improve in the last 38 records. Best score: 1.205. Signaling Trainer to stop.
[epoch   49] train_loss=0.3878 val_loss=3.1937
2026-06-23 16:32:19,524 - dataloader_debug - INFO - --- Valid Epoch 49: acc=0.1984 n=1104 (chance=0.25) ---
Monitored metric Valid/loss did not improve in the last 39 records. Best score: 1.205. Signaling Trainer to stop.
[[[ FINISH ]]] 2026-06-23 16:32:19.672360
  TEST
/home/andrea.giampietro/.conda/envs/eeg_attention/lib/python3.9/site-packages/lightning_fabric/__init__.py:29: UserWarning: pkg_resources is deprecated as an API. See https://setuptools.pypa.io/en/latest/pkg_resources.html. The pkg_resources package is slated for removal as early as 2025-11-30. Refrain from using this package or pin to Setuptools<81.
  __import__("pkg_resources").declare_namespace(__name__)
[paths] host=edu02 host_profile_keys=[] cpu=128 cpu_effective=8
[paths] dataset_dir=../dataset
[paths] log_dir=../results
[paths] workers=7
[rank: 0] Global seed set to 42
no augmentation
[cv] mode=leave_song_out held_out_id=62
Size of train dataset: 3399
Size of valid dataset: 1111
Size of test dataset: 104
[audio] SampleCNN2DEEG (4 independent encoders, Akama baseline)
Supervised classification (objective=classify_eeg, modality=eeg)
[paths] tty=False (progress bar off)
GPU available: True (cuda), used: True
TPU available: False, using: 0 TPU cores
IPU available: False, using: 0 IPUs
HPU available: False, using: 0 HPUs
Auto-discovered checkpoint: ../results/clf_eeg_lso_song62/nmed-CL-preprocessing_eegmusic/version_0/checkpoints/best-checkpoint.ckpt
[[[ START ]]] 2026-06-23 16:32:56.377773
[load] checkpoint state_dict matched the model exactly
You are using a CUDA device ('NVIDIA L40S') that has Tensor Cores. To properly utilize them, you should set `torch.set_float32_matmul_precision('medium' | 'high')` which will trade-off precision for performance. For more details, read https://pytorch.org/docs/stable/generated/torch.set_float32_matmul_precision.html#torch.set_float32_matmul_precision
LOCAL_RANK: 0 - CUDA_VISIBLE_DEVICES: [1]

===== SUPERVISED TEST RESULTS =====
objective: classify_eeg  |  chance = 0.25
Global accuracy (all data):        0.0192
Global accuracy (high attention):  0.0256
Per-class accuracy (all):          [nan, nan, nan, 0.0192]
===================================
== Supervised test (objective=classify_eeg) ==
chance: 0.2500
n_windows total: 104
n_windows high-attention: 78
global accuracy (records, all): 0.0192
global accuracy (records, attn): 0.0256
Figures saved to: ../results/clf_eeg_lso_song62/nmed-CL-preprocessing_eegmusic/version_1
[[[ FINISH ]]] 2026-06-23 16:32:58.833909

===== [16:32] clf_audio_raw_lso_song45  (classify_audio|raw|45)  elapsed 381m =====
  TRAIN
/home/andrea.giampietro/.conda/envs/eeg_attention/lib/python3.9/site-packages/lightning_fabric/__init__.py:29: UserWarning: pkg_resources is deprecated as an API. See https://setuptools.pypa.io/en/latest/pkg_resources.html. The pkg_resources package is slated for removal as early as 2025-11-30. Refrain from using this package or pin to Setuptools<81.
  __import__("pkg_resources").declare_namespace(__name__)
[paths] host=edu02 host_profile_keys=[] cpu=128 cpu_effective=8
[paths] dataset_dir=../dataset
[paths] log_dir=../results
[paths] workers=7
[rank: 0] Global seed set to 42
no augmentation
[cv] mode=leave_song_out held_out_id=45
Size of train dataset: 3388
Size of valid dataset: 1133
Size of test dataset: 104
[audio] SampleCNN2DEEG (4 independent encoders, Akama baseline)
Supervised classification (objective=classify_audio, modality=audio)
[paths] tty=False (progress bar off, epoch summaries instead)
GPU available: True (cuda), used: True
TPU available: False, using: 0 TPU cores
IPU available: False, using: 0 IPUs
HPU available: False, using: 0 HPUs
[[[ START ]]] 2026-06-23 16:33:22.932995
You are using a CUDA device ('NVIDIA L40S') that has Tensor Cores. To properly utilize them, you should set `torch.set_float32_matmul_precision('medium' | 'high')` which will trade-off precision for performance. For more details, read https://pytorch.org/docs/stable/generated/torch.set_float32_matmul_precision.html#torch.set_float32_matmul_precision
Missing logger folder: ../results/clf_audio_raw_lso_song45/nmed-CL-preprocessing_eegmusic
LOCAL_RANK: 0 - CUDA_VISIBLE_DEVICES: [1]

  | Name           | Type             | Params
----------------------------------------------------
0 | encoder_vocal  | SampleCNN2DEEG   | 116 K 
1 | encoder_drum   | SampleCNN2DEEG   | 116 K 
2 | encoder_bass   | SampleCNN2DEEG   | 116 K 
3 | encoder_others | SampleCNN2DEEG   | 116 K 
4 | classifier     | Linear           | 1.6 K 
5 | criterion      | CrossEntropyLoss | 0     
----------------------------------------------------
466 K     Trainable params
0         Non-trainable params
466 K     Total params
1.864     Total estimated model params size (MB)
SLURM auto-requeueing enabled. Setting signal handlers.
[epoch    0] train_loss=n/a val_loss=1.3789
2026-06-23 16:33:24,959 - dataloader_debug - INFO - --- Valid Epoch 0: acc=0.0000 n=16 (chance=0.25) ---
[epoch    0] train_loss=0.6288 val_loss=3.2110
2026-06-23 16:39:01,996 - dataloader_debug - INFO - --- Valid Epoch 0: acc=0.3147 n=1128 (chance=0.25) ---
Metric Valid/loss improved. New best score: 3.211
[epoch    1] train_loss=0.5458 val_loss=9.7088
2026-06-23 16:44:39,159 - dataloader_debug - INFO - --- Valid Epoch 1: acc=0.1463 n=1128 (chance=0.25) ---
[epoch    2] train_loss=0.4294 val_loss=1.7885
2026-06-23 16:50:16,646 - dataloader_debug - INFO - --- Valid Epoch 2: acc=0.5009 n=1128 (chance=0.25) ---
Metric Valid/loss improved by 1.422 >= min_delta = 0.0. New best score: 1.789
[epoch    3] train_loss=0.3575 val_loss=0.6282
2026-06-23 16:55:53,953 - dataloader_debug - INFO - --- Valid Epoch 3: acc=0.7278 n=1128 (chance=0.25) ---
Metric Valid/loss improved by 1.160 >= min_delta = 0.0. New best score: 0.628
[epoch    4] train_loss=0.4132 val_loss=0.7937
2026-06-23 17:01:31,219 - dataloader_debug - INFO - --- Valid Epoch 4: acc=0.7074 n=1128 (chance=0.25) ---
[epoch    5] train_loss=0.8318 val_loss=0.9143
2026-06-23 17:07:08,474 - dataloader_debug - INFO - --- Valid Epoch 5: acc=0.7066 n=1128 (chance=0.25) ---
[epoch    6] train_loss=0.3268 val_loss=3.6176
2026-06-23 17:12:45,658 - dataloader_debug - INFO - --- Valid Epoch 6: acc=0.3014 n=1128 (chance=0.25) ---
[epoch    7] train_loss=0.2447 val_loss=2.8378
2026-06-23 17:18:22,689 - dataloader_debug - INFO - --- Valid Epoch 7: acc=0.6348 n=1128 (chance=0.25) ---
bypassing sigterm
Traceback (most recent call last):
  File "/home/andrea.giampietro/EEG-Attention-decoding-with-CLAP/src/main.py", line 398, in <module>
    trainer.fit(module, train_dataloaders=train_loader, val_dataloaders=valid_loader)
  File "/home/andrea.giampietro/.conda/envs/eeg_attention/lib/python3.9/site-packages/pytorch_lightning/trainer/trainer.py", line 608, in fit
    call._call_and_handle_interrupt(
  File "/home/andrea.giampietro/.conda/envs/eeg_attention/lib/python3.9/site-packages/pytorch_lightning/trainer/call.py", line 38, in _call_and_handle_interrupt
    return trainer_fn(*args, **kwargs)
  File "/home/andrea.giampietro/.conda/envs/eeg_attention/lib/python3.9/site-packages/pytorch_lightning/trainer/trainer.py", line 650, in _fit_impl
    self._run(model, ckpt_path=self.ckpt_path)
  File "/home/andrea.giampietro/.conda/envs/eeg_attention/lib/python3.9/site-packages/pytorch_lightning/trainer/trainer.py", line 1112, in _run
    results = self._run_stage()
  File "/home/andrea.giampietro/.conda/envs/eeg_attention/lib/python3.9/site-packages/pytorch_lightning/trainer/trainer.py", line 1191, in _run_stage
    self._run_train()
  File "/home/andrea.giampietro/.conda/envs/eeg_attention/lib/python3.9/site-packages/pytorch_lightning/trainer/trainer.py", line 1214, in _run_train
    self.fit_loop.run()
  File "/home/andrea.giampietro/.conda/envs/eeg_attention/lib/python3.9/site-packages/pytorch_lightning/loops/loop.py", line 199, in run
    self.advance(*args, **kwargs)
  File "/home/andrea.giampietro/.conda/envs/eeg_attention/lib/python3.9/site-packages/pytorch_lightning/loops/fit_loop.py", line 267, in advance
    self._outputs = self.epoch_loop.run(self._data_fetcher)
  File "/home/andrea.giampietro/.conda/envs/eeg_attention/lib/python3.9/site-packages/pytorch_lightning/loops/loop.py", line 199, in run
    self.advance(*args, **kwargs)
  File "/home/andrea.giampietro/.conda/envs/eeg_attention/lib/python3.9/site-packages/pytorch_lightning/loops/epoch/training_epoch_loop.py", line 231, in advance
    self.trainer._logger_connector.on_batch_end()
  File "/home/andrea.giampietro/.conda/envs/eeg_attention/lib/python3.9/site-packages/pytorch_lightning/trainer/connectors/logger_connector/logger_connector.py", line 200, in on_batch_end
    metrics = self.metrics
  File "/home/andrea.giampietro/.conda/envs/eeg_attention/lib/python3.9/site-packages/pytorch_lightning/trainer/connectors/logger_connector/logger_connector.py", line 237, in metrics
    return self.trainer._results.metrics(on_step)
  File "/home/andrea.giampietro/.conda/envs/eeg_attention/lib/python3.9/site-packages/pytorch_lightning/trainer/connectors/logger_connector/result.py", line 616, in metrics
    metrics["pbar"][forked_name] = convert_tensors_to_scalars(value)
  File "/home/andrea.giampietro/.conda/envs/eeg_attention/lib/python3.9/site-packages/lightning_fabric/utilities/apply_func.py", line 126, in convert_tensors_to_scalars
    return apply_to_collection(data, Tensor, to_item)
  File "/home/andrea.giampietro/.conda/envs/eeg_attention/lib/python3.9/site-packages/lightning_utilities/core/apply_func.py", line 66, in apply_to_collection
    return function(data, *args, **kwargs)
  File "/home/andrea.giampietro/.conda/envs/eeg_attention/lib/python3.9/site-packages/lightning_fabric/utilities/apply_func.py", line 124, in to_item
    return value.item()
  File "/home/andrea.giampietro/.conda/envs/eeg_attention/lib/python3.9/site-packages/torch/utils/data/_utils/signal_handling.py", line 66, in handler
    _error_if_any_worker_fails()
RuntimeError: DataLoader worker (pid 3244449) is killed by signal: Terminated. 
  TEST
/home/andrea.giampietro/.conda/envs/eeg_attention/lib/python3.9/site-packages/lightning_fabric/__init__.py:29: UserWarning: pkg_resources is deprecated as an API. See https://setuptools.pypa.io/en/latest/pkg_resources.html. The pkg_resources package is slated for removal as early as 2025-11-30. Refrain from using this package or pin to Setuptools<81.
  __import__("pkg_resources").declare_namespace(__name__)
[paths] host=edu02 host_profile_keys=[] cpu=128 cpu_effective=8
[paths] dataset_dir=../dataset
[paths] log_dir=../results
[paths] workers=7
[rank: 0] Global seed set to 42
no augmentation
[cv] mode=leave_song_out held_out_id=45
Size of train dataset: 3388
Size of valid dataset: 1133
Size of test dataset: 104
[audio] SampleCNN2DEEG (4 independent encoders, Akama baseline)
Supervised classification (objective=classify_audio, modality=audio)
[paths] tty=False (progress bar off)
GPU available: True (cuda), used: True
TPU available: False, using: 0 TPU cores
IPU available: False, using: 0 IPUs
HPU available: False, using: 0 HPUs
Auto-discovered checkpoint: ../results/clf_audio_raw_lso_song45/nmed-CL-preprocessing_eegmusic/version_0/checkpoints/best-checkpoint.ckpt
[[[ START ]]] 2026-06-23 17:23:59.840949
[load] checkpoint state_dict matched the model exactly
You are using a CUDA device ('NVIDIA L40S') that has Tensor Cores. To properly utilize them, you should set `torch.set_float32_matmul_precision('medium' | 'high')` which will trade-off precision for performance. For more details, read https://pytorch.org/docs/stable/generated/torch.set_float32_matmul_precision.html#torch.set_float32_matmul_precision
LOCAL_RANK: 0 - CUDA_VISIBLE_DEVICES: [1]

===== SUPERVISED TEST RESULTS =====
objective: classify_audio  |  chance = 0.25
Global accuracy (all data):        0.0000
Global accuracy (high attention):  0.0000
Per-class accuracy (all):          [0.0, nan, nan, nan]
NOTE: classify_audio is a negative control — expected ~chance; above-chance accuracy quantifies song->label leakage, not performance.
===================================
== Supervised test (objective=classify_audio) ==
chance: 0.2500
n_windows total: 104
n_windows high-attention: 91
global accuracy (records, all): 0.0000
global accuracy (records, attn): 0.0000
Figures saved to: ../results/clf_audio_raw_lso_song45/nmed-CL-preprocessing_eegmusic/version_1
[[[ FINISH ]]] 2026-06-23 17:24:06.547492
[budget] 432m reached -> stop

######## CONTROLS AGGREGATE (all LSO control folds on disk) ########

===== classify_audio/raw  (17 folds, 1768 windows) =====
   held-out vocal  : acc=0.477
   held-out drum   : acc=0.000
   held-out bass   : acc=0.212
   held-out others : acc=0.000
   MACRO=0.172  GLOBAL=0.190  (chance 0.25)
   predicts: {'vocal': 0.448, 'bass': 0.281, 'others': 0.149, 'drum': 0.122}   classes covered: ['vocal', 'drum', 'bass', 'others']

===== classify_eeg/raw  (16 folds, 1664 windows) =====
   held-out vocal  : acc=0.981
   held-out drum   : acc=0.000
   held-out bass   : acc=0.000
   held-out others : acc=0.005
   MACRO=0.246  GLOBAL=0.246  (chance 0.25)
   predicts: {'vocal': 0.993, 'drum': 0.004, 'others': 0.003}   classes covered: ['vocal', 'drum', 'bass', 'others']
######## DONE ########
