nohup: ignoring input
[env] Fri Jun 26 10:28:51 AM CEST 2026 env=eeg_attention CUDA=0 SHARD=0/2 CAP=360m
[env] torch=2.2.2+cu121 cuda=True dev=NVIDIA L40S

===== [10:28] conv_ct_clap_spectra_within  (contrastive|clap|spectra|within|-1)  elapsed 0m =====
  TRAIN (CAP=360m, to convergence)
/home/andrea.giampietro/.conda/envs/eeg_attention/lib/python3.9/site-packages/lightning_fabric/__init__.py:29: UserWarning: pkg_resources is deprecated as an API. See https://setuptools.pypa.io/en/latest/pkg_resources.html. The pkg_resources package is slated for removal as early as 2025-11-30. Refrain from using this package or pin to Setuptools<81.
  __import__("pkg_resources").declare_namespace(__name__)
[paths] host=edu02 host_profile_keys=[] cpu=128 cpu_effective=8
[paths] dataset_dir=../dataset
[paths] log_dir=../results
[paths] workers=7
[rank: 0] Global seed set to 42
no augmentation
[cv] mode=within held_out_id=-1
Size of train dataset: 3454
Size of valid dataset: 1144
Size of test dataset: 806
[eeg] SpectraEEG (raw 2D-CNN + band-power frequency branch)
/home/andrea.giampietro/.conda/envs/eeg_attention/lib/python3.9/site-packages/huggingface_hub/file_download.py:949: FutureWarning: `resume_download` is deprecated and will be removed in version 1.0.0. Downloads always resume when possible. If you want to force a new download, use `force_download=True`.
  warnings.warn(
/home/andrea.giampietro/.conda/envs/eeg_attention/lib/python3.9/site-packages/torch/functional.py:507: UserWarning: torch.meshgrid: in an upcoming release, it will be required to pass the indexing argument. (Triggered internally at ../aten/src/ATen/native/TensorShape.cpp:3549.)
  return _VF.meshgrid(tensors, **kwargs)  # type: ignore[attr-defined]
Some weights of RobertaModel were not initialized from the model checkpoint at roberta-base and are newly initialized: ['roberta.pooler.dense.bias', 'roberta.pooler.dense.weight']
You should probably TRAIN this model on a down-stream task to be able to use it for predictions and inference.
Load our best checkpoint in the paper.
The checkpoint is already downloaded
Load Checkpoint...
logit_scale_a 	 Loaded
logit_scale_t 	 Loaded
audio_branch.spectrogram_extractor.stft.conv_real.weight 	 Loaded
audio_branch.spectrogram_extractor.stft.conv_imag.weight 	 Loaded
audio_branch.logmel_extractor.melW 	 Loaded
audio_branch.bn0.weight 	 Loaded
audio_branch.bn0.bias 	 Loaded
audio_branch.patch_embed.proj.weight 	 Loaded
audio_branch.patch_embed.proj.bias 	 Loaded
audio_branch.patch_embed.norm.weight 	 Loaded
audio_branch.patch_embed.norm.bias 	 Loaded
audio_branch.layers.0.blocks.0.norm1.weight 	 Loaded
audio_branch.layers.0.blocks.0.norm1.bias 	 Loaded
audio_branch.layers.0.blocks.0.attn.relative_position_bias_table 	 Loaded
audio_branch.layers.0.blocks.0.attn.qkv.weight 	 Loaded
audio_branch.layers.0.blocks.0.attn.qkv.bias 	 Loaded
audio_branch.layers.0.blocks.0.attn.proj.weight 	 Loaded
audio_branch.layers.0.blocks.0.attn.proj.bias 	 Loaded
audio_branch.layers.0.blocks.0.norm2.weight 	 Loaded
audio_branch.layers.0.blocks.0.norm2.bias 	 Loaded
audio_branch.layers.0.blocks.0.mlp.fc1.weight 	 Loaded
audio_branch.layers.0.blocks.0.mlp.fc1.bias 	 Loaded
audio_branch.layers.0.blocks.0.mlp.fc2.weight 	 Loaded
audio_branch.layers.0.blocks.0.mlp.fc2.bias 	 Loaded
audio_branch.layers.0.blocks.1.norm1.weight 	 Loaded
audio_branch.layers.0.blocks.1.norm1.bias 	 Loaded
audio_branch.layers.0.blocks.1.attn.relative_position_bias_table 	 Loaded
audio_branch.layers.0.blocks.1.attn.qkv.weight 	 Loaded
audio_branch.layers.0.blocks.1.attn.qkv.bias 	 Loaded
audio_branch.layers.0.blocks.1.attn.proj.weight 	 Loaded
audio_branch.layers.0.blocks.1.attn.proj.bias 	 Loaded
audio_branch.layers.0.blocks.1.norm2.weight 	 Loaded
audio_branch.layers.0.blocks.1.norm2.bias 	 Loaded
audio_branch.layers.0.blocks.1.mlp.fc1.weight 	 Loaded
audio_branch.layers.0.blocks.1.mlp.fc1.bias 	 Loaded
audio_branch.layers.0.blocks.1.mlp.fc2.weight 	 Loaded
audio_branch.layers.0.blocks.1.mlp.fc2.bias 	 Loaded
audio_branch.layers.0.downsample.reduction.weight 	 Loaded
audio_branch.layers.0.downsample.norm.weight 	 Loaded
audio_branch.layers.0.downsample.norm.bias 	 Loaded
audio_branch.layers.1.blocks.0.norm1.weight 	 Loaded
audio_branch.layers.1.blocks.0.norm1.bias 	 Loaded
audio_branch.layers.1.blocks.0.attn.relative_position_bias_table 	 Loaded
audio_branch.layers.1.blocks.0.attn.qkv.weight 	 Loaded
audio_branch.layers.1.blocks.0.attn.qkv.bias 	 Loaded
audio_branch.layers.1.blocks.0.attn.proj.weight 	 Loaded
audio_branch.layers.1.blocks.0.attn.proj.bias 	 Loaded
audio_branch.layers.1.blocks.0.norm2.weight 	 Loaded
audio_branch.layers.1.blocks.0.norm2.bias 	 Loaded
audio_branch.layers.1.blocks.0.mlp.fc1.weight 	 Loaded
audio_branch.layers.1.blocks.0.mlp.fc1.bias 	 Loaded
audio_branch.layers.1.blocks.0.mlp.fc2.weight 	 Loaded
audio_branch.layers.1.blocks.0.mlp.fc2.bias 	 Loaded
audio_branch.layers.1.blocks.1.norm1.weight 	 Loaded
audio_branch.layers.1.blocks.1.norm1.bias 	 Loaded
audio_branch.layers.1.blocks.1.attn.relative_position_bias_table 	 Loaded
audio_branch.layers.1.blocks.1.attn.qkv.weight 	 Loaded
audio_branch.layers.1.blocks.1.attn.qkv.bias 	 Loaded
audio_branch.layers.1.blocks.1.attn.proj.weight 	 Loaded
audio_branch.layers.1.blocks.1.attn.proj.bias 	 Loaded
audio_branch.layers.1.blocks.1.norm2.weight 	 Loaded
audio_branch.layers.1.blocks.1.norm2.bias 	 Loaded
audio_branch.layers.1.blocks.1.mlp.fc1.weight 	 Loaded
audio_branch.layers.1.blocks.1.mlp.fc1.bias 	 Loaded
audio_branch.layers.1.blocks.1.mlp.fc2.weight 	 Loaded
audio_branch.layers.1.blocks.1.mlp.fc2.bias 	 Loaded
audio_branch.layers.1.downsample.reduction.weight 	 Loaded
audio_branch.layers.1.downsample.norm.weight 	 Loaded
audio_branch.layers.1.downsample.norm.bias 	 Loaded
audio_branch.layers.2.blocks.0.norm1.weight 	 Loaded
audio_branch.layers.2.blocks.0.norm1.bias 	 Loaded
audio_branch.layers.2.blocks.0.attn.relative_position_bias_table 	 Loaded
audio_branch.layers.2.blocks.0.attn.qkv.weight 	 Loaded
audio_branch.layers.2.blocks.0.attn.qkv.bias 	 Loaded
audio_branch.layers.2.blocks.0.attn.proj.weight 	 Loaded
audio_branch.layers.2.blocks.0.attn.proj.bias 	 Loaded
audio_branch.layers.2.blocks.0.norm2.weight 	 Loaded
audio_branch.layers.2.blocks.0.norm2.bias 	 Loaded
audio_branch.layers.2.blocks.0.mlp.fc1.weight 	 Loaded
audio_branch.layers.2.blocks.0.mlp.fc1.bias 	 Loaded
audio_branch.layers.2.blocks.0.mlp.fc2.weight 	 Loaded
audio_branch.layers.2.blocks.0.mlp.fc2.bias 	 Loaded
audio_branch.layers.2.blocks.1.norm1.weight 	 Loaded
audio_branch.layers.2.blocks.1.norm1.bias 	 Loaded
audio_branch.layers.2.blocks.1.attn.relative_position_bias_table 	 Loaded
audio_branch.layers.2.blocks.1.attn.qkv.weight 	 Loaded
audio_branch.layers.2.blocks.1.attn.qkv.bias 	 Loaded
audio_branch.layers.2.blocks.1.attn.proj.weight 	 Loaded
audio_branch.layers.2.blocks.1.attn.proj.bias 	 Loaded
audio_branch.layers.2.blocks.1.norm2.weight 	 Loaded
audio_branch.layers.2.blocks.1.norm2.bias 	 Loaded
audio_branch.layers.2.blocks.1.mlp.fc1.weight 	 Loaded
audio_branch.layers.2.blocks.1.mlp.fc1.bias 	 Loaded
audio_branch.layers.2.blocks.1.mlp.fc2.weight 	 Loaded
audio_branch.layers.2.blocks.1.mlp.fc2.bias 	 Loaded
audio_branch.layers.2.blocks.2.norm1.weight 	 Loaded
audio_branch.layers.2.blocks.2.norm1.bias 	 Loaded
audio_branch.layers.2.blocks.2.attn.relative_position_bias_table 	 Loaded
audio_branch.layers.2.blocks.2.attn.qkv.weight 	 Loaded
audio_branch.layers.2.blocks.2.attn.qkv.bias 	 Loaded
audio_branch.layers.2.blocks.2.attn.proj.weight 	 Loaded
audio_branch.layers.2.blocks.2.attn.proj.bias 	 Loaded
audio_branch.layers.2.blocks.2.norm2.weight 	 Loaded
audio_branch.layers.2.blocks.2.norm2.bias 	 Loaded
audio_branch.layers.2.blocks.2.mlp.fc1.weight 	 Loaded
audio_branch.layers.2.blocks.2.mlp.fc1.bias 	 Loaded
audio_branch.layers.2.blocks.2.mlp.fc2.weight 	 Loaded
audio_branch.layers.2.blocks.2.mlp.fc2.bias 	 Loaded
audio_branch.layers.2.blocks.3.norm1.weight 	 Loaded
audio_branch.layers.2.blocks.3.norm1.bias 	 Loaded
audio_branch.layers.2.blocks.3.attn.relative_position_bias_table 	 Loaded
audio_branch.layers.2.blocks.3.attn.qkv.weight 	 Loaded
audio_branch.layers.2.blocks.3.attn.qkv.bias 	 Loaded
audio_branch.layers.2.blocks.3.attn.proj.weight 	 Loaded
audio_branch.layers.2.blocks.3.attn.proj.bias 	 Loaded
audio_branch.layers.2.blocks.3.norm2.weight 	 Loaded
audio_branch.layers.2.blocks.3.norm2.bias 	 Loaded
audio_branch.layers.2.blocks.3.mlp.fc1.weight 	 Loaded
audio_branch.layers.2.blocks.3.mlp.fc1.bias 	 Loaded
audio_branch.layers.2.blocks.3.mlp.fc2.weight 	 Loaded
audio_branch.layers.2.blocks.3.mlp.fc2.bias 	 Loaded
audio_branch.layers.2.blocks.4.norm1.weight 	 Loaded
audio_branch.layers.2.blocks.4.norm1.bias 	 Loaded
audio_branch.layers.2.blocks.4.attn.relative_position_bias_table 	 Loaded
audio_branch.layers.2.blocks.4.attn.qkv.weight 	 Loaded
audio_branch.layers.2.blocks.4.attn.qkv.bias 	 Loaded
audio_branch.layers.2.blocks.4.attn.proj.weight 	 Loaded
audio_branch.layers.2.blocks.4.attn.proj.bias 	 Loaded
audio_branch.layers.2.blocks.4.norm2.weight 	 Loaded
audio_branch.layers.2.blocks.4.norm2.bias 	 Loaded
audio_branch.layers.2.blocks.4.mlp.fc1.weight 	 Loaded
audio_branch.layers.2.blocks.4.mlp.fc1.bias 	 Loaded
audio_branch.layers.2.blocks.4.mlp.fc2.weight 	 Loaded
audio_branch.layers.2.blocks.4.mlp.fc2.bias 	 Loaded
audio_branch.layers.2.blocks.5.norm1.weight 	 Loaded
audio_branch.layers.2.blocks.5.norm1.bias 	 Loaded
audio_branch.layers.2.blocks.5.attn.relative_position_bias_table 	 Loaded
audio_branch.layers.2.blocks.5.attn.qkv.weight 	 Loaded
audio_branch.layers.2.blocks.5.attn.qkv.bias 	 Loaded
audio_branch.layers.2.blocks.5.attn.proj.weight 	 Loaded
audio_branch.layers.2.blocks.5.attn.proj.bias 	 Loaded
audio_branch.layers.2.blocks.5.norm2.weight 	 Loaded
audio_branch.layers.2.blocks.5.norm2.bias 	 Loaded
audio_branch.layers.2.blocks.5.mlp.fc1.weight 	 Loaded
audio_branch.layers.2.blocks.5.mlp.fc1.bias 	 Loaded
audio_branch.layers.2.blocks.5.mlp.fc2.weight 	 Loaded
audio_branch.layers.2.blocks.5.mlp.fc2.bias 	 Loaded
audio_branch.layers.2.downsample.reduction.weight 	 Loaded
audio_branch.layers.2.downsample.norm.weight 	 Loaded
audio_branch.layers.2.downsample.norm.bias 	 Loaded
audio_branch.layers.3.blocks.0.norm1.weight 	 Loaded
audio_branch.layers.3.blocks.0.norm1.bias 	 Loaded
audio_branch.layers.3.blocks.0.attn.relative_position_bias_table 	 Loaded
audio_branch.layers.3.blocks.0.attn.qkv.weight 	 Loaded
audio_branch.layers.3.blocks.0.attn.qkv.bias 	 Loaded
audio_branch.layers.3.blocks.0.attn.proj.weight 	 Loaded
audio_branch.layers.3.blocks.0.attn.proj.bias 	 Loaded
audio_branch.layers.3.blocks.0.norm2.weight 	 Loaded
audio_branch.layers.3.blocks.0.norm2.bias 	 Loaded
audio_branch.layers.3.blocks.0.mlp.fc1.weight 	 Loaded
audio_branch.layers.3.blocks.0.mlp.fc1.bias 	 Loaded
audio_branch.layers.3.blocks.0.mlp.fc2.weight 	 Loaded
audio_branch.layers.3.blocks.0.mlp.fc2.bias 	 Loaded
audio_branch.layers.3.blocks.1.norm1.weight 	 Loaded
audio_branch.layers.3.blocks.1.norm1.bias 	 Loaded
audio_branch.layers.3.blocks.1.attn.relative_position_bias_table 	 Loaded
audio_branch.layers.3.blocks.1.attn.qkv.weight 	 Loaded
audio_branch.layers.3.blocks.1.attn.qkv.bias 	 Loaded
audio_branch.layers.3.blocks.1.attn.proj.weight 	 Loaded
audio_branch.layers.3.blocks.1.attn.proj.bias 	 Loaded
audio_branch.layers.3.blocks.1.norm2.weight 	 Loaded
audio_branch.layers.3.blocks.1.norm2.bias 	 Loaded
audio_branch.layers.3.blocks.1.mlp.fc1.weight 	 Loaded
audio_branch.layers.3.blocks.1.mlp.fc1.bias 	 Loaded
audio_branch.layers.3.blocks.1.mlp.fc2.weight 	 Loaded
audio_branch.layers.3.blocks.1.mlp.fc2.bias 	 Loaded
audio_branch.norm.weight 	 Loaded
audio_branch.norm.bias 	 Loaded
audio_branch.tscam_conv.weight 	 Loaded
audio_branch.tscam_conv.bias 	 Loaded
audio_branch.head.weight 	 Loaded
audio_branch.head.bias 	 Loaded
text_branch.embeddings.word_embeddings.weight 	 Loaded
text_branch.embeddings.position_embeddings.weight 	 Loaded
text_branch.embeddings.token_type_embeddings.weight 	 Loaded
text_branch.embeddings.LayerNorm.weight 	 Loaded
text_branch.embeddings.LayerNorm.bias 	 Loaded
text_branch.encoder.layer.0.attention.self.query.weight 	 Loaded
text_branch.encoder.layer.0.attention.self.query.bias 	 Loaded
text_branch.encoder.layer.0.attention.self.key.weight 	 Loaded
text_branch.encoder.layer.0.attention.self.key.bias 	 Loaded
text_branch.encoder.layer.0.attention.self.value.weight 	 Loaded
text_branch.encoder.layer.0.attention.self.value.bias 	 Loaded
text_branch.encoder.layer.0.attention.output.dense.weight 	 Loaded
text_branch.encoder.layer.0.attention.output.dense.bias 	 Loaded
text_branch.encoder.layer.0.attention.output.LayerNorm.weight 	 Loaded
text_branch.encoder.layer.0.attention.output.LayerNorm.bias 	 Loaded
text_branch.encoder.layer.0.intermediate.dense.weight 	 Loaded
text_branch.encoder.layer.0.intermediate.dense.bias 	 Loaded
text_branch.encoder.layer.0.output.dense.weight 	 Loaded
text_branch.encoder.layer.0.output.dense.bias 	 Loaded
text_branch.encoder.layer.0.output.LayerNorm.weight 	 Loaded
text_branch.encoder.layer.0.output.LayerNorm.bias 	 Loaded
text_branch.encoder.layer.1.attention.self.query.weight 	 Loaded
text_branch.encoder.layer.1.attention.self.query.bias 	 Loaded
text_branch.encoder.layer.1.attention.self.key.weight 	 Loaded
text_branch.encoder.layer.1.attention.self.key.bias 	 Loaded
text_branch.encoder.layer.1.attention.self.value.weight 	 Loaded
text_branch.encoder.layer.1.attention.self.value.bias 	 Loaded
text_branch.encoder.layer.1.attention.output.dense.weight 	 Loaded
text_branch.encoder.layer.1.attention.output.dense.bias 	 Loaded
text_branch.encoder.layer.1.attention.output.LayerNorm.weight 	 Loaded
text_branch.encoder.layer.1.attention.output.LayerNorm.bias 	 Loaded
text_branch.encoder.layer.1.intermediate.dense.weight 	 Loaded
text_branch.encoder.layer.1.intermediate.dense.bias 	 Loaded
text_branch.encoder.layer.1.output.dense.weight 	 Loaded
text_branch.encoder.layer.1.output.dense.bias 	 Loaded
text_branch.encoder.layer.1.output.LayerNorm.weight 	 Loaded
text_branch.encoder.layer.1.output.LayerNorm.bias 	 Loaded
text_branch.encoder.layer.2.attention.self.query.weight 	 Loaded
text_branch.encoder.layer.2.attention.self.query.bias 	 Loaded
text_branch.encoder.layer.2.attention.self.key.weight 	 Loaded
text_branch.encoder.layer.2.attention.self.key.bias 	 Loaded
text_branch.encoder.layer.2.attention.self.value.weight 	 Loaded
text_branch.encoder.layer.2.attention.self.value.bias 	 Loaded
text_branch.encoder.layer.2.attention.output.dense.weight 	 Loaded
text_branch.encoder.layer.2.attention.output.dense.bias 	 Loaded
text_branch.encoder.layer.2.attention.output.LayerNorm.weight 	 Loaded
text_branch.encoder.layer.2.attention.output.LayerNorm.bias 	 Loaded
text_branch.encoder.layer.2.intermediate.dense.weight 	 Loaded
text_branch.encoder.layer.2.intermediate.dense.bias 	 Loaded
text_branch.encoder.layer.2.output.dense.weight 	 Loaded
text_branch.encoder.layer.2.output.dense.bias 	 Loaded
text_branch.encoder.layer.2.output.LayerNorm.weight 	 Loaded
text_branch.encoder.layer.2.output.LayerNorm.bias 	 Loaded
text_branch.encoder.layer.3.attention.self.query.weight 	 Loaded
text_branch.encoder.layer.3.attention.self.query.bias 	 Loaded
text_branch.encoder.layer.3.attention.self.key.weight 	 Loaded
text_branch.encoder.layer.3.attention.self.key.bias 	 Loaded
text_branch.encoder.layer.3.attention.self.value.weight 	 Loaded
text_branch.encoder.layer.3.attention.self.value.bias 	 Loaded
text_branch.encoder.layer.3.attention.output.dense.weight 	 Loaded
text_branch.encoder.layer.3.attention.output.dense.bias 	 Loaded
text_branch.encoder.layer.3.attention.output.LayerNorm.weight 	 Loaded
text_branch.encoder.layer.3.attention.output.LayerNorm.bias 	 Loaded
text_branch.encoder.layer.3.intermediate.dense.weight 	 Loaded
text_branch.encoder.layer.3.intermediate.dense.bias 	 Loaded
text_branch.encoder.layer.3.output.dense.weight 	 Loaded
text_branch.encoder.layer.3.output.dense.bias 	 Loaded
text_branch.encoder.layer.3.output.LayerNorm.weight 	 Loaded
text_branch.encoder.layer.3.output.LayerNorm.bias 	 Loaded
text_branch.encoder.layer.4.attention.self.query.weight 	 Loaded
text_branch.encoder.layer.4.attention.self.query.bias 	 Loaded
text_branch.encoder.layer.4.attention.self.key.weight 	 Loaded
text_branch.encoder.layer.4.attention.self.key.bias 	 Loaded
text_branch.encoder.layer.4.attention.self.value.weight 	 Loaded
text_branch.encoder.layer.4.attention.self.value.bias 	 Loaded
text_branch.encoder.layer.4.attention.output.dense.weight 	 Loaded
text_branch.encoder.layer.4.attention.output.dense.bias 	 Loaded
text_branch.encoder.layer.4.attention.output.LayerNorm.weight 	 Loaded
text_branch.encoder.layer.4.attention.output.LayerNorm.bias 	 Loaded
text_branch.encoder.layer.4.intermediate.dense.weight 	 Loaded
text_branch.encoder.layer.4.intermediate.dense.bias 	 Loaded
text_branch.encoder.layer.4.output.dense.weight 	 Loaded
text_branch.encoder.layer.4.output.dense.bias 	 Loaded
text_branch.encoder.layer.4.output.LayerNorm.weight 	 Loaded
text_branch.encoder.layer.4.output.LayerNorm.bias 	 Loaded
text_branch.encoder.layer.5.attention.self.query.weight 	 Loaded
text_branch.encoder.layer.5.attention.self.query.bias 	 Loaded
text_branch.encoder.layer.5.attention.self.key.weight 	 Loaded
text_branch.encoder.layer.5.attention.self.key.bias 	 Loaded
text_branch.encoder.layer.5.attention.self.value.weight 	 Loaded
text_branch.encoder.layer.5.attention.self.value.bias 	 Loaded
text_branch.encoder.layer.5.attention.output.dense.weight 	 Loaded
text_branch.encoder.layer.5.attention.output.dense.bias 	 Loaded
text_branch.encoder.layer.5.attention.output.LayerNorm.weight 	 Loaded
text_branch.encoder.layer.5.attention.output.LayerNorm.bias 	 Loaded
text_branch.encoder.layer.5.intermediate.dense.weight 	 Loaded
text_branch.encoder.layer.5.intermediate.dense.bias 	 Loaded
text_branch.encoder.layer.5.output.dense.weight 	 Loaded
text_branch.encoder.layer.5.output.dense.bias 	 Loaded
text_branch.encoder.layer.5.output.LayerNorm.weight 	 Loaded
text_branch.encoder.layer.5.output.LayerNorm.bias 	 Loaded
text_branch.encoder.layer.6.attention.self.query.weight 	 Loaded
text_branch.encoder.layer.6.attention.self.query.bias 	 Loaded
text_branch.encoder.layer.6.attention.self.key.weight 	 Loaded
text_branch.encoder.layer.6.attention.self.key.bias 	 Loaded
text_branch.encoder.layer.6.attention.self.value.weight 	 Loaded
text_branch.encoder.layer.6.attention.self.value.bias 	 Loaded
text_branch.encoder.layer.6.attention.output.dense.weight 	 Loaded
text_branch.encoder.layer.6.attention.output.dense.bias 	 Loaded
text_branch.encoder.layer.6.attention.output.LayerNorm.weight 	 Loaded
text_branch.encoder.layer.6.attention.output.LayerNorm.bias 	 Loaded
text_branch.encoder.layer.6.intermediate.dense.weight 	 Loaded
text_branch.encoder.layer.6.intermediate.dense.bias 	 Loaded
text_branch.encoder.layer.6.output.dense.weight 	 Loaded
text_branch.encoder.layer.6.output.dense.bias 	 Loaded
text_branch.encoder.layer.6.output.LayerNorm.weight 	 Loaded
text_branch.encoder.layer.6.output.LayerNorm.bias 	 Loaded
text_branch.encoder.layer.7.attention.self.query.weight 	 Loaded
text_branch.encoder.layer.7.attention.self.query.bias 	 Loaded
text_branch.encoder.layer.7.attention.self.key.weight 	 Loaded
text_branch.encoder.layer.7.attention.self.key.bias 	 Loaded
text_branch.encoder.layer.7.attention.self.value.weight 	 Loaded
text_branch.encoder.layer.7.attention.self.value.bias 	 Loaded
text_branch.encoder.layer.7.attention.output.dense.weight 	 Loaded
text_branch.encoder.layer.7.attention.output.dense.bias 	 Loaded
text_branch.encoder.layer.7.attention.output.LayerNorm.weight 	 Loaded
text_branch.encoder.layer.7.attention.output.LayerNorm.bias 	 Loaded
text_branch.encoder.layer.7.intermediate.dense.weight 	 Loaded
text_branch.encoder.layer.7.intermediate.dense.bias 	 Loaded
text_branch.encoder.layer.7.output.dense.weight 	 Loaded
text_branch.encoder.layer.7.output.dense.bias 	 Loaded
text_branch.encoder.layer.7.output.LayerNorm.weight 	 Loaded
text_branch.encoder.layer.7.output.LayerNorm.bias 	 Loaded
text_branch.encoder.layer.8.attention.self.query.weight 	 Loaded
text_branch.encoder.layer.8.attention.self.query.bias 	 Loaded
text_branch.encoder.layer.8.attention.self.key.weight 	 Loaded
text_branch.encoder.layer.8.attention.self.key.bias 	 Loaded
text_branch.encoder.layer.8.attention.self.value.weight 	 Loaded
text_branch.encoder.layer.8.attention.self.value.bias 	 Loaded
text_branch.encoder.layer.8.attention.output.dense.weight 	 Loaded
text_branch.encoder.layer.8.attention.output.dense.bias 	 Loaded
text_branch.encoder.layer.8.attention.output.LayerNorm.weight 	 Loaded
text_branch.encoder.layer.8.attention.output.LayerNorm.bias 	 Loaded
text_branch.encoder.layer.8.intermediate.dense.weight 	 Loaded
text_branch.encoder.layer.8.intermediate.dense.bias 	 Loaded
text_branch.encoder.layer.8.output.dense.weight 	 Loaded
text_branch.encoder.layer.8.output.dense.bias 	 Loaded
text_branch.encoder.layer.8.output.LayerNorm.weight 	 Loaded
text_branch.encoder.layer.8.output.LayerNorm.bias 	 Loaded
text_branch.encoder.layer.9.attention.self.query.weight 	 Loaded
text_branch.encoder.layer.9.attention.self.query.bias 	 Loaded
text_branch.encoder.layer.9.attention.self.key.weight 	 Loaded
text_branch.encoder.layer.9.attention.self.key.bias 	 Loaded
text_branch.encoder.layer.9.attention.self.value.weight 	 Loaded
text_branch.encoder.layer.9.attention.self.value.bias 	 Loaded
text_branch.encoder.layer.9.attention.output.dense.weight 	 Loaded
text_branch.encoder.layer.9.attention.output.dense.bias 	 Loaded
text_branch.encoder.layer.9.attention.output.LayerNorm.weight 	 Loaded
text_branch.encoder.layer.9.attention.output.LayerNorm.bias 	 Loaded
text_branch.encoder.layer.9.intermediate.dense.weight 	 Loaded
text_branch.encoder.layer.9.intermediate.dense.bias 	 Loaded
text_branch.encoder.layer.9.output.dense.weight 	 Loaded
text_branch.encoder.layer.9.output.dense.bias 	 Loaded
text_branch.encoder.layer.9.output.LayerNorm.weight 	 Loaded
text_branch.encoder.layer.9.output.LayerNorm.bias 	 Loaded
text_branch.encoder.layer.10.attention.self.query.weight 	 Loaded
text_branch.encoder.layer.10.attention.self.query.bias 	 Loaded
text_branch.encoder.layer.10.attention.self.key.weight 	 Loaded
text_branch.encoder.layer.10.attention.self.key.bias 	 Loaded
text_branch.encoder.layer.10.attention.self.value.weight 	 Loaded
text_branch.encoder.layer.10.attention.self.value.bias 	 Loaded
text_branch.encoder.layer.10.attention.output.dense.weight 	 Loaded
text_branch.encoder.layer.10.attention.output.dense.bias 	 Loaded
text_branch.encoder.layer.10.attention.output.LayerNorm.weight 	 Loaded
text_branch.encoder.layer.10.attention.output.LayerNorm.bias 	 Loaded
text_branch.encoder.layer.10.intermediate.dense.weight 	 Loaded
text_branch.encoder.layer.10.intermediate.dense.bias 	 Loaded
text_branch.encoder.layer.10.output.dense.weight 	 Loaded
text_branch.encoder.layer.10.output.dense.bias 	 Loaded
text_branch.encoder.layer.10.output.LayerNorm.weight 	 Loaded
text_branch.encoder.layer.10.output.LayerNorm.bias 	 Loaded
text_branch.encoder.layer.11.attention.self.query.weight 	 Loaded
text_branch.encoder.layer.11.attention.self.query.bias 	 Loaded
text_branch.encoder.layer.11.attention.self.key.weight 	 Loaded
text_branch.encoder.layer.11.attention.self.key.bias 	 Loaded
text_branch.encoder.layer.11.attention.self.value.weight 	 Loaded
text_branch.encoder.layer.11.attention.self.value.bias 	 Loaded
text_branch.encoder.layer.11.attention.output.dense.weight 	 Loaded
text_branch.encoder.layer.11.attention.output.dense.bias 	 Loaded
text_branch.encoder.layer.11.attention.output.LayerNorm.weight 	 Loaded
text_branch.encoder.layer.11.attention.output.LayerNorm.bias 	 Loaded
text_branch.encoder.layer.11.intermediate.dense.weight 	 Loaded
text_branch.encoder.layer.11.intermediate.dense.bias 	 Loaded
text_branch.encoder.layer.11.output.dense.weight 	 Loaded
text_branch.encoder.layer.11.output.dense.bias 	 Loaded
text_branch.encoder.layer.11.output.LayerNorm.weight 	 Loaded
text_branch.encoder.layer.11.output.LayerNorm.bias 	 Loaded
text_branch.pooler.dense.weight 	 Loaded
text_branch.pooler.dense.bias 	 Loaded
text_transform.sequential.0.weight 	 Loaded
text_transform.sequential.0.bias 	 Loaded
text_transform.sequential.3.weight 	 Loaded
text_transform.sequential.3.bias 	 Loaded
text_projection.0.weight 	 Loaded
text_projection.0.bias 	 Loaded
text_projection.2.weight 	 Loaded
text_projection.2.bias 	 Loaded
audio_transform.sequential.0.weight 	 Loaded
audio_transform.sequential.0.bias 	 Loaded
audio_transform.sequential.3.weight 	 Loaded
audio_transform.sequential.3.bias 	 Loaded
audio_projection.0.weight 	 Loaded
audio_projection.0.bias 	 Loaded
audio_projection.2.weight 	 Loaded
audio_projection.2.bias 	 Loaded
[audio] CLAPEncoder (shared) hidden=256 pretrained=''
EEG Contrastive learning
use CLIP_loss as criterion
[paths] tty=False (progress bar off, epoch summaries instead)
GPU available: True (cuda), used: True
TPU available: False, using: 0 TPU cores
IPU available: False, using: 0 IPUs
HPU available: False, using: 0 HPUs
[[[ START ]]] 2026-06-26 10:29:25.499634
You are using a CUDA device ('NVIDIA L40S') that has Tensor Cores. To properly utilize them, you should set `torch.set_float32_matmul_precision('medium' | 'high')` which will trade-off precision for performance. For more details, read https://pytorch.org/docs/stable/generated/torch.set_float32_matmul_precision.html#torch.set_float32_matmul_precision
Missing logger folder: ../results/conv_ct_clap_spectra_within/nmed-CL-preprocessing_eegmusic
LOCAL_RANK: 0 - CUDA_VISIBLE_DEVICES: [0]
/home/andrea.giampietro/.conda/envs/eeg_attention/lib/python3.9/site-packages/torch/_compile.py:24: UserWarning: optimizer contains a parameter group with duplicate parameters; in future, this will cause an error; see github.com/pytorch/pytorch/issues/40967 for more information
  return torch._dynamo.disable(fn, recursive)(*args, **kwargs)

  | Name          | Type        | Params
----------------------------------------------
0 | encoder_raw_e | SpectraEEG  | 153 K 
1 | encoder_vocal | CLAPEncoder | 158 M 
2 | criterion     | CLIP_Loss   | 0     
----------------------------------------------
310 K     Trainable params
158 M     Non-trainable params
158 M     Total params
634.578   Total estimated model params size (MB)
SLURM auto-requeueing enabled. Setting signal handlers.
[epoch    0] train_loss=n/a val_loss=3.4296
2026-06-26 10:29:27,068 - dataloader_debug - INFO - --- Valid Epoch 0 Summary ---
  Total samples: 16
  High attention samples: 16
  Task distribution: [16, 0, 0, 0]
  Global Accuracy (All): 0.9375
  Global Accuracy (Att): 0.9375
----------------------------------------
INFO:dataloader_debug:--- Valid Epoch 0 Summary ---
  Total samples: 16
  High attention samples: 16
  Task distribution: [16, 0, 0, 0]
  Global Accuracy (All): 0.9375
  Global Accuracy (Att): 0.9375
----------------------------------------
[epoch    0] train_loss=1.6311 val_loss=2.7370
2026-06-26 10:30:21,851 - dataloader_debug - INFO - --- Valid Epoch 0 Summary ---
  Total samples: 1144
  High attention samples: 858
  Task distribution: [649, 165, 121, 209]
  Global Accuracy (All): 0.6128
  Global Accuracy (Att): 0.5828
----------------------------------------
INFO:dataloader_debug:--- Valid Epoch 0 Summary ---
  Total samples: 1144
  High attention samples: 858
  Task distribution: [649, 165, 121, 209]
  Global Accuracy (All): 0.6128
  Global Accuracy (Att): 0.5828
----------------------------------------
Metric Valid/loss improved. New best score: 2.737
2026-06-26 10:30:23,649 - dataloader_debug - INFO - --- Train Epoch 0 Summary ---
  Total samples: 3448
  High attention samples: 2493
  Batches w/o high attention: 0
  Task distribution: [1623, 616, 737, 472]
  Batches skipping tasks: [2, 93, 54, 135]
---------------------------------------
INFO:dataloader_debug:--- Train Epoch 0 Summary ---
  Total samples: 3448
  High attention samples: 2493
  Batches w/o high attention: 0
  Task distribution: [1623, 616, 737, 472]
  Batches skipping tasks: [2, 93, 54, 135]
---------------------------------------
[epoch    1] train_loss=1.3175 val_loss=2.7023
2026-06-26 10:31:19,544 - dataloader_debug - INFO - --- Valid Epoch 1 Summary ---
  Total samples: 1144
  High attention samples: 858
  Task distribution: [649, 165, 121, 209]
  Global Accuracy (All): 0.6267
  Global Accuracy (Att): 0.5804
----------------------------------------
INFO:dataloader_debug:--- Valid Epoch 1 Summary ---
  Total samples: 1144
  High attention samples: 858
  Task distribution: [649, 165, 121, 209]
  Global Accuracy (All): 0.6267
  Global Accuracy (Att): 0.5804
----------------------------------------
Metric Valid/loss improved by 0.035 >= min_delta = 0.0. New best score: 2.702
2026-06-26 10:31:21,565 - dataloader_debug - INFO - --- Train Epoch 1 Summary ---
  Total samples: 3448
  High attention samples: 2493
  Batches w/o high attention: 0
  Task distribution: [1626, 616, 734, 472]
  Batches skipping tasks: [2, 86, 57, 129]
---------------------------------------
INFO:dataloader_debug:--- Train Epoch 1 Summary ---
  Total samples: 3448
  High attention samples: 2493
  Batches w/o high attention: 0
  Task distribution: [1626, 616, 734, 472]
  Batches skipping tasks: [2, 86, 57, 129]
---------------------------------------
[epoch    2] train_loss=1.3061 val_loss=2.6191
2026-06-26 10:32:16,146 - dataloader_debug - INFO - --- Valid Epoch 2 Summary ---
  Total samples: 1144
  High attention samples: 858
  Task distribution: [649, 165, 121, 209]
  Global Accuracy (All): 0.7185
  Global Accuracy (Att): 0.7389
----------------------------------------
INFO:dataloader_debug:--- Valid Epoch 2 Summary ---
  Total samples: 1144
  High attention samples: 858
  Task distribution: [649, 165, 121, 209]
  Global Accuracy (All): 0.7185
  Global Accuracy (Att): 0.7389
----------------------------------------
Metric Valid/loss improved by 0.083 >= min_delta = 0.0. New best score: 2.619
2026-06-26 10:32:18,059 - dataloader_debug - INFO - --- Train Epoch 2 Summary ---
  Total samples: 3448
  High attention samples: 2493
  Batches w/o high attention: 0
  Task distribution: [1628, 615, 734, 471]
  Batches skipping tasks: [2, 86, 61, 135]
---------------------------------------
INFO:dataloader_debug:--- Train Epoch 2 Summary ---
  Total samples: 3448
  High attention samples: 2493
  Batches w/o high attention: 0
  Task distribution: [1628, 615, 734, 471]
  Batches skipping tasks: [2, 86, 61, 135]
---------------------------------------
[epoch    3] train_loss=1.2827 val_loss=2.6310
2026-06-26 10:33:14,141 - dataloader_debug - INFO - --- Valid Epoch 3 Summary ---
  Total samples: 1144
  High attention samples: 858
  Task distribution: [649, 165, 121, 209]
  Global Accuracy (All): 0.6914
  Global Accuracy (Att): 0.6527
----------------------------------------
INFO:dataloader_debug:--- Valid Epoch 3 Summary ---
  Total samples: 1144
  High attention samples: 858
  Task distribution: [649, 165, 121, 209]
  Global Accuracy (All): 0.6914
  Global Accuracy (Att): 0.6527
----------------------------------------
2026-06-26 10:33:14,189 - dataloader_debug - INFO - --- Train Epoch 3 Summary ---
  Total samples: 3448
  High attention samples: 2495
  Batches w/o high attention: 0
  Task distribution: [1628, 615, 734, 471]
  Batches skipping tasks: [4, 86, 64, 128]
---------------------------------------
INFO:dataloader_debug:--- Train Epoch 3 Summary ---
  Total samples: 3448
  High attention samples: 2495
  Batches w/o high attention: 0
  Task distribution: [1628, 615, 734, 471]
  Batches skipping tasks: [4, 86, 64, 128]
---------------------------------------
[epoch    4] train_loss=1.2591 val_loss=2.3806
2026-06-26 10:34:10,388 - dataloader_debug - INFO - --- Valid Epoch 4 Summary ---
  Total samples: 1144
  High attention samples: 858
  Task distribution: [649, 165, 121, 209]
  Global Accuracy (All): 0.8295
  Global Accuracy (Att): 0.8275
----------------------------------------
INFO:dataloader_debug:--- Valid Epoch 4 Summary ---
  Total samples: 1144
  High attention samples: 858
  Task distribution: [649, 165, 121, 209]
  Global Accuracy (All): 0.8295
  Global Accuracy (Att): 0.8275
----------------------------------------
Metric Valid/loss improved by 0.239 >= min_delta = 0.0. New best score: 2.381
2026-06-26 10:34:12,312 - dataloader_debug - INFO - --- Train Epoch 4 Summary ---
  Total samples: 3448
  High attention samples: 2493
  Batches w/o high attention: 0
  Task distribution: [1626, 614, 735, 473]
  Batches skipping tasks: [1, 96, 68, 133]
---------------------------------------
INFO:dataloader_debug:--- Train Epoch 4 Summary ---
  Total samples: 3448
  High attention samples: 2493
  Batches w/o high attention: 0
  Task distribution: [1626, 614, 735, 473]
  Batches skipping tasks: [1, 96, 68, 133]
---------------------------------------
[epoch    5] train_loss=1.1036 val_loss=2.3532
2026-06-26 10:35:10,258 - dataloader_debug - INFO - --- Valid Epoch 5 Summary ---
  Total samples: 1144
  High attention samples: 858
  Task distribution: [649, 165, 121, 209]
  Global Accuracy (All): 0.8260
  Global Accuracy (Att): 0.8112
----------------------------------------
INFO:dataloader_debug:--- Valid Epoch 5 Summary ---
  Total samples: 1144
  High attention samples: 858
  Task distribution: [649, 165, 121, 209]
  Global Accuracy (All): 0.8260
  Global Accuracy (Att): 0.8112
----------------------------------------
Metric Valid/loss improved by 0.027 >= min_delta = 0.0. New best score: 2.353
2026-06-26 10:35:12,689 - dataloader_debug - INFO - --- Train Epoch 5 Summary ---
  Total samples: 3448
  High attention samples: 2493
  Batches w/o high attention: 0
  Task distribution: [1626, 613, 737, 472]
  Batches skipping tasks: [5, 86, 59, 145]
---------------------------------------
INFO:dataloader_debug:--- Train Epoch 5 Summary ---
  Total samples: 3448
  High attention samples: 2493
  Batches w/o high attention: 0
  Task distribution: [1626, 613, 737, 472]
  Batches skipping tasks: [5, 86, 59, 145]
---------------------------------------
[epoch    6] train_loss=0.7349 val_loss=2.2579
2026-06-26 10:36:07,760 - dataloader_debug - INFO - --- Valid Epoch 6 Summary ---
  Total samples: 1144
  High attention samples: 858
  Task distribution: [649, 165, 121, 209]
  Global Accuracy (All): 0.8698
  Global Accuracy (Att): 0.8438
----------------------------------------
INFO:dataloader_debug:--- Valid Epoch 6 Summary ---
  Total samples: 1144
  High attention samples: 858
  Task distribution: [649, 165, 121, 209]
  Global Accuracy (All): 0.8698
  Global Accuracy (Att): 0.8438
----------------------------------------
Metric Valid/loss improved by 0.095 >= min_delta = 0.0. New best score: 2.258
2026-06-26 10:36:09,923 - dataloader_debug - INFO - --- Train Epoch 6 Summary ---
  Total samples: 3448
  High attention samples: 2493
  Batches w/o high attention: 0
  Task distribution: [1626, 615, 735, 472]
  Batches skipping tasks: [3, 87, 70, 130]
---------------------------------------
INFO:dataloader_debug:--- Train Epoch 6 Summary ---
  Total samples: 3448
  High attention samples: 2493
  Batches w/o high attention: 0
  Task distribution: [1626, 615, 735, 472]
  Batches skipping tasks: [3, 87, 70, 130]
---------------------------------------
[epoch    7] train_loss=0.8100 val_loss=2.2698
2026-06-26 10:37:06,150 - dataloader_debug - INFO - --- Valid Epoch 7 Summary ---
  Total samples: 1144
  High attention samples: 858
  Task distribution: [649, 165, 121, 209]
  Global Accuracy (All): 0.8619
  Global Accuracy (Att): 0.8357
----------------------------------------
INFO:dataloader_debug:--- Valid Epoch 7 Summary ---
  Total samples: 1144
  High attention samples: 858
  Task distribution: [649, 165, 121, 209]
  Global Accuracy (All): 0.8619
  Global Accuracy (Att): 0.8357
----------------------------------------
2026-06-26 10:37:06,172 - dataloader_debug - INFO - --- Train Epoch 7 Summary ---
  Total samples: 3448
  High attention samples: 2492
  Batches w/o high attention: 1
  Task distribution: [1626, 615, 735, 472]
  Batches skipping tasks: [1, 80, 59, 128]
---------------------------------------
INFO:dataloader_debug:--- Train Epoch 7 Summary ---
  Total samples: 3448
  High attention samples: 2492
  Batches w/o high attention: 1
  Task distribution: [1626, 615, 735, 472]
  Batches skipping tasks: [1, 80, 59, 128]
---------------------------------------
[epoch    8] train_loss=0.8375 val_loss=2.1648
2026-06-26 10:38:02,465 - dataloader_debug - INFO - --- Valid Epoch 8 Summary ---
  Total samples: 1144
  High attention samples: 858
  Task distribution: [649, 165, 121, 209]
  Global Accuracy (All): 0.9152
  Global Accuracy (Att): 0.8986
----------------------------------------
INFO:dataloader_debug:--- Valid Epoch 8 Summary ---
  Total samples: 1144
  High attention samples: 858
  Task distribution: [649, 165, 121, 209]
  Global Accuracy (All): 0.9152
  Global Accuracy (Att): 0.8986
----------------------------------------
Metric Valid/loss improved by 0.093 >= min_delta = 0.0. New best score: 2.165
2026-06-26 10:38:04,425 - dataloader_debug - INFO - --- Train Epoch 8 Summary ---
  Total samples: 3448
  High attention samples: 2494
  Batches w/o high attention: 0
  Task distribution: [1626, 614, 735, 473]
  Batches skipping tasks: [2, 93, 53, 136]
---------------------------------------
INFO:dataloader_debug:--- Train Epoch 8 Summary ---
  Total samples: 3448
  High attention samples: 2494
  Batches w/o high attention: 0
  Task distribution: [1626, 614, 735, 473]
  Batches skipping tasks: [2, 93, 53, 136]
---------------------------------------
[epoch    9] train_loss=1.3592 val_loss=2.1584
2026-06-26 10:39:00,618 - dataloader_debug - INFO - --- Valid Epoch 9 Summary ---
  Total samples: 1144
  High attention samples: 858
  Task distribution: [649, 165, 121, 209]
  Global Accuracy (All): 0.9056
  Global Accuracy (Att): 0.8986
----------------------------------------
INFO:dataloader_debug:--- Valid Epoch 9 Summary ---
  Total samples: 1144
  High attention samples: 858
  Task distribution: [649, 165, 121, 209]
  Global Accuracy (All): 0.9056
  Global Accuracy (Att): 0.8986
----------------------------------------
Metric Valid/loss improved by 0.006 >= min_delta = 0.0. New best score: 2.158
2026-06-26 10:39:02,926 - dataloader_debug - INFO - --- Train Epoch 9 Summary ---
  Total samples: 3448
  High attention samples: 2494
  Batches w/o high attention: 0
  Task distribution: [1627, 616, 733, 472]
  Batches skipping tasks: [2, 92, 61, 153]
---------------------------------------
INFO:dataloader_debug:--- Train Epoch 9 Summary ---
  Total samples: 3448
  High attention samples: 2494
  Batches w/o high attention: 0
  Task distribution: [1627, 616, 733, 472]
  Batches skipping tasks: [2, 92, 61, 153]
---------------------------------------
[epoch   10] train_loss=1.2070 val_loss=2.1271
2026-06-26 10:39:59,557 - dataloader_debug - INFO - --- Valid Epoch 10 Summary ---
  Total samples: 1144
  High attention samples: 858
  Task distribution: [649, 165, 121, 209]
  Global Accuracy (All): 0.9196
  Global Accuracy (Att): 0.9138
----------------------------------------
INFO:dataloader_debug:--- Valid Epoch 10 Summary ---
  Total samples: 1144
  High attention samples: 858
  Task distribution: [649, 165, 121, 209]
  Global Accuracy (All): 0.9196
  Global Accuracy (Att): 0.9138
----------------------------------------
Metric Valid/loss improved by 0.031 >= min_delta = 0.0. New best score: 2.127
2026-06-26 10:40:01,308 - dataloader_debug - INFO - --- Train Epoch 10 Summary ---
  Total samples: 3448
  High attention samples: 2494
  Batches w/o high attention: 0
  Task distribution: [1625, 614, 736, 473]
  Batches skipping tasks: [2, 91, 64, 147]
---------------------------------------
INFO:dataloader_debug:--- Train Epoch 10 Summary ---
  Total samples: 3448
  High attention samples: 2494
  Batches w/o high attention: 0
  Task distribution: [1625, 614, 736, 473]
  Batches skipping tasks: [2, 91, 64, 147]
---------------------------------------
[epoch   11] train_loss=0.9385 val_loss=2.0546
2026-06-26 10:41:00,485 - dataloader_debug - INFO - --- Valid Epoch 11 Summary ---
  Total samples: 1144
  High attention samples: 858
  Task distribution: [649, 165, 121, 209]
  Global Accuracy (All): 0.9362
  Global Accuracy (Att): 0.9277
----------------------------------------
INFO:dataloader_debug:--- Valid Epoch 11 Summary ---
  Total samples: 1144
  High attention samples: 858
  Task distribution: [649, 165, 121, 209]
  Global Accuracy (All): 0.9362
  Global Accuracy (Att): 0.9277
----------------------------------------
Metric Valid/loss improved by 0.072 >= min_delta = 0.0. New best score: 2.055
2026-06-26 10:41:02,290 - dataloader_debug - INFO - --- Train Epoch 11 Summary ---
  Total samples: 3448
  High attention samples: 2491
  Batches w/o high attention: 0
  Task distribution: [1626, 615, 736, 471]
  Batches skipping tasks: [4, 85, 57, 137]
---------------------------------------
INFO:dataloader_debug:--- Train Epoch 11 Summary ---
  Total samples: 3448
  High attention samples: 2491
  Batches w/o high attention: 0
  Task distribution: [1626, 615, 736, 471]
  Batches skipping tasks: [4, 85, 57, 137]
---------------------------------------
[epoch   12] train_loss=0.7063 val_loss=2.1118
2026-06-26 10:41:58,867 - dataloader_debug - INFO - --- Valid Epoch 12 Summary ---
  Total samples: 1144
  High attention samples: 858
  Task distribution: [649, 165, 121, 209]
  Global Accuracy (All): 0.9309
  Global Accuracy (Att): 0.9207
----------------------------------------
INFO:dataloader_debug:--- Valid Epoch 12 Summary ---
  Total samples: 1144
  High attention samples: 858
  Task distribution: [649, 165, 121, 209]
  Global Accuracy (All): 0.9309
  Global Accuracy (Att): 0.9207
----------------------------------------
2026-06-26 10:41:58,960 - dataloader_debug - INFO - --- Train Epoch 12 Summary ---
  Total samples: 3448
  High attention samples: 2492
  Batches w/o high attention: 0
  Task distribution: [1625, 613, 737, 473]
  Batches skipping tasks: [2, 94, 64, 134]
---------------------------------------
INFO:dataloader_debug:--- Train Epoch 12 Summary ---
  Total samples: 3448
  High attention samples: 2492
  Batches w/o high attention: 0
  Task distribution: [1625, 613, 737, 473]
  Batches skipping tasks: [2, 94, 64, 134]
---------------------------------------
[epoch   13] train_loss=0.9319 val_loss=2.0051
2026-06-26 10:42:54,708 - dataloader_debug - INFO - --- Valid Epoch 13 Summary ---
  Total samples: 1144
  High attention samples: 858
  Task distribution: [649, 165, 121, 209]
  Global Accuracy (All): 0.9493
  Global Accuracy (Att): 0.9487
----------------------------------------
INFO:dataloader_debug:--- Valid Epoch 13 Summary ---
  Total samples: 1144
  High attention samples: 858
  Task distribution: [649, 165, 121, 209]
  Global Accuracy (All): 0.9493
  Global Accuracy (Att): 0.9487
----------------------------------------
Metric Valid/loss improved by 0.050 >= min_delta = 0.0. New best score: 2.005
2026-06-26 10:42:56,948 - dataloader_debug - INFO - --- Train Epoch 13 Summary ---
  Total samples: 3448
  High attention samples: 2492
  Batches w/o high attention: 0
  Task distribution: [1624, 616, 736, 472]
  Batches skipping tasks: [5, 83, 62, 130]
---------------------------------------
INFO:dataloader_debug:--- Train Epoch 13 Summary ---
  Total samples: 3448
  High attention samples: 2492
  Batches w/o high attention: 0
  Task distribution: [1624, 616, 736, 472]
  Batches skipping tasks: [5, 83, 62, 130]
---------------------------------------
[epoch   14] train_loss=0.8365 val_loss=2.0462
2026-06-26 10:43:53,228 - dataloader_debug - INFO - --- Valid Epoch 14 Summary ---
  Total samples: 1144
  High attention samples: 858
  Task distribution: [649, 165, 121, 209]
  Global Accuracy (All): 0.9458
  Global Accuracy (Att): 0.9324
----------------------------------------
INFO:dataloader_debug:--- Valid Epoch 14 Summary ---
  Total samples: 1144
  High attention samples: 858
  Task distribution: [649, 165, 121, 209]
  Global Accuracy (All): 0.9458
  Global Accuracy (Att): 0.9324
----------------------------------------
2026-06-26 10:43:53,278 - dataloader_debug - INFO - --- Train Epoch 14 Summary ---
  Total samples: 3448
  High attention samples: 2494
  Batches w/o high attention: 0
  Task distribution: [1626, 613, 736, 473]
  Batches skipping tasks: [1, 92, 59, 132]
---------------------------------------
INFO:dataloader_debug:--- Train Epoch 14 Summary ---
  Total samples: 3448
  High attention samples: 2494
  Batches w/o high attention: 0
  Task distribution: [1626, 613, 736, 473]
  Batches skipping tasks: [1, 92, 59, 132]
---------------------------------------
[epoch   15] train_loss=0.6111 val_loss=2.1065
2026-06-26 10:44:49,508 - dataloader_debug - INFO - --- Valid Epoch 15 Summary ---
  Total samples: 1144
  High attention samples: 858
  Task distribution: [649, 165, 121, 209]
  Global Accuracy (All): 0.9178
  Global Accuracy (Att): 0.8963
----------------------------------------
INFO:dataloader_debug:--- Valid Epoch 15 Summary ---
  Total samples: 1144
  High attention samples: 858
  Task distribution: [649, 165, 121, 209]
  Global Accuracy (All): 0.9178
  Global Accuracy (Att): 0.8963
----------------------------------------
2026-06-26 10:44:49,520 - dataloader_debug - INFO - --- Train Epoch 15 Summary ---
  Total samples: 3448
  High attention samples: 2493
  Batches w/o high attention: 0
  Task distribution: [1626, 616, 734, 472]
  Batches skipping tasks: [4, 88, 66, 125]
---------------------------------------
INFO:dataloader_debug:--- Train Epoch 15 Summary ---
  Total samples: 3448
  High attention samples: 2493
  Batches w/o high attention: 0
  Task distribution: [1626, 616, 734, 472]
  Batches skipping tasks: [4, 88, 66, 125]
---------------------------------------
[epoch   16] train_loss=1.2511 val_loss=2.0473
2026-06-26 10:45:44,788 - dataloader_debug - INFO - --- Valid Epoch 16 Summary ---
  Total samples: 1144
  High attention samples: 858
  Task distribution: [649, 165, 121, 209]
  Global Accuracy (All): 0.9336
  Global Accuracy (Att): 0.9184
----------------------------------------
INFO:dataloader_debug:--- Valid Epoch 16 Summary ---
  Total samples: 1144
  High attention samples: 858
  Task distribution: [649, 165, 121, 209]
  Global Accuracy (All): 0.9336
  Global Accuracy (Att): 0.9184
----------------------------------------
2026-06-26 10:45:44,803 - dataloader_debug - INFO - --- Train Epoch 16 Summary ---
  Total samples: 3448
  High attention samples: 2492
  Batches w/o high attention: 0
  Task distribution: [1626, 614, 736, 472]
  Batches skipping tasks: [0, 81, 66, 139]
---------------------------------------
INFO:dataloader_debug:--- Train Epoch 16 Summary ---
  Total samples: 3448
  High attention samples: 2492
  Batches w/o high attention: 0
  Task distribution: [1626, 614, 736, 472]
  Batches skipping tasks: [0, 81, 66, 139]
---------------------------------------
[epoch   17] train_loss=0.9047 val_loss=1.9787
2026-06-26 10:46:41,860 - dataloader_debug - INFO - --- Valid Epoch 17 Summary ---
  Total samples: 1144
  High attention samples: 858
  Task distribution: [649, 165, 121, 209]
  Global Accuracy (All): 0.9493
  Global Accuracy (Att): 0.9382
----------------------------------------
INFO:dataloader_debug:--- Valid Epoch 17 Summary ---
  Total samples: 1144
  High attention samples: 858
  Task distribution: [649, 165, 121, 209]
  Global Accuracy (All): 0.9493
  Global Accuracy (Att): 0.9382
----------------------------------------
Metric Valid/loss improved by 0.026 >= min_delta = 0.0. New best score: 1.979
2026-06-26 10:46:43,525 - dataloader_debug - INFO - --- Train Epoch 17 Summary ---
  Total samples: 3448
  High attention samples: 2493
  Batches w/o high attention: 0
  Task distribution: [1626, 616, 736, 470]
  Batches skipping tasks: [3, 82, 61, 124]
---------------------------------------
INFO:dataloader_debug:--- Train Epoch 17 Summary ---
  Total samples: 3448
  High attention samples: 2493
  Batches w/o high attention: 0
  Task distribution: [1626, 616, 736, 470]
  Batches skipping tasks: [3, 82, 61, 124]
---------------------------------------
[epoch   18] train_loss=0.8673 val_loss=2.0164
2026-06-26 10:47:40,963 - dataloader_debug - INFO - --- Valid Epoch 18 Summary ---
  Total samples: 1144
  High attention samples: 858
  Task distribution: [649, 165, 121, 209]
  Global Accuracy (All): 0.9449
  Global Accuracy (Att): 0.9312
----------------------------------------
INFO:dataloader_debug:--- Valid Epoch 18 Summary ---
  Total samples: 1144
  High attention samples: 858
  Task distribution: [649, 165, 121, 209]
  Global Accuracy (All): 0.9449
  Global Accuracy (Att): 0.9312
----------------------------------------
2026-06-26 10:47:40,976 - dataloader_debug - INFO - --- Train Epoch 18 Summary ---
  Total samples: 3448
  High attention samples: 2494
  Batches w/o high attention: 0
  Task distribution: [1625, 615, 735, 473]
  Batches skipping tasks: [5, 84, 60, 135]
---------------------------------------
INFO:dataloader_debug:--- Train Epoch 18 Summary ---
  Total samples: 3448
  High attention samples: 2494
  Batches w/o high attention: 0
  Task distribution: [1625, 615, 735, 473]
  Batches skipping tasks: [5, 84, 60, 135]
---------------------------------------
[epoch   19] train_loss=0.5985 val_loss=2.0394
2026-06-26 10:48:37,382 - dataloader_debug - INFO - --- Valid Epoch 19 Summary ---
  Total samples: 1144
  High attention samples: 858
  Task distribution: [649, 165, 121, 209]
  Global Accuracy (All): 0.9458
  Global Accuracy (Att): 0.9301
----------------------------------------
INFO:dataloader_debug:--- Valid Epoch 19 Summary ---
  Total samples: 1144
  High attention samples: 858
  Task distribution: [649, 165, 121, 209]
  Global Accuracy (All): 0.9458
  Global Accuracy (Att): 0.9301
----------------------------------------
2026-06-26 10:48:37,494 - dataloader_debug - INFO - --- Train Epoch 19 Summary ---
  Total samples: 3448
  High attention samples: 2494
  Batches w/o high attention: 0
  Task distribution: [1626, 614, 736, 472]
  Batches skipping tasks: [4, 93, 78, 127]
---------------------------------------
INFO:dataloader_debug:--- Train Epoch 19 Summary ---
  Total samples: 3448
  High attention samples: 2494
  Batches w/o high attention: 0
  Task distribution: [1626, 614, 736, 472]
  Batches skipping tasks: [4, 93, 78, 127]
---------------------------------------
[epoch   20] train_loss=1.0537 val_loss=2.0396
2026-06-26 10:49:34,332 - dataloader_debug - INFO - --- Valid Epoch 20 Summary ---
  Total samples: 1144
  High attention samples: 858
  Task distribution: [649, 165, 121, 209]
  Global Accuracy (All): 0.9432
  Global Accuracy (Att): 0.9347
----------------------------------------
INFO:dataloader_debug:--- Valid Epoch 20 Summary ---
  Total samples: 1144
  High attention samples: 858
  Task distribution: [649, 165, 121, 209]
  Global Accuracy (All): 0.9432
  Global Accuracy (Att): 0.9347
----------------------------------------
2026-06-26 10:49:34,346 - dataloader_debug - INFO - --- Train Epoch 20 Summary ---
  Total samples: 3448
  High attention samples: 2495
  Batches w/o high attention: 0
  Task distribution: [1627, 615, 734, 472]
  Batches skipping tasks: [5, 84, 65, 141]
---------------------------------------
INFO:dataloader_debug:--- Train Epoch 20 Summary ---
  Total samples: 3448
  High attention samples: 2495
  Batches w/o high attention: 0
  Task distribution: [1627, 615, 734, 472]
  Batches skipping tasks: [5, 84, 65, 141]
---------------------------------------
[epoch   21] train_loss=0.7219 val_loss=2.0036
2026-06-26 10:50:31,333 - dataloader_debug - INFO - --- Valid Epoch 21 Summary ---
  Total samples: 1144
  High attention samples: 858
  Task distribution: [649, 165, 121, 209]
  Global Accuracy (All): 0.9327
  Global Accuracy (Att): 0.9289
----------------------------------------
INFO:dataloader_debug:--- Valid Epoch 21 Summary ---
  Total samples: 1144
  High attention samples: 858
  Task distribution: [649, 165, 121, 209]
  Global Accuracy (All): 0.9327
  Global Accuracy (Att): 0.9289
----------------------------------------
2026-06-26 10:50:31,363 - dataloader_debug - INFO - --- Train Epoch 21 Summary ---
  Total samples: 3448
  High attention samples: 2493
  Batches w/o high attention: 0
  Task distribution: [1624, 616, 735, 473]
  Batches skipping tasks: [1, 97, 62, 131]
---------------------------------------
INFO:dataloader_debug:--- Train Epoch 21 Summary ---
  Total samples: 3448
  High attention samples: 2493
  Batches w/o high attention: 0
  Task distribution: [1624, 616, 735, 473]
  Batches skipping tasks: [1, 97, 62, 131]
---------------------------------------
[epoch   22] train_loss=1.0517 val_loss=1.9555
2026-06-26 10:51:27,669 - dataloader_debug - INFO - --- Valid Epoch 22 Summary ---
  Total samples: 1144
  High attention samples: 858
  Task distribution: [649, 165, 121, 209]
  Global Accuracy (All): 0.9502
  Global Accuracy (Att): 0.9429
----------------------------------------
INFO:dataloader_debug:--- Valid Epoch 22 Summary ---
  Total samples: 1144
  High attention samples: 858
  Task distribution: [649, 165, 121, 209]
  Global Accuracy (All): 0.9502
  Global Accuracy (Att): 0.9429
----------------------------------------
Metric Valid/loss improved by 0.023 >= min_delta = 0.0. New best score: 1.955
2026-06-26 10:51:29,690 - dataloader_debug - INFO - --- Train Epoch 22 Summary ---
  Total samples: 3448
  High attention samples: 2492
  Batches w/o high attention: 0
  Task distribution: [1627, 615, 734, 472]
  Batches skipping tasks: [4, 90, 64, 130]
---------------------------------------
INFO:dataloader_debug:--- Train Epoch 22 Summary ---
  Total samples: 3448
  High attention samples: 2492
  Batches w/o high attention: 0
  Task distribution: [1627, 615, 734, 472]
  Batches skipping tasks: [4, 90, 64, 130]
---------------------------------------
[epoch   23] train_loss=1.2954 val_loss=1.9674
2026-06-26 10:52:27,302 - dataloader_debug - INFO - --- Valid Epoch 23 Summary ---
  Total samples: 1144
  High attention samples: 858
  Task distribution: [649, 165, 121, 209]
  Global Accuracy (All): 0.9598
  Global Accuracy (Att): 0.9510
----------------------------------------
INFO:dataloader_debug:--- Valid Epoch 23 Summary ---
  Total samples: 1144
  High attention samples: 858
  Task distribution: [649, 165, 121, 209]
  Global Accuracy (All): 0.9598
  Global Accuracy (Att): 0.9510
----------------------------------------
2026-06-26 10:52:27,344 - dataloader_debug - INFO - --- Train Epoch 23 Summary ---
  Total samples: 3448
  High attention samples: 2494
  Batches w/o high attention: 0
  Task distribution: [1625, 616, 736, 471]
  Batches skipping tasks: [3, 85, 65, 136]
---------------------------------------
INFO:dataloader_debug:--- Train Epoch 23 Summary ---
  Total samples: 3448
  High attention samples: 2494
  Batches w/o high attention: 0
  Task distribution: [1625, 616, 736, 471]
  Batches skipping tasks: [3, 85, 65, 136]
---------------------------------------
[epoch   24] train_loss=1.0480 val_loss=1.9578
2026-06-26 10:53:24,696 - dataloader_debug - INFO - --- Valid Epoch 24 Summary ---
  Total samples: 1144
  High attention samples: 858
  Task distribution: [649, 165, 121, 209]
  Global Accuracy (All): 0.9528
  Global Accuracy (Att): 0.9476
----------------------------------------
INFO:dataloader_debug:--- Valid Epoch 24 Summary ---
  Total samples: 1144
  High attention samples: 858
  Task distribution: [649, 165, 121, 209]
  Global Accuracy (All): 0.9528
  Global Accuracy (Att): 0.9476
----------------------------------------
2026-06-26 10:53:24,712 - dataloader_debug - INFO - --- Train Epoch 24 Summary ---
  Total samples: 3448
  High attention samples: 2491
  Batches w/o high attention: 0
  Task distribution: [1626, 615, 736, 471]
  Batches skipping tasks: [2, 82, 64, 135]
---------------------------------------
INFO:dataloader_debug:--- Train Epoch 24 Summary ---
  Total samples: 3448
  High attention samples: 2491
  Batches w/o high attention: 0
  Task distribution: [1626, 615, 736, 471]
  Batches skipping tasks: [2, 82, 64, 135]
---------------------------------------
[epoch   25] train_loss=0.9022 val_loss=2.0180
2026-06-26 10:54:20,258 - dataloader_debug - INFO - --- Valid Epoch 25 Summary ---
  Total samples: 1144
  High attention samples: 858
  Task distribution: [649, 165, 121, 209]
  Global Accuracy (All): 0.9406
  Global Accuracy (Att): 0.9266
----------------------------------------
INFO:dataloader_debug:--- Valid Epoch 25 Summary ---
  Total samples: 1144
  High attention samples: 858
  Task distribution: [649, 165, 121, 209]
  Global Accuracy (All): 0.9406
  Global Accuracy (Att): 0.9266
----------------------------------------
2026-06-26 10:54:20,275 - dataloader_debug - INFO - --- Train Epoch 25 Summary ---
  Total samples: 3448
  High attention samples: 2492
  Batches w/o high attention: 0
  Task distribution: [1625, 614, 737, 472]
  Batches skipping tasks: [2, 98, 55, 129]
---------------------------------------
INFO:dataloader_debug:--- Train Epoch 25 Summary ---
  Total samples: 3448
  High attention samples: 2492
  Batches w/o high attention: 0
  Task distribution: [1625, 614, 737, 472]
  Batches skipping tasks: [2, 98, 55, 129]
---------------------------------------
[epoch   26] train_loss=0.8255 val_loss=2.0697
2026-06-26 10:55:15,277 - dataloader_debug - INFO - --- Valid Epoch 26 Summary ---
  Total samples: 1144
  High attention samples: 858
  Task distribution: [649, 165, 121, 209]
  Global Accuracy (All): 0.9327
  Global Accuracy (Att): 0.9161
----------------------------------------
INFO:dataloader_debug:--- Valid Epoch 26 Summary ---
  Total samples: 1144
  High attention samples: 858
  Task distribution: [649, 165, 121, 209]
  Global Accuracy (All): 0.9327
  Global Accuracy (Att): 0.9161
----------------------------------------
2026-06-26 10:55:15,291 - dataloader_debug - INFO - --- Train Epoch 26 Summary ---
  Total samples: 3448
  High attention samples: 2491
  Batches w/o high attention: 0
  Task distribution: [1625, 614, 737, 472]
  Batches skipping tasks: [1, 93, 64, 128]
---------------------------------------
INFO:dataloader_debug:--- Train Epoch 26 Summary ---
  Total samples: 3448
  High attention samples: 2491
  Batches w/o high attention: 0
  Task distribution: [1625, 614, 737, 472]
  Batches skipping tasks: [1, 93, 64, 128]
---------------------------------------
[epoch   27] train_loss=0.6426 val_loss=1.9491
2026-06-26 10:56:11,818 - dataloader_debug - INFO - --- Valid Epoch 27 Summary ---
  Total samples: 1144
  High attention samples: 858
  Task distribution: [649, 165, 121, 209]
  Global Accuracy (All): 0.9615
  Global Accuracy (Att): 0.9545
----------------------------------------
INFO:dataloader_debug:--- Valid Epoch 27 Summary ---
  Total samples: 1144
  High attention samples: 858
  Task distribution: [649, 165, 121, 209]
  Global Accuracy (All): 0.9615
  Global Accuracy (Att): 0.9545
----------------------------------------
Metric Valid/loss improved by 0.006 >= min_delta = 0.0. New best score: 1.949
2026-06-26 10:56:13,864 - dataloader_debug - INFO - --- Train Epoch 27 Summary ---
  Total samples: 3448
  High attention samples: 2492
  Batches w/o high attention: 0
  Task distribution: [1624, 616, 735, 473]
  Batches skipping tasks: [6, 78, 70, 126]
---------------------------------------
INFO:dataloader_debug:--- Train Epoch 27 Summary ---
  Total samples: 3448
  High attention samples: 2492
  Batches w/o high attention: 0
  Task distribution: [1624, 616, 735, 473]
  Batches skipping tasks: [6, 78, 70, 126]
---------------------------------------
[epoch   28] train_loss=0.6696 val_loss=1.9477
2026-06-26 10:57:10,007 - dataloader_debug - INFO - --- Valid Epoch 28 Summary ---
  Total samples: 1144
  High attention samples: 858
  Task distribution: [649, 165, 121, 209]
  Global Accuracy (All): 0.9615
  Global Accuracy (Att): 0.9557
----------------------------------------
INFO:dataloader_debug:--- Valid Epoch 28 Summary ---
  Total samples: 1144
  High attention samples: 858
  Task distribution: [649, 165, 121, 209]
  Global Accuracy (All): 0.9615
  Global Accuracy (Att): 0.9557
----------------------------------------
Metric Valid/loss improved by 0.001 >= min_delta = 0.0. New best score: 1.948
2026-06-26 10:57:12,266 - dataloader_debug - INFO - --- Train Epoch 28 Summary ---
  Total samples: 3448
  High attention samples: 2492
  Batches w/o high attention: 0
  Task distribution: [1624, 615, 736, 473]
  Batches skipping tasks: [4, 97, 68, 135]
---------------------------------------
INFO:dataloader_debug:--- Train Epoch 28 Summary ---
  Total samples: 3448
  High attention samples: 2492
  Batches w/o high attention: 0
  Task distribution: [1624, 615, 736, 473]
  Batches skipping tasks: [4, 97, 68, 135]
---------------------------------------
[epoch   29] train_loss=0.9460 val_loss=1.9639
2026-06-26 10:58:08,419 - dataloader_debug - INFO - --- Valid Epoch 29 Summary ---
  Total samples: 1144
  High attention samples: 858
  Task distribution: [649, 165, 121, 209]
  Global Accuracy (All): 0.9537
  Global Accuracy (Att): 0.9429
----------------------------------------
INFO:dataloader_debug:--- Valid Epoch 29 Summary ---
  Total samples: 1144
  High attention samples: 858
  Task distribution: [649, 165, 121, 209]
  Global Accuracy (All): 0.9537
  Global Accuracy (Att): 0.9429
----------------------------------------
2026-06-26 10:58:08,433 - dataloader_debug - INFO - --- Train Epoch 29 Summary ---
  Total samples: 3448
  High attention samples: 2493
  Batches w/o high attention: 0
  Task distribution: [1625, 615, 735, 473]
  Batches skipping tasks: [2, 92, 64, 141]
---------------------------------------
INFO:dataloader_debug:--- Train Epoch 29 Summary ---
  Total samples: 3448
  High attention samples: 2493
  Batches w/o high attention: 0
  Task distribution: [1625, 615, 735, 473]
  Batches skipping tasks: [2, 92, 64, 141]
---------------------------------------
[epoch   30] train_loss=0.4388 val_loss=2.0185
2026-06-26 10:59:07,035 - dataloader_debug - INFO - --- Valid Epoch 30 Summary ---
  Total samples: 1144
  High attention samples: 858
  Task distribution: [649, 165, 121, 209]
  Global Accuracy (All): 0.9467
  Global Accuracy (Att): 0.9371
----------------------------------------
INFO:dataloader_debug:--- Valid Epoch 30 Summary ---
  Total samples: 1144
  High attention samples: 858
  Task distribution: [649, 165, 121, 209]
  Global Accuracy (All): 0.9467
  Global Accuracy (Att): 0.9371
----------------------------------------
2026-06-26 10:59:07,051 - dataloader_debug - INFO - --- Train Epoch 30 Summary ---
  Total samples: 3448
  High attention samples: 2493
  Batches w/o high attention: 0
  Task distribution: [1623, 616, 736, 473]
  Batches skipping tasks: [2, 91, 66, 123]
---------------------------------------
INFO:dataloader_debug:--- Train Epoch 30 Summary ---
  Total samples: 3448
  High attention samples: 2493
  Batches w/o high attention: 0
  Task distribution: [1623, 616, 736, 473]
  Batches skipping tasks: [2, 91, 66, 123]
---------------------------------------
[epoch   31] train_loss=0.6403 val_loss=1.9811
2026-06-26 11:00:03,285 - dataloader_debug - INFO - --- Valid Epoch 31 Summary ---
  Total samples: 1144
  High attention samples: 858
  Task distribution: [649, 165, 121, 209]
  Global Accuracy (All): 0.9563
  Global Accuracy (Att): 0.9499
----------------------------------------
INFO:dataloader_debug:--- Valid Epoch 31 Summary ---
  Total samples: 1144
  High attention samples: 858
  Task distribution: [649, 165, 121, 209]
  Global Accuracy (All): 0.9563
  Global Accuracy (Att): 0.9499
----------------------------------------
2026-06-26 11:00:03,297 - dataloader_debug - INFO - --- Train Epoch 31 Summary ---
  Total samples: 3448
  High attention samples: 2495
  Batches w/o high attention: 0
  Task distribution: [1625, 614, 736, 473]
  Batches skipping tasks: [1, 90, 65, 131]
---------------------------------------
INFO:dataloader_debug:--- Train Epoch 31 Summary ---
  Total samples: 3448
  High attention samples: 2495
  Batches w/o high attention: 0
  Task distribution: [1625, 614, 736, 473]
  Batches skipping tasks: [1, 90, 65, 131]
---------------------------------------
[epoch   32] train_loss=0.9609 val_loss=1.9248
2026-06-26 11:01:00,215 - dataloader_debug - INFO - --- Valid Epoch 32 Summary ---
  Total samples: 1144
  High attention samples: 858
  Task distribution: [649, 165, 121, 209]
  Global Accuracy (All): 0.9677
  Global Accuracy (Att): 0.9639
----------------------------------------
INFO:dataloader_debug:--- Valid Epoch 32 Summary ---
  Total samples: 1144
  High attention samples: 858
  Task distribution: [649, 165, 121, 209]
  Global Accuracy (All): 0.9677
  Global Accuracy (Att): 0.9639
----------------------------------------
Metric Valid/loss improved by 0.023 >= min_delta = 0.0. New best score: 1.925
2026-06-26 11:01:02,433 - dataloader_debug - INFO - --- Train Epoch 32 Summary ---
  Total samples: 3448
  High attention samples: 2492
  Batches w/o high attention: 0
  Task distribution: [1623, 616, 737, 472]
  Batches skipping tasks: [1, 84, 57, 128]
---------------------------------------
INFO:dataloader_debug:--- Train Epoch 32 Summary ---
  Total samples: 3448
  High attention samples: 2492
  Batches w/o high attention: 0
  Task distribution: [1623, 616, 737, 472]
  Batches skipping tasks: [1, 84, 57, 128]
---------------------------------------
[epoch   33] train_loss=0.4382 val_loss=1.9620
2026-06-26 11:01:58,215 - dataloader_debug - INFO - --- Valid Epoch 33 Summary ---
  Total samples: 1144
  High attention samples: 858
  Task distribution: [649, 165, 121, 209]
  Global Accuracy (All): 0.9554
  Global Accuracy (Att): 0.9476
----------------------------------------
INFO:dataloader_debug:--- Valid Epoch 33 Summary ---
  Total samples: 1144
  High attention samples: 858
  Task distribution: [649, 165, 121, 209]
  Global Accuracy (All): 0.9554
  Global Accuracy (Att): 0.9476
----------------------------------------
2026-06-26 11:01:58,252 - dataloader_debug - INFO - --- Train Epoch 33 Summary ---
  Total samples: 3448
  High attention samples: 2495
  Batches w/o high attention: 0
  Task distribution: [1626, 615, 735, 472]
  Batches skipping tasks: [4, 95, 64, 126]
---------------------------------------
INFO:dataloader_debug:--- Train Epoch 33 Summary ---
  Total samples: 3448
  High attention samples: 2495
  Batches w/o high attention: 0
  Task distribution: [1626, 615, 735, 472]
  Batches skipping tasks: [4, 95, 64, 126]
---------------------------------------
[epoch   34] train_loss=0.6148 val_loss=1.9842
2026-06-26 11:02:54,740 - dataloader_debug - INFO - --- Valid Epoch 34 Summary ---
  Total samples: 1144
  High attention samples: 858
  Task distribution: [649, 165, 121, 209]
  Global Accuracy (All): 0.9563
  Global Accuracy (Att): 0.9487
----------------------------------------
INFO:dataloader_debug:--- Valid Epoch 34 Summary ---
  Total samples: 1144
  High attention samples: 858
  Task distribution: [649, 165, 121, 209]
  Global Accuracy (All): 0.9563
  Global Accuracy (Att): 0.9487
----------------------------------------
2026-06-26 11:02:54,757 - dataloader_debug - INFO - --- Train Epoch 34 Summary ---
  Total samples: 3448
  High attention samples: 2491
  Batches w/o high attention: 0
  Task distribution: [1625, 615, 737, 471]
  Batches skipping tasks: [1, 94, 59, 136]
---------------------------------------
INFO:dataloader_debug:--- Train Epoch 34 Summary ---
  Total samples: 3448
  High attention samples: 2491
  Batches w/o high attention: 0
  Task distribution: [1625, 615, 737, 471]
  Batches skipping tasks: [1, 94, 59, 136]
---------------------------------------
[epoch   35] train_loss=0.6114 val_loss=1.9602
2026-06-26 11:03:51,338 - dataloader_debug - INFO - --- Valid Epoch 35 Summary ---
  Total samples: 1144
  High attention samples: 858
  Task distribution: [649, 165, 121, 209]
  Global Accuracy (All): 0.9650
  Global Accuracy (Att): 0.9615
----------------------------------------
INFO:dataloader_debug:--- Valid Epoch 35 Summary ---
  Total samples: 1144
  High attention samples: 858
  Task distribution: [649, 165, 121, 209]
  Global Accuracy (All): 0.9650
  Global Accuracy (Att): 0.9615
----------------------------------------
2026-06-26 11:03:51,352 - dataloader_debug - INFO - --- Train Epoch 35 Summary ---
  Total samples: 3448
  High attention samples: 2494
  Batches w/o high attention: 0
  Task distribution: [1626, 615, 734, 473]
  Batches skipping tasks: [2, 89, 68, 135]
---------------------------------------
INFO:dataloader_debug:--- Train Epoch 35 Summary ---
  Total samples: 3448
  High attention samples: 2494
  Batches w/o high attention: 0
  Task distribution: [1626, 615, 734, 473]
  Batches skipping tasks: [2, 89, 68, 135]
---------------------------------------
[epoch   36] train_loss=0.5666 val_loss=1.9376
2026-06-26 11:04:51,792 - dataloader_debug - INFO - --- Valid Epoch 36 Summary ---
  Total samples: 1144
  High attention samples: 858
  Task distribution: [649, 165, 121, 209]
  Global Accuracy (All): 0.9694
  Global Accuracy (Att): 0.9615
----------------------------------------
INFO:dataloader_debug:--- Valid Epoch 36 Summary ---
  Total samples: 1144
  High attention samples: 858
  Task distribution: [649, 165, 121, 209]
  Global Accuracy (All): 0.9694
  Global Accuracy (Att): 0.9615
----------------------------------------
2026-06-26 11:04:51,807 - dataloader_debug - INFO - --- Train Epoch 36 Summary ---
  Total samples: 3448
  High attention samples: 2492
  Batches w/o high attention: 0
  Task distribution: [1625, 615, 736, 472]
  Batches skipping tasks: [3, 86, 66, 130]
---------------------------------------
INFO:dataloader_debug:--- Train Epoch 36 Summary ---
  Total samples: 3448
  High attention samples: 2492
  Batches w/o high attention: 0
  Task distribution: [1625, 615, 736, 472]
  Batches skipping tasks: [3, 86, 66, 130]
---------------------------------------
[epoch   37] train_loss=1.0377 val_loss=1.9669
2026-06-26 11:05:47,824 - dataloader_debug - INFO - --- Valid Epoch 37 Summary ---
  Total samples: 1144
  High attention samples: 858
  Task distribution: [649, 165, 121, 209]
  Global Accuracy (All): 0.9519
  Global Accuracy (Att): 0.9394
----------------------------------------
INFO:dataloader_debug:--- Valid Epoch 37 Summary ---
  Total samples: 1144
  High attention samples: 858
  Task distribution: [649, 165, 121, 209]
  Global Accuracy (All): 0.9519
  Global Accuracy (Att): 0.9394
----------------------------------------
2026-06-26 11:05:47,843 - dataloader_debug - INFO - --- Train Epoch 37 Summary ---
  Total samples: 3448
  High attention samples: 2495
  Batches w/o high attention: 0
  Task distribution: [1626, 613, 737, 472]
  Batches skipping tasks: [3, 94, 72, 121]
---------------------------------------
INFO:dataloader_debug:--- Train Epoch 37 Summary ---
  Total samples: 3448
  High attention samples: 2495
  Batches w/o high attention: 0
  Task distribution: [1626, 613, 737, 472]
  Batches skipping tasks: [3, 94, 72, 121]
---------------------------------------
[epoch   38] train_loss=0.6053 val_loss=1.9551
2026-06-26 11:06:44,431 - dataloader_debug - INFO - --- Valid Epoch 38 Summary ---
  Total samples: 1144
  High attention samples: 858
  Task distribution: [649, 165, 121, 209]
  Global Accuracy (All): 0.9528
  Global Accuracy (Att): 0.9452
----------------------------------------
INFO:dataloader_debug:--- Valid Epoch 38 Summary ---
  Total samples: 1144
  High attention samples: 858
  Task distribution: [649, 165, 121, 209]
  Global Accuracy (All): 0.9528
  Global Accuracy (Att): 0.9452
----------------------------------------
2026-06-26 11:06:44,449 - dataloader_debug - INFO - --- Train Epoch 38 Summary ---
  Total samples: 3448
  High attention samples: 2494
  Batches w/o high attention: 0
  Task distribution: [1627, 614, 734, 473]
  Batches skipping tasks: [3, 89, 65, 140]
---------------------------------------
INFO:dataloader_debug:--- Train Epoch 38 Summary ---
  Total samples: 3448
  High attention samples: 2494
  Batches w/o high attention: 0
  Task distribution: [1627, 614, 734, 473]
  Batches skipping tasks: [3, 89, 65, 140]
---------------------------------------
[epoch   39] train_loss=0.7826 val_loss=1.9210
2026-06-26 11:07:40,240 - dataloader_debug - INFO - --- Valid Epoch 39 Summary ---
  Total samples: 1144
  High attention samples: 858
  Task distribution: [649, 165, 121, 209]
  Global Accuracy (All): 0.9677
  Global Accuracy (Att): 0.9615
----------------------------------------
INFO:dataloader_debug:--- Valid Epoch 39 Summary ---
  Total samples: 1144
  High attention samples: 858
  Task distribution: [649, 165, 121, 209]
  Global Accuracy (All): 0.9677
  Global Accuracy (Att): 0.9615
----------------------------------------
Metric Valid/loss improved by 0.004 >= min_delta = 0.0. New best score: 1.921
2026-06-26 11:07:42,428 - dataloader_debug - INFO - --- Train Epoch 39 Summary ---
  Total samples: 3448
  High attention samples: 2492
  Batches w/o high attention: 0
  Task distribution: [1626, 614, 736, 472]
  Batches skipping tasks: [1, 95, 59, 137]
---------------------------------------
INFO:dataloader_debug:--- Train Epoch 39 Summary ---
  Total samples: 3448
  High attention samples: 2492
  Batches w/o high attention: 0
  Task distribution: [1626, 614, 736, 472]
  Batches skipping tasks: [1, 95, 59, 137]
---------------------------------------
[epoch   40] train_loss=0.8045 val_loss=1.9451
2026-06-26 11:08:38,861 - dataloader_debug - INFO - --- Valid Epoch 40 Summary ---
  Total samples: 1144
  High attention samples: 858
  Task distribution: [649, 165, 121, 209]
  Global Accuracy (All): 0.9668
  Global Accuracy (Att): 0.9604
----------------------------------------
INFO:dataloader_debug:--- Valid Epoch 40 Summary ---
  Total samples: 1144
  High attention samples: 858
  Task distribution: [649, 165, 121, 209]
  Global Accuracy (All): 0.9668
  Global Accuracy (Att): 0.9604
----------------------------------------
2026-06-26 11:08:38,923 - dataloader_debug - INFO - --- Train Epoch 40 Summary ---
  Total samples: 3448
  High attention samples: 2492
  Batches w/o high attention: 0
  Task distribution: [1626, 614, 737, 471]
  Batches skipping tasks: [5, 77, 59, 130]
---------------------------------------
INFO:dataloader_debug:--- Train Epoch 40 Summary ---
  Total samples: 3448
  High attention samples: 2492
  Batches w/o high attention: 0
  Task distribution: [1626, 614, 737, 471]
  Batches skipping tasks: [5, 77, 59, 130]
---------------------------------------
[epoch   41] train_loss=0.6152 val_loss=2.0731
2026-06-26 11:09:34,835 - dataloader_debug - INFO - --- Valid Epoch 41 Summary ---
  Total samples: 1144
  High attention samples: 858
  Task distribution: [649, 165, 121, 209]
  Global Accuracy (All): 0.9423
  Global Accuracy (Att): 0.9277
----------------------------------------
INFO:dataloader_debug:--- Valid Epoch 41 Summary ---
  Total samples: 1144
  High attention samples: 858
  Task distribution: [649, 165, 121, 209]
  Global Accuracy (All): 0.9423
  Global Accuracy (Att): 0.9277
----------------------------------------
2026-06-26 11:09:34,849 - dataloader_debug - INFO - --- Train Epoch 41 Summary ---
  Total samples: 3448
  High attention samples: 2491
  Batches w/o high attention: 0
  Task distribution: [1625, 616, 737, 470]
  Batches skipping tasks: [3, 95, 62, 133]
---------------------------------------
INFO:dataloader_debug:--- Train Epoch 41 Summary ---
  Total samples: 3448
  High attention samples: 2491
  Batches w/o high attention: 0
  Task distribution: [1625, 616, 737, 470]
  Batches skipping tasks: [3, 95, 62, 133]
---------------------------------------
[epoch   42] train_loss=0.8152 val_loss=1.9011
2026-06-26 11:10:34,597 - dataloader_debug - INFO - --- Valid Epoch 42 Summary ---
  Total samples: 1144
  High attention samples: 858
  Task distribution: [649, 165, 121, 209]
  Global Accuracy (All): 0.9694
  Global Accuracy (Att): 0.9604
----------------------------------------
INFO:dataloader_debug:--- Valid Epoch 42 Summary ---
  Total samples: 1144
  High attention samples: 858
  Task distribution: [649, 165, 121, 209]
  Global Accuracy (All): 0.9694
  Global Accuracy (Att): 0.9604
----------------------------------------
Metric Valid/loss improved by 0.020 >= min_delta = 0.0. New best score: 1.901
2026-06-26 11:10:36,814 - dataloader_debug - INFO - --- Train Epoch 42 Summary ---
  Total samples: 3448
  High attention samples: 2493
  Batches w/o high attention: 0
  Task distribution: [1624, 616, 736, 472]
  Batches skipping tasks: [3, 80, 61, 121]
---------------------------------------
INFO:dataloader_debug:--- Train Epoch 42 Summary ---
  Total samples: 3448
  High attention samples: 2493
  Batches w/o high attention: 0
  Task distribution: [1624, 616, 736, 472]
  Batches skipping tasks: [3, 80, 61, 121]
---------------------------------------
[epoch   43] train_loss=0.8177 val_loss=1.9549
2026-06-26 11:11:32,522 - dataloader_debug - INFO - --- Valid Epoch 43 Summary ---
  Total samples: 1144
  High attention samples: 858
  Task distribution: [649, 165, 121, 209]
  Global Accuracy (All): 0.9633
  Global Accuracy (Att): 0.9604
----------------------------------------
INFO:dataloader_debug:--- Valid Epoch 43 Summary ---
  Total samples: 1144
  High attention samples: 858
  Task distribution: [649, 165, 121, 209]
  Global Accuracy (All): 0.9633
  Global Accuracy (Att): 0.9604
----------------------------------------
2026-06-26 11:11:32,536 - dataloader_debug - INFO - --- Train Epoch 43 Summary ---
  Total samples: 3448
  High attention samples: 2492
  Batches w/o high attention: 0
  Task distribution: [1628, 614, 734, 472]
  Batches skipping tasks: [3, 90, 59, 130]
---------------------------------------
INFO:dataloader_debug:--- Train Epoch 43 Summary ---
  Total samples: 3448
  High attention samples: 2492
  Batches w/o high attention: 0
  Task distribution: [1628, 614, 734, 472]
  Batches skipping tasks: [3, 90, 59, 130]
---------------------------------------
[epoch   44] train_loss=0.7634 val_loss=1.9318
2026-06-26 11:12:28,072 - dataloader_debug - INFO - --- Valid Epoch 44 Summary ---
  Total samples: 1144
  High attention samples: 858
  Task distribution: [649, 165, 121, 209]
  Global Accuracy (All): 0.9633
  Global Accuracy (Att): 0.9545
----------------------------------------
INFO:dataloader_debug:--- Valid Epoch 44 Summary ---
  Total samples: 1144
  High attention samples: 858
  Task distribution: [649, 165, 121, 209]
  Global Accuracy (All): 0.9633
  Global Accuracy (Att): 0.9545
----------------------------------------
2026-06-26 11:12:28,084 - dataloader_debug - INFO - --- Train Epoch 44 Summary ---
  Total samples: 3448
  High attention samples: 2491
  Batches w/o high attention: 0
  Task distribution: [1625, 614, 737, 472]
  Batches skipping tasks: [2, 95, 71, 144]
---------------------------------------
INFO:dataloader_debug:--- Train Epoch 44 Summary ---
  Total samples: 3448
  High attention samples: 2491
  Batches w/o high attention: 0
  Task distribution: [1625, 614, 737, 472]
  Batches skipping tasks: [2, 95, 71, 144]
---------------------------------------
[epoch   45] train_loss=0.5165 val_loss=1.9450
2026-06-26 11:13:23,145 - dataloader_debug - INFO - --- Valid Epoch 45 Summary ---
  Total samples: 1144
  High attention samples: 858
  Task distribution: [649, 165, 121, 209]
  Global Accuracy (All): 0.9677
  Global Accuracy (Att): 0.9662
----------------------------------------
INFO:dataloader_debug:--- Valid Epoch 45 Summary ---
  Total samples: 1144
  High attention samples: 858
  Task distribution: [649, 165, 121, 209]
  Global Accuracy (All): 0.9677
  Global Accuracy (Att): 0.9662
----------------------------------------
2026-06-26 11:13:23,157 - dataloader_debug - INFO - --- Train Epoch 45 Summary ---
  Total samples: 3448
  High attention samples: 2494
  Batches w/o high attention: 0
  Task distribution: [1625, 616, 736, 471]
  Batches skipping tasks: [2, 97, 66, 127]
---------------------------------------
INFO:dataloader_debug:--- Train Epoch 45 Summary ---
  Total samples: 3448
  High attention samples: 2494
  Batches w/o high attention: 0
  Task distribution: [1625, 616, 736, 471]
  Batches skipping tasks: [2, 97, 66, 127]
---------------------------------------
[epoch   46] train_loss=0.6270 val_loss=1.9825
2026-06-26 11:14:18,344 - dataloader_debug - INFO - --- Valid Epoch 46 Summary ---
  Total samples: 1144
  High attention samples: 858
  Task distribution: [649, 165, 121, 209]
  Global Accuracy (All): 0.9589
  Global Accuracy (Att): 0.9534
----------------------------------------
INFO:dataloader_debug:--- Valid Epoch 46 Summary ---
  Total samples: 1144
  High attention samples: 858
  Task distribution: [649, 165, 121, 209]
  Global Accuracy (All): 0.9589
  Global Accuracy (Att): 0.9534
----------------------------------------
2026-06-26 11:14:18,370 - dataloader_debug - INFO - --- Train Epoch 46 Summary ---
  Total samples: 3448
  High attention samples: 2494
  Batches w/o high attention: 0
  Task distribution: [1624, 615, 737, 472]
  Batches skipping tasks: [1, 83, 62, 129]
---------------------------------------
INFO:dataloader_debug:--- Train Epoch 46 Summary ---
  Total samples: 3448
  High attention samples: 2494
  Batches w/o high attention: 0
  Task distribution: [1624, 615, 737, 472]
  Batches skipping tasks: [1, 83, 62, 129]
---------------------------------------
[epoch   47] train_loss=0.5571 val_loss=2.0083
2026-06-26 11:15:14,104 - dataloader_debug - INFO - --- Valid Epoch 47 Summary ---
  Total samples: 1144
  High attention samples: 858
  Task distribution: [649, 165, 121, 209]
  Global Accuracy (All): 0.9563
  Global Accuracy (Att): 0.9487
----------------------------------------
INFO:dataloader_debug:--- Valid Epoch 47 Summary ---
  Total samples: 1144
  High attention samples: 858
  Task distribution: [649, 165, 121, 209]
  Global Accuracy (All): 0.9563
  Global Accuracy (Att): 0.9487
----------------------------------------
2026-06-26 11:15:14,117 - dataloader_debug - INFO - --- Train Epoch 47 Summary ---
  Total samples: 3448
  High attention samples: 2495
  Batches w/o high attention: 0
  Task distribution: [1627, 615, 735, 471]
  Batches skipping tasks: [3, 79, 59, 121]
---------------------------------------
INFO:dataloader_debug:--- Train Epoch 47 Summary ---
  Total samples: 3448
  High attention samples: 2495
  Batches w/o high attention: 0
  Task distribution: [1627, 615, 735, 471]
  Batches skipping tasks: [3, 79, 59, 121]
---------------------------------------
[epoch   48] train_loss=0.7669 val_loss=1.9512
2026-06-26 11:16:11,822 - dataloader_debug - INFO - --- Valid Epoch 48 Summary ---
  Total samples: 1144
  High attention samples: 858
  Task distribution: [649, 165, 121, 209]
  Global Accuracy (All): 0.9607
  Global Accuracy (Att): 0.9557
----------------------------------------
INFO:dataloader_debug:--- Valid Epoch 48 Summary ---
  Total samples: 1144
  High attention samples: 858
  Task distribution: [649, 165, 121, 209]
  Global Accuracy (All): 0.9607
  Global Accuracy (Att): 0.9557
----------------------------------------
2026-06-26 11:16:11,835 - dataloader_debug - INFO - --- Train Epoch 48 Summary ---
  Total samples: 3448
  High attention samples: 2492
  Batches w/o high attention: 0
  Task distribution: [1624, 614, 737, 473]
  Batches skipping tasks: [5, 90, 57, 130]
---------------------------------------
INFO:dataloader_debug:--- Train Epoch 48 Summary ---
  Total samples: 3448
  High attention samples: 2492
  Batches w/o high attention: 0
  Task distribution: [1624, 614, 737, 473]
  Batches skipping tasks: [5, 90, 57, 130]
---------------------------------------
[epoch   49] train_loss=0.6876 val_loss=1.9113
2026-06-26 11:17:09,054 - dataloader_debug - INFO - --- Valid Epoch 49 Summary ---
  Total samples: 1144
  High attention samples: 858
  Task distribution: [649, 165, 121, 209]
  Global Accuracy (All): 0.9764
  Global Accuracy (Att): 0.9709
----------------------------------------
INFO:dataloader_debug:--- Valid Epoch 49 Summary ---
  Total samples: 1144
  High attention samples: 858
  Task distribution: [649, 165, 121, 209]
  Global Accuracy (All): 0.9764
  Global Accuracy (Att): 0.9709
----------------------------------------
2026-06-26 11:17:09,072 - dataloader_debug - INFO - --- Train Epoch 49 Summary ---
  Total samples: 3448
  High attention samples: 2492
  Batches w/o high attention: 0
  Task distribution: [1625, 615, 736, 472]
  Batches skipping tasks: [2, 84, 61, 146]
---------------------------------------
INFO:dataloader_debug:--- Train Epoch 49 Summary ---
  Total samples: 3448
  High attention samples: 2492
  Batches w/o high attention: 0
  Task distribution: [1625, 615, 736, 472]
  Batches skipping tasks: [2, 84, 61, 146]
---------------------------------------
[epoch   50] train_loss=0.8517 val_loss=1.9269
2026-06-26 11:18:04,470 - dataloader_debug - INFO - --- Valid Epoch 50 Summary ---
  Total samples: 1144
  High attention samples: 858
  Task distribution: [649, 165, 121, 209]
  Global Accuracy (All): 0.9729
  Global Accuracy (Att): 0.9720
----------------------------------------
INFO:dataloader_debug:--- Valid Epoch 50 Summary ---
  Total samples: 1144
  High attention samples: 858
  Task distribution: [649, 165, 121, 209]
  Global Accuracy (All): 0.9729
  Global Accuracy (Att): 0.9720
----------------------------------------
2026-06-26 11:18:04,491 - dataloader_debug - INFO - --- Train Epoch 50 Summary ---
  Total samples: 3448
  High attention samples: 2493
  Batches w/o high attention: 0
  Task distribution: [1625, 614, 736, 473]
  Batches skipping tasks: [3, 95, 64, 130]
---------------------------------------
INFO:dataloader_debug:--- Train Epoch 50 Summary ---
  Total samples: 3448
  High attention samples: 2493
  Batches w/o high attention: 0
  Task distribution: [1625, 614, 736, 473]
  Batches skipping tasks: [3, 95, 64, 130]
---------------------------------------
[epoch   51] train_loss=0.9988 val_loss=1.9337
2026-06-26 11:19:00,486 - dataloader_debug - INFO - --- Valid Epoch 51 Summary ---
  Total samples: 1144
  High attention samples: 858
  Task distribution: [649, 165, 121, 209]
  Global Accuracy (All): 0.9694
  Global Accuracy (Att): 0.9662
----------------------------------------
INFO:dataloader_debug:--- Valid Epoch 51 Summary ---
  Total samples: 1144
  High attention samples: 858
  Task distribution: [649, 165, 121, 209]
  Global Accuracy (All): 0.9694
  Global Accuracy (Att): 0.9662
----------------------------------------
2026-06-26 11:19:00,499 - dataloader_debug - INFO - --- Train Epoch 51 Summary ---
  Total samples: 3448
  High attention samples: 2493
  Batches w/o high attention: 0
  Task distribution: [1626, 616, 735, 471]
  Batches skipping tasks: [1, 93, 60, 125]
---------------------------------------
INFO:dataloader_debug:--- Train Epoch 51 Summary ---
  Total samples: 3448
  High attention samples: 2493
  Batches w/o high attention: 0
  Task distribution: [1626, 616, 735, 471]
  Batches skipping tasks: [1, 93, 60, 125]
---------------------------------------
[epoch   52] train_loss=0.5383 val_loss=1.9304
2026-06-26 11:19:56,705 - dataloader_debug - INFO - --- Valid Epoch 52 Summary ---
  Total samples: 1144
  High attention samples: 858
  Task distribution: [649, 165, 121, 209]
  Global Accuracy (All): 0.9589
  Global Accuracy (Att): 0.9569
----------------------------------------
INFO:dataloader_debug:--- Valid Epoch 52 Summary ---
  Total samples: 1144
  High attention samples: 858
  Task distribution: [649, 165, 121, 209]
  Global Accuracy (All): 0.9589
  Global Accuracy (Att): 0.9569
----------------------------------------
Monitored metric Valid/loss did not improve in the last 10 records. Best score: 1.901. Signaling Trainer to stop.
2026-06-26 11:19:56,725 - dataloader_debug - INFO - --- Train Epoch 52 Summary ---
  Total samples: 3448
  High attention samples: 2491
  Batches w/o high attention: 0
  Task distribution: [1624, 616, 736, 472]
  Batches skipping tasks: [1, 84, 59, 135]
---------------------------------------
INFO:dataloader_debug:--- Train Epoch 52 Summary ---
  Total samples: 3448
  High attention samples: 2491
  Batches w/o high attention: 0
  Task distribution: [1624, 616, 736, 472]
  Batches skipping tasks: [1, 84, 59, 135]
---------------------------------------
[[[ FINISH ]]] 2026-06-26 11:19:57.945446
  TEST
/home/andrea.giampietro/.conda/envs/eeg_attention/lib/python3.9/site-packages/lightning_fabric/__init__.py:29: UserWarning: pkg_resources is deprecated as an API. See https://setuptools.pypa.io/en/latest/pkg_resources.html. The pkg_resources package is slated for removal as early as 2025-11-30. Refrain from using this package or pin to Setuptools<81.
  __import__("pkg_resources").declare_namespace(__name__)
[paths] host=edu02 host_profile_keys=[] cpu=128 cpu_effective=8
[paths] dataset_dir=../dataset
[paths] log_dir=../results
[paths] workers=7
[rank: 0] Global seed set to 42
no augmentation
[cv] mode=within held_out_id=-1
Size of train dataset: 3454
Size of valid dataset: 1144
Size of test dataset: 806
[eeg] SpectraEEG (raw 2D-CNN + band-power frequency branch)
/home/andrea.giampietro/.conda/envs/eeg_attention/lib/python3.9/site-packages/huggingface_hub/file_download.py:949: FutureWarning: `resume_download` is deprecated and will be removed in version 1.0.0. Downloads always resume when possible. If you want to force a new download, use `force_download=True`.
  warnings.warn(
/home/andrea.giampietro/.conda/envs/eeg_attention/lib/python3.9/site-packages/torch/functional.py:507: UserWarning: torch.meshgrid: in an upcoming release, it will be required to pass the indexing argument. (Triggered internally at ../aten/src/ATen/native/TensorShape.cpp:3549.)
  return _VF.meshgrid(tensors, **kwargs)  # type: ignore[attr-defined]
Some weights of RobertaModel were not initialized from the model checkpoint at roberta-base and are newly initialized: ['roberta.pooler.dense.bias', 'roberta.pooler.dense.weight']
You should probably TRAIN this model on a down-stream task to be able to use it for predictions and inference.
Load our best checkpoint in the paper.
The checkpoint is already downloaded
Load Checkpoint...
logit_scale_a 	 Loaded
logit_scale_t 	 Loaded
audio_branch.spectrogram_extractor.stft.conv_real.weight 	 Loaded
audio_branch.spectrogram_extractor.stft.conv_imag.weight 	 Loaded
audio_branch.logmel_extractor.melW 	 Loaded
audio_branch.bn0.weight 	 Loaded
audio_branch.bn0.bias 	 Loaded
audio_branch.patch_embed.proj.weight 	 Loaded
audio_branch.patch_embed.proj.bias 	 Loaded
audio_branch.patch_embed.norm.weight 	 Loaded
audio_branch.patch_embed.norm.bias 	 Loaded
audio_branch.layers.0.blocks.0.norm1.weight 	 Loaded
audio_branch.layers.0.blocks.0.norm1.bias 	 Loaded
audio_branch.layers.0.blocks.0.attn.relative_position_bias_table 	 Loaded
audio_branch.layers.0.blocks.0.attn.qkv.weight 	 Loaded
audio_branch.layers.0.blocks.0.attn.qkv.bias 	 Loaded
audio_branch.layers.0.blocks.0.attn.proj.weight 	 Loaded
audio_branch.layers.0.blocks.0.attn.proj.bias 	 Loaded
audio_branch.layers.0.blocks.0.norm2.weight 	 Loaded
audio_branch.layers.0.blocks.0.norm2.bias 	 Loaded
audio_branch.layers.0.blocks.0.mlp.fc1.weight 	 Loaded
audio_branch.layers.0.blocks.0.mlp.fc1.bias 	 Loaded
audio_branch.layers.0.blocks.0.mlp.fc2.weight 	 Loaded
audio_branch.layers.0.blocks.0.mlp.fc2.bias 	 Loaded
audio_branch.layers.0.blocks.1.norm1.weight 	 Loaded
audio_branch.layers.0.blocks.1.norm1.bias 	 Loaded
audio_branch.layers.0.blocks.1.attn.relative_position_bias_table 	 Loaded
audio_branch.layers.0.blocks.1.attn.qkv.weight 	 Loaded
audio_branch.layers.0.blocks.1.attn.qkv.bias 	 Loaded
audio_branch.layers.0.blocks.1.attn.proj.weight 	 Loaded
audio_branch.layers.0.blocks.1.attn.proj.bias 	 Loaded
audio_branch.layers.0.blocks.1.norm2.weight 	 Loaded
audio_branch.layers.0.blocks.1.norm2.bias 	 Loaded
audio_branch.layers.0.blocks.1.mlp.fc1.weight 	 Loaded
audio_branch.layers.0.blocks.1.mlp.fc1.bias 	 Loaded
audio_branch.layers.0.blocks.1.mlp.fc2.weight 	 Loaded
audio_branch.layers.0.blocks.1.mlp.fc2.bias 	 Loaded
audio_branch.layers.0.downsample.reduction.weight 	 Loaded
audio_branch.layers.0.downsample.norm.weight 	 Loaded
audio_branch.layers.0.downsample.norm.bias 	 Loaded
audio_branch.layers.1.blocks.0.norm1.weight 	 Loaded
audio_branch.layers.1.blocks.0.norm1.bias 	 Loaded
audio_branch.layers.1.blocks.0.attn.relative_position_bias_table 	 Loaded
audio_branch.layers.1.blocks.0.attn.qkv.weight 	 Loaded
audio_branch.layers.1.blocks.0.attn.qkv.bias 	 Loaded
audio_branch.layers.1.blocks.0.attn.proj.weight 	 Loaded
audio_branch.layers.1.blocks.0.attn.proj.bias 	 Loaded
audio_branch.layers.1.blocks.0.norm2.weight 	 Loaded
audio_branch.layers.1.blocks.0.norm2.bias 	 Loaded
audio_branch.layers.1.blocks.0.mlp.fc1.weight 	 Loaded
audio_branch.layers.1.blocks.0.mlp.fc1.bias 	 Loaded
audio_branch.layers.1.blocks.0.mlp.fc2.weight 	 Loaded
audio_branch.layers.1.blocks.0.mlp.fc2.bias 	 Loaded
audio_branch.layers.1.blocks.1.norm1.weight 	 Loaded
audio_branch.layers.1.blocks.1.norm1.bias 	 Loaded
audio_branch.layers.1.blocks.1.attn.relative_position_bias_table 	 Loaded
audio_branch.layers.1.blocks.1.attn.qkv.weight 	 Loaded
audio_branch.layers.1.blocks.1.attn.qkv.bias 	 Loaded
audio_branch.layers.1.blocks.1.attn.proj.weight 	 Loaded
audio_branch.layers.1.blocks.1.attn.proj.bias 	 Loaded
audio_branch.layers.1.blocks.1.norm2.weight 	 Loaded
audio_branch.layers.1.blocks.1.norm2.bias 	 Loaded
audio_branch.layers.1.blocks.1.mlp.fc1.weight 	 Loaded
audio_branch.layers.1.blocks.1.mlp.fc1.bias 	 Loaded
audio_branch.layers.1.blocks.1.mlp.fc2.weight 	 Loaded
audio_branch.layers.1.blocks.1.mlp.fc2.bias 	 Loaded
audio_branch.layers.1.downsample.reduction.weight 	 Loaded
audio_branch.layers.1.downsample.norm.weight 	 Loaded
audio_branch.layers.1.downsample.norm.bias 	 Loaded
audio_branch.layers.2.blocks.0.norm1.weight 	 Loaded
audio_branch.layers.2.blocks.0.norm1.bias 	 Loaded
audio_branch.layers.2.blocks.0.attn.relative_position_bias_table 	 Loaded
audio_branch.layers.2.blocks.0.attn.qkv.weight 	 Loaded
audio_branch.layers.2.blocks.0.attn.qkv.bias 	 Loaded
audio_branch.layers.2.blocks.0.attn.proj.weight 	 Loaded
audio_branch.layers.2.blocks.0.attn.proj.bias 	 Loaded
audio_branch.layers.2.blocks.0.norm2.weight 	 Loaded
audio_branch.layers.2.blocks.0.norm2.bias 	 Loaded
audio_branch.layers.2.blocks.0.mlp.fc1.weight 	 Loaded
audio_branch.layers.2.blocks.0.mlp.fc1.bias 	 Loaded
audio_branch.layers.2.blocks.0.mlp.fc2.weight 	 Loaded
audio_branch.layers.2.blocks.0.mlp.fc2.bias 	 Loaded
audio_branch.layers.2.blocks.1.norm1.weight 	 Loaded
audio_branch.layers.2.blocks.1.norm1.bias 	 Loaded
audio_branch.layers.2.blocks.1.attn.relative_position_bias_table 	 Loaded
audio_branch.layers.2.blocks.1.attn.qkv.weight 	 Loaded
audio_branch.layers.2.blocks.1.attn.qkv.bias 	 Loaded
audio_branch.layers.2.blocks.1.attn.proj.weight 	 Loaded
audio_branch.layers.2.blocks.1.attn.proj.bias 	 Loaded
audio_branch.layers.2.blocks.1.norm2.weight 	 Loaded
audio_branch.layers.2.blocks.1.norm2.bias 	 Loaded
audio_branch.layers.2.blocks.1.mlp.fc1.weight 	 Loaded
audio_branch.layers.2.blocks.1.mlp.fc1.bias 	 Loaded
audio_branch.layers.2.blocks.1.mlp.fc2.weight 	 Loaded
audio_branch.layers.2.blocks.1.mlp.fc2.bias 	 Loaded
audio_branch.layers.2.blocks.2.norm1.weight 	 Loaded
audio_branch.layers.2.blocks.2.norm1.bias 	 Loaded
audio_branch.layers.2.blocks.2.attn.relative_position_bias_table 	 Loaded
audio_branch.layers.2.blocks.2.attn.qkv.weight 	 Loaded
audio_branch.layers.2.blocks.2.attn.qkv.bias 	 Loaded
audio_branch.layers.2.blocks.2.attn.proj.weight 	 Loaded
audio_branch.layers.2.blocks.2.attn.proj.bias 	 Loaded
audio_branch.layers.2.blocks.2.norm2.weight 	 Loaded
audio_branch.layers.2.blocks.2.norm2.bias 	 Loaded
audio_branch.layers.2.blocks.2.mlp.fc1.weight 	 Loaded
audio_branch.layers.2.blocks.2.mlp.fc1.bias 	 Loaded
audio_branch.layers.2.blocks.2.mlp.fc2.weight 	 Loaded
audio_branch.layers.2.blocks.2.mlp.fc2.bias 	 Loaded
audio_branch.layers.2.blocks.3.norm1.weight 	 Loaded
audio_branch.layers.2.blocks.3.norm1.bias 	 Loaded
audio_branch.layers.2.blocks.3.attn.relative_position_bias_table 	 Loaded
audio_branch.layers.2.blocks.3.attn.qkv.weight 	 Loaded
audio_branch.layers.2.blocks.3.attn.qkv.bias 	 Loaded
audio_branch.layers.2.blocks.3.attn.proj.weight 	 Loaded
audio_branch.layers.2.blocks.3.attn.proj.bias 	 Loaded
audio_branch.layers.2.blocks.3.norm2.weight 	 Loaded
audio_branch.layers.2.blocks.3.norm2.bias 	 Loaded
audio_branch.layers.2.blocks.3.mlp.fc1.weight 	 Loaded
audio_branch.layers.2.blocks.3.mlp.fc1.bias 	 Loaded
audio_branch.layers.2.blocks.3.mlp.fc2.weight 	 Loaded
audio_branch.layers.2.blocks.3.mlp.fc2.bias 	 Loaded
audio_branch.layers.2.blocks.4.norm1.weight 	 Loaded
audio_branch.layers.2.blocks.4.norm1.bias 	 Loaded
audio_branch.layers.2.blocks.4.attn.relative_position_bias_table 	 Loaded
audio_branch.layers.2.blocks.4.attn.qkv.weight 	 Loaded
audio_branch.layers.2.blocks.4.attn.qkv.bias 	 Loaded
audio_branch.layers.2.blocks.4.attn.proj.weight 	 Loaded
audio_branch.layers.2.blocks.4.attn.proj.bias 	 Loaded
audio_branch.layers.2.blocks.4.norm2.weight 	 Loaded
audio_branch.layers.2.blocks.4.norm2.bias 	 Loaded
audio_branch.layers.2.blocks.4.mlp.fc1.weight 	 Loaded
audio_branch.layers.2.blocks.4.mlp.fc1.bias 	 Loaded
audio_branch.layers.2.blocks.4.mlp.fc2.weight 	 Loaded
audio_branch.layers.2.blocks.4.mlp.fc2.bias 	 Loaded
audio_branch.layers.2.blocks.5.norm1.weight 	 Loaded
audio_branch.layers.2.blocks.5.norm1.bias 	 Loaded
audio_branch.layers.2.blocks.5.attn.relative_position_bias_table 	 Loaded
audio_branch.layers.2.blocks.5.attn.qkv.weight 	 Loaded
audio_branch.layers.2.blocks.5.attn.qkv.bias 	 Loaded
audio_branch.layers.2.blocks.5.attn.proj.weight 	 Loaded
audio_branch.layers.2.blocks.5.attn.proj.bias 	 Loaded
audio_branch.layers.2.blocks.5.norm2.weight 	 Loaded
audio_branch.layers.2.blocks.5.norm2.bias 	 Loaded
audio_branch.layers.2.blocks.5.mlp.fc1.weight 	 Loaded
audio_branch.layers.2.blocks.5.mlp.fc1.bias 	 Loaded
audio_branch.layers.2.blocks.5.mlp.fc2.weight 	 Loaded
audio_branch.layers.2.blocks.5.mlp.fc2.bias 	 Loaded
audio_branch.layers.2.downsample.reduction.weight 	 Loaded
audio_branch.layers.2.downsample.norm.weight 	 Loaded
audio_branch.layers.2.downsample.norm.bias 	 Loaded
audio_branch.layers.3.blocks.0.norm1.weight 	 Loaded
audio_branch.layers.3.blocks.0.norm1.bias 	 Loaded
audio_branch.layers.3.blocks.0.attn.relative_position_bias_table 	 Loaded
audio_branch.layers.3.blocks.0.attn.qkv.weight 	 Loaded
audio_branch.layers.3.blocks.0.attn.qkv.bias 	 Loaded
audio_branch.layers.3.blocks.0.attn.proj.weight 	 Loaded
audio_branch.layers.3.blocks.0.attn.proj.bias 	 Loaded
audio_branch.layers.3.blocks.0.norm2.weight 	 Loaded
audio_branch.layers.3.blocks.0.norm2.bias 	 Loaded
audio_branch.layers.3.blocks.0.mlp.fc1.weight 	 Loaded
audio_branch.layers.3.blocks.0.mlp.fc1.bias 	 Loaded
audio_branch.layers.3.blocks.0.mlp.fc2.weight 	 Loaded
audio_branch.layers.3.blocks.0.mlp.fc2.bias 	 Loaded
audio_branch.layers.3.blocks.1.norm1.weight 	 Loaded
audio_branch.layers.3.blocks.1.norm1.bias 	 Loaded
audio_branch.layers.3.blocks.1.attn.relative_position_bias_table 	 Loaded
audio_branch.layers.3.blocks.1.attn.qkv.weight 	 Loaded
audio_branch.layers.3.blocks.1.attn.qkv.bias 	 Loaded
audio_branch.layers.3.blocks.1.attn.proj.weight 	 Loaded
audio_branch.layers.3.blocks.1.attn.proj.bias 	 Loaded
audio_branch.layers.3.blocks.1.norm2.weight 	 Loaded
audio_branch.layers.3.blocks.1.norm2.bias 	 Loaded
audio_branch.layers.3.blocks.1.mlp.fc1.weight 	 Loaded
audio_branch.layers.3.blocks.1.mlp.fc1.bias 	 Loaded
audio_branch.layers.3.blocks.1.mlp.fc2.weight 	 Loaded
audio_branch.layers.3.blocks.1.mlp.fc2.bias 	 Loaded
audio_branch.norm.weight 	 Loaded
audio_branch.norm.bias 	 Loaded
audio_branch.tscam_conv.weight 	 Loaded
audio_branch.tscam_conv.bias 	 Loaded
audio_branch.head.weight 	 Loaded
audio_branch.head.bias 	 Loaded
text_branch.embeddings.word_embeddings.weight 	 Loaded
text_branch.embeddings.position_embeddings.weight 	 Loaded
text_branch.embeddings.token_type_embeddings.weight 	 Loaded
text_branch.embeddings.LayerNorm.weight 	 Loaded
text_branch.embeddings.LayerNorm.bias 	 Loaded
text_branch.encoder.layer.0.attention.self.query.weight 	 Loaded
text_branch.encoder.layer.0.attention.self.query.bias 	 Loaded
text_branch.encoder.layer.0.attention.self.key.weight 	 Loaded
text_branch.encoder.layer.0.attention.self.key.bias 	 Loaded
text_branch.encoder.layer.0.attention.self.value.weight 	 Loaded
text_branch.encoder.layer.0.attention.self.value.bias 	 Loaded
text_branch.encoder.layer.0.attention.output.dense.weight 	 Loaded
text_branch.encoder.layer.0.attention.output.dense.bias 	 Loaded
text_branch.encoder.layer.0.attention.output.LayerNorm.weight 	 Loaded
text_branch.encoder.layer.0.attention.output.LayerNorm.bias 	 Loaded
text_branch.encoder.layer.0.intermediate.dense.weight 	 Loaded
text_branch.encoder.layer.0.intermediate.dense.bias 	 Loaded
text_branch.encoder.layer.0.output.dense.weight 	 Loaded
text_branch.encoder.layer.0.output.dense.bias 	 Loaded
text_branch.encoder.layer.0.output.LayerNorm.weight 	 Loaded
text_branch.encoder.layer.0.output.LayerNorm.bias 	 Loaded
text_branch.encoder.layer.1.attention.self.query.weight 	 Loaded
text_branch.encoder.layer.1.attention.self.query.bias 	 Loaded
text_branch.encoder.layer.1.attention.self.key.weight 	 Loaded
text_branch.encoder.layer.1.attention.self.key.bias 	 Loaded
text_branch.encoder.layer.1.attention.self.value.weight 	 Loaded
text_branch.encoder.layer.1.attention.self.value.bias 	 Loaded
text_branch.encoder.layer.1.attention.output.dense.weight 	 Loaded
text_branch.encoder.layer.1.attention.output.dense.bias 	 Loaded
text_branch.encoder.layer.1.attention.output.LayerNorm.weight 	 Loaded
text_branch.encoder.layer.1.attention.output.LayerNorm.bias 	 Loaded
text_branch.encoder.layer.1.intermediate.dense.weight 	 Loaded
text_branch.encoder.layer.1.intermediate.dense.bias 	 Loaded
text_branch.encoder.layer.1.output.dense.weight 	 Loaded
text_branch.encoder.layer.1.output.dense.bias 	 Loaded
text_branch.encoder.layer.1.output.LayerNorm.weight 	 Loaded
text_branch.encoder.layer.1.output.LayerNorm.bias 	 Loaded
text_branch.encoder.layer.2.attention.self.query.weight 	 Loaded
text_branch.encoder.layer.2.attention.self.query.bias 	 Loaded
text_branch.encoder.layer.2.attention.self.key.weight 	 Loaded
text_branch.encoder.layer.2.attention.self.key.bias 	 Loaded
text_branch.encoder.layer.2.attention.self.value.weight 	 Loaded
text_branch.encoder.layer.2.attention.self.value.bias 	 Loaded
text_branch.encoder.layer.2.attention.output.dense.weight 	 Loaded
text_branch.encoder.layer.2.attention.output.dense.bias 	 Loaded
text_branch.encoder.layer.2.attention.output.LayerNorm.weight 	 Loaded
text_branch.encoder.layer.2.attention.output.LayerNorm.bias 	 Loaded
text_branch.encoder.layer.2.intermediate.dense.weight 	 Loaded
text_branch.encoder.layer.2.intermediate.dense.bias 	 Loaded
text_branch.encoder.layer.2.output.dense.weight 	 Loaded
text_branch.encoder.layer.2.output.dense.bias 	 Loaded
text_branch.encoder.layer.2.output.LayerNorm.weight 	 Loaded
text_branch.encoder.layer.2.output.LayerNorm.bias 	 Loaded
text_branch.encoder.layer.3.attention.self.query.weight 	 Loaded
text_branch.encoder.layer.3.attention.self.query.bias 	 Loaded
text_branch.encoder.layer.3.attention.self.key.weight 	 Loaded
text_branch.encoder.layer.3.attention.self.key.bias 	 Loaded
text_branch.encoder.layer.3.attention.self.value.weight 	 Loaded
text_branch.encoder.layer.3.attention.self.value.bias 	 Loaded
text_branch.encoder.layer.3.attention.output.dense.weight 	 Loaded
text_branch.encoder.layer.3.attention.output.dense.bias 	 Loaded
text_branch.encoder.layer.3.attention.output.LayerNorm.weight 	 Loaded
text_branch.encoder.layer.3.attention.output.LayerNorm.bias 	 Loaded
text_branch.encoder.layer.3.intermediate.dense.weight 	 Loaded
text_branch.encoder.layer.3.intermediate.dense.bias 	 Loaded
text_branch.encoder.layer.3.output.dense.weight 	 Loaded
text_branch.encoder.layer.3.output.dense.bias 	 Loaded
text_branch.encoder.layer.3.output.LayerNorm.weight 	 Loaded
text_branch.encoder.layer.3.output.LayerNorm.bias 	 Loaded
text_branch.encoder.layer.4.attention.self.query.weight 	 Loaded
text_branch.encoder.layer.4.attention.self.query.bias 	 Loaded
text_branch.encoder.layer.4.attention.self.key.weight 	 Loaded
text_branch.encoder.layer.4.attention.self.key.bias 	 Loaded
text_branch.encoder.layer.4.attention.self.value.weight 	 Loaded
text_branch.encoder.layer.4.attention.self.value.bias 	 Loaded
text_branch.encoder.layer.4.attention.output.dense.weight 	 Loaded
text_branch.encoder.layer.4.attention.output.dense.bias 	 Loaded
text_branch.encoder.layer.4.attention.output.LayerNorm.weight 	 Loaded
text_branch.encoder.layer.4.attention.output.LayerNorm.bias 	 Loaded
text_branch.encoder.layer.4.intermediate.dense.weight 	 Loaded
text_branch.encoder.layer.4.intermediate.dense.bias 	 Loaded
text_branch.encoder.layer.4.output.dense.weight 	 Loaded
text_branch.encoder.layer.4.output.dense.bias 	 Loaded
text_branch.encoder.layer.4.output.LayerNorm.weight 	 Loaded
text_branch.encoder.layer.4.output.LayerNorm.bias 	 Loaded
text_branch.encoder.layer.5.attention.self.query.weight 	 Loaded
text_branch.encoder.layer.5.attention.self.query.bias 	 Loaded
text_branch.encoder.layer.5.attention.self.key.weight 	 Loaded
text_branch.encoder.layer.5.attention.self.key.bias 	 Loaded
text_branch.encoder.layer.5.attention.self.value.weight 	 Loaded
text_branch.encoder.layer.5.attention.self.value.bias 	 Loaded
text_branch.encoder.layer.5.attention.output.dense.weight 	 Loaded
text_branch.encoder.layer.5.attention.output.dense.bias 	 Loaded
text_branch.encoder.layer.5.attention.output.LayerNorm.weight 	 Loaded
text_branch.encoder.layer.5.attention.output.LayerNorm.bias 	 Loaded
text_branch.encoder.layer.5.intermediate.dense.weight 	 Loaded
text_branch.encoder.layer.5.intermediate.dense.bias 	 Loaded
text_branch.encoder.layer.5.output.dense.weight 	 Loaded
text_branch.encoder.layer.5.output.dense.bias 	 Loaded
text_branch.encoder.layer.5.output.LayerNorm.weight 	 Loaded
text_branch.encoder.layer.5.output.LayerNorm.bias 	 Loaded
text_branch.encoder.layer.6.attention.self.query.weight 	 Loaded
text_branch.encoder.layer.6.attention.self.query.bias 	 Loaded
text_branch.encoder.layer.6.attention.self.key.weight 	 Loaded
text_branch.encoder.layer.6.attention.self.key.bias 	 Loaded
text_branch.encoder.layer.6.attention.self.value.weight 	 Loaded
text_branch.encoder.layer.6.attention.self.value.bias 	 Loaded
text_branch.encoder.layer.6.attention.output.dense.weight 	 Loaded
text_branch.encoder.layer.6.attention.output.dense.bias 	 Loaded
text_branch.encoder.layer.6.attention.output.LayerNorm.weight 	 Loaded
text_branch.encoder.layer.6.attention.output.LayerNorm.bias 	 Loaded
text_branch.encoder.layer.6.intermediate.dense.weight 	 Loaded
text_branch.encoder.layer.6.intermediate.dense.bias 	 Loaded
text_branch.encoder.layer.6.output.dense.weight 	 Loaded
text_branch.encoder.layer.6.output.dense.bias 	 Loaded
text_branch.encoder.layer.6.output.LayerNorm.weight 	 Loaded
text_branch.encoder.layer.6.output.LayerNorm.bias 	 Loaded
text_branch.encoder.layer.7.attention.self.query.weight 	 Loaded
text_branch.encoder.layer.7.attention.self.query.bias 	 Loaded
text_branch.encoder.layer.7.attention.self.key.weight 	 Loaded
text_branch.encoder.layer.7.attention.self.key.bias 	 Loaded
text_branch.encoder.layer.7.attention.self.value.weight 	 Loaded
text_branch.encoder.layer.7.attention.self.value.bias 	 Loaded
text_branch.encoder.layer.7.attention.output.dense.weight 	 Loaded
text_branch.encoder.layer.7.attention.output.dense.bias 	 Loaded
text_branch.encoder.layer.7.attention.output.LayerNorm.weight 	 Loaded
text_branch.encoder.layer.7.attention.output.LayerNorm.bias 	 Loaded
text_branch.encoder.layer.7.intermediate.dense.weight 	 Loaded
text_branch.encoder.layer.7.intermediate.dense.bias 	 Loaded
text_branch.encoder.layer.7.output.dense.weight 	 Loaded
text_branch.encoder.layer.7.output.dense.bias 	 Loaded
text_branch.encoder.layer.7.output.LayerNorm.weight 	 Loaded
text_branch.encoder.layer.7.output.LayerNorm.bias 	 Loaded
text_branch.encoder.layer.8.attention.self.query.weight 	 Loaded
text_branch.encoder.layer.8.attention.self.query.bias 	 Loaded
text_branch.encoder.layer.8.attention.self.key.weight 	 Loaded
text_branch.encoder.layer.8.attention.self.key.bias 	 Loaded
text_branch.encoder.layer.8.attention.self.value.weight 	 Loaded
text_branch.encoder.layer.8.attention.self.value.bias 	 Loaded
text_branch.encoder.layer.8.attention.output.dense.weight 	 Loaded
text_branch.encoder.layer.8.attention.output.dense.bias 	 Loaded
text_branch.encoder.layer.8.attention.output.LayerNorm.weight 	 Loaded
text_branch.encoder.layer.8.attention.output.LayerNorm.bias 	 Loaded
text_branch.encoder.layer.8.intermediate.dense.weight 	 Loaded
text_branch.encoder.layer.8.intermediate.dense.bias 	 Loaded
text_branch.encoder.layer.8.output.dense.weight 	 Loaded
text_branch.encoder.layer.8.output.dense.bias 	 Loaded
text_branch.encoder.layer.8.output.LayerNorm.weight 	 Loaded
text_branch.encoder.layer.8.output.LayerNorm.bias 	 Loaded
text_branch.encoder.layer.9.attention.self.query.weight 	 Loaded
text_branch.encoder.layer.9.attention.self.query.bias 	 Loaded
text_branch.encoder.layer.9.attention.self.key.weight 	 Loaded
text_branch.encoder.layer.9.attention.self.key.bias 	 Loaded
text_branch.encoder.layer.9.attention.self.value.weight 	 Loaded
text_branch.encoder.layer.9.attention.self.value.bias 	 Loaded
text_branch.encoder.layer.9.attention.output.dense.weight 	 Loaded
text_branch.encoder.layer.9.attention.output.dense.bias 	 Loaded
text_branch.encoder.layer.9.attention.output.LayerNorm.weight 	 Loaded
text_branch.encoder.layer.9.attention.output.LayerNorm.bias 	 Loaded
text_branch.encoder.layer.9.intermediate.dense.weight 	 Loaded
text_branch.encoder.layer.9.intermediate.dense.bias 	 Loaded
text_branch.encoder.layer.9.output.dense.weight 	 Loaded
text_branch.encoder.layer.9.output.dense.bias 	 Loaded
text_branch.encoder.layer.9.output.LayerNorm.weight 	 Loaded
text_branch.encoder.layer.9.output.LayerNorm.bias 	 Loaded
text_branch.encoder.layer.10.attention.self.query.weight 	 Loaded
text_branch.encoder.layer.10.attention.self.query.bias 	 Loaded
text_branch.encoder.layer.10.attention.self.key.weight 	 Loaded
text_branch.encoder.layer.10.attention.self.key.bias 	 Loaded
text_branch.encoder.layer.10.attention.self.value.weight 	 Loaded
text_branch.encoder.layer.10.attention.self.value.bias 	 Loaded
text_branch.encoder.layer.10.attention.output.dense.weight 	 Loaded
text_branch.encoder.layer.10.attention.output.dense.bias 	 Loaded
text_branch.encoder.layer.10.attention.output.LayerNorm.weight 	 Loaded
text_branch.encoder.layer.10.attention.output.LayerNorm.bias 	 Loaded
text_branch.encoder.layer.10.intermediate.dense.weight 	 Loaded
text_branch.encoder.layer.10.intermediate.dense.bias 	 Loaded
text_branch.encoder.layer.10.output.dense.weight 	 Loaded
text_branch.encoder.layer.10.output.dense.bias 	 Loaded
text_branch.encoder.layer.10.output.LayerNorm.weight 	 Loaded
text_branch.encoder.layer.10.output.LayerNorm.bias 	 Loaded
text_branch.encoder.layer.11.attention.self.query.weight 	 Loaded
text_branch.encoder.layer.11.attention.self.query.bias 	 Loaded
text_branch.encoder.layer.11.attention.self.key.weight 	 Loaded
text_branch.encoder.layer.11.attention.self.key.bias 	 Loaded
text_branch.encoder.layer.11.attention.self.value.weight 	 Loaded
text_branch.encoder.layer.11.attention.self.value.bias 	 Loaded
text_branch.encoder.layer.11.attention.output.dense.weight 	 Loaded
text_branch.encoder.layer.11.attention.output.dense.bias 	 Loaded
text_branch.encoder.layer.11.attention.output.LayerNorm.weight 	 Loaded
text_branch.encoder.layer.11.attention.output.LayerNorm.bias 	 Loaded
text_branch.encoder.layer.11.intermediate.dense.weight 	 Loaded
text_branch.encoder.layer.11.intermediate.dense.bias 	 Loaded
text_branch.encoder.layer.11.output.dense.weight 	 Loaded
text_branch.encoder.layer.11.output.dense.bias 	 Loaded
text_branch.encoder.layer.11.output.LayerNorm.weight 	 Loaded
text_branch.encoder.layer.11.output.LayerNorm.bias 	 Loaded
text_branch.pooler.dense.weight 	 Loaded
text_branch.pooler.dense.bias 	 Loaded
text_transform.sequential.0.weight 	 Loaded
text_transform.sequential.0.bias 	 Loaded
text_transform.sequential.3.weight 	 Loaded
text_transform.sequential.3.bias 	 Loaded
text_projection.0.weight 	 Loaded
text_projection.0.bias 	 Loaded
text_projection.2.weight 	 Loaded
text_projection.2.bias 	 Loaded
audio_transform.sequential.0.weight 	 Loaded
audio_transform.sequential.0.bias 	 Loaded
audio_transform.sequential.3.weight 	 Loaded
audio_transform.sequential.3.bias 	 Loaded
audio_projection.0.weight 	 Loaded
audio_projection.0.bias 	 Loaded
audio_projection.2.weight 	 Loaded
audio_projection.2.bias 	 Loaded
[audio] CLAPEncoder (shared) hidden=256 pretrained=''
EEG Contrastive learning
use CLIP_loss as criterion
[paths] tty=False (progress bar off)
GPU available: True (cuda), used: True
TPU available: False, using: 0 TPU cores
IPU available: False, using: 0 IPUs
HPU available: False, using: 0 HPUs
Auto-discovered checkpoint: ../results/conv_ct_clap_spectra_within/nmed-CL-preprocessing_eegmusic/version_0/checkpoints/best-checkpoint.ckpt
[[[ START ]]] 2026-06-26 11:20:41.492722
[load] checkpoint state_dict matched the model exactly
You are using a CUDA device ('NVIDIA L40S') that has Tensor Cores. To properly utilize them, you should set `torch.set_float32_matmul_precision('medium' | 'high')` which will trade-off precision for performance. For more details, read https://pytorch.org/docs/stable/generated/torch.set_float32_matmul_precision.html#torch.set_float32_matmul_precision
LOCAL_RANK: 0 - CUDA_VISIBLE_DEVICES: [0]

========== TEST RESULTS ==========
Global Accuracy (All data):        0.9350
Global Accuracy (High attention):  0.9369
Per-task acc (All):    [0.9204244017601013, 0.9871794581413269, 1.0, 0.8901098966598511]
Per-task acc (Att):    [0.9145299196243286, 0.9846153855323792, 1.0, 0.9370629191398621]
Pairwise matrix 4x4 (All):
tensor([[   nan, 0.9735, 0.9496, 0.9761],
        [0.9872,    nan, 1.0000, 1.0000],
        [1.0000, 1.0000,    nan, 1.0000],
        [0.8901, 1.0000, 1.0000,    nan]])
Pairwise matrix 4x4 (Att):
tensor([[   nan, 0.9715, 0.9459, 0.9744],
        [0.9846,    nan, 1.0000, 1.0000],
        [1.0000, 1.0000,    nan, 1.0000],
        [0.9371, 1.0000, 1.0000,    nan]])
==================================
== Test breakdown (shuffle_test_mode=none) ==
n_windows total: 800
n_windows high-attention: 650
global accuracy (records, all): 0.9350
global accuracy (records, attn): 0.9369
global margin mean (all): +2.6154
global margin mean (attn): +2.6038
Figures saved to: ../results/conv_ct_clap_spectra_within/nmed-CL-preprocessing_eegmusic/version_1
[[[ FINISH ]]] 2026-06-26 11:22:48.621015

===== [11:22] conv_spectra_ct_raw_lso_song16  (contrastive|raw|spectra|leave_song_out|16)  elapsed 53m =====
  TRAIN (CAP=360m, to convergence)
/home/andrea.giampietro/.conda/envs/eeg_attention/lib/python3.9/site-packages/lightning_fabric/__init__.py:29: UserWarning: pkg_resources is deprecated as an API. See https://setuptools.pypa.io/en/latest/pkg_resources.html. The pkg_resources package is slated for removal as early as 2025-11-30. Refrain from using this package or pin to Setuptools<81.
  __import__("pkg_resources").declare_namespace(__name__)
[paths] host=edu02 host_profile_keys=[] cpu=128 cpu_effective=8
[paths] dataset_dir=../dataset
[paths] log_dir=../results
[paths] workers=7
[rank: 0] Global seed set to 42
no augmentation
[cv] mode=leave_song_out held_out_id=16
Size of train dataset: 3432
Size of valid dataset: 1122
Size of test dataset: 104
[eeg] SpectraEEG (raw 2D-CNN + band-power frequency branch)
[audio] SampleCNN2DEEG (4 independent encoders, Akama baseline)
EEG Contrastive learning
use CLIP_loss as criterion
[paths] tty=False (progress bar off, epoch summaries instead)
GPU available: True (cuda), used: True
TPU available: False, using: 0 TPU cores
IPU available: False, using: 0 IPUs
HPU available: False, using: 0 HPUs
[[[ START ]]] 2026-06-26 11:23:15.289862
You are using a CUDA device ('NVIDIA L40S') that has Tensor Cores. To properly utilize them, you should set `torch.set_float32_matmul_precision('medium' | 'high')` which will trade-off precision for performance. For more details, read https://pytorch.org/docs/stable/generated/torch.set_float32_matmul_precision.html#torch.set_float32_matmul_precision
Missing logger folder: ../results/conv_spectra_ct_raw_lso_song16/nmed-CL-preprocessing_eegmusic
LOCAL_RANK: 0 - CUDA_VISIBLE_DEVICES: [0]

  | Name           | Type           | Params
--------------------------------------------------
0 | encoder_raw_e  | SpectraEEG     | 153 K 
1 | encoder_vocal  | SampleCNN2DEEG | 116 K 
2 | encoder_drum   | SampleCNN2DEEG | 116 K 
3 | encoder_bass   | SampleCNN2DEEG | 116 K 
4 | encoder_others | SampleCNN2DEEG | 116 K 
5 | criterion      | CLIP_Loss      | 0     
--------------------------------------------------
617 K     Trainable params
0         Non-trainable params
617 K     Total params
2.472     Total estimated model params size (MB)
SLURM auto-requeueing enabled. Setting signal handlers.
[epoch    0] train_loss=n/a val_loss=3.5609
2026-06-26 11:23:17,221 - dataloader_debug - INFO - --- Valid Epoch 0 Summary ---
  Total samples: 16
  High attention samples: 16
  Task distribution: [16, 0, 0, 0]
  Global Accuracy (All): 0.0000
  Global Accuracy (Att): 0.0000
----------------------------------------
[epoch    0] train_loss=1.6276 val_loss=3.0308
2026-06-26 11:29:07,538 - dataloader_debug - INFO - --- Valid Epoch 0 Summary ---
  Total samples: 1120
  High attention samples: 858
  Task distribution: [649, 165, 119, 187]
  Global Accuracy (All): 0.3375
  Global Accuracy (Att): 0.3287
----------------------------------------
Metric Valid/loss improved. New best score: 3.031
2026-06-26 11:29:07,896 - dataloader_debug - INFO - --- Train Epoch 0 Summary ---
  Total samples: 3432
  High attention samples: 2475
  Batches w/o high attention: 0
  Task distribution: [1628, 616, 737, 451]
  Batches skipping tasks: [2, 93, 64, 145]
---------------------------------------
[epoch    1] train_loss=1.8050 val_loss=3.4678
2026-06-26 11:34:58,071 - dataloader_debug - INFO - --- Valid Epoch 1 Summary ---
  Total samples: 1120
  High attention samples: 858
  Task distribution: [649, 165, 119, 187]
  Global Accuracy (All): 0.2054
  Global Accuracy (Att): 0.1515
----------------------------------------
2026-06-26 11:34:58,087 - dataloader_debug - INFO - --- Train Epoch 1 Summary ---
  Total samples: 3432
  High attention samples: 2475
  Batches w/o high attention: 0
  Task distribution: [1628, 616, 737, 451]
  Batches skipping tasks: [1, 84, 60, 130]
---------------------------------------
[epoch    2] train_loss=1.7777 val_loss=3.1346
2026-06-26 11:40:48,742 - dataloader_debug - INFO - --- Valid Epoch 2 Summary ---
  Total samples: 1120
  High attention samples: 858
  Task distribution: [649, 165, 119, 187]
  Global Accuracy (All): 0.2938
  Global Accuracy (Att): 0.2890
----------------------------------------
2026-06-26 11:40:48,803 - dataloader_debug - INFO - --- Train Epoch 2 Summary ---
  Total samples: 3432
  High attention samples: 2475
  Batches w/o high attention: 0
  Task distribution: [1628, 616, 737, 451]
  Batches skipping tasks: [4, 89, 60, 131]
---------------------------------------
[epoch    3] train_loss=1.4279 val_loss=3.1498
2026-06-26 11:46:38,825 - dataloader_debug - INFO - --- Valid Epoch 3 Summary ---
  Total samples: 1120
  High attention samples: 858
  Task distribution: [649, 165, 119, 187]
  Global Accuracy (All): 0.3473
  Global Accuracy (Att): 0.3275
----------------------------------------
2026-06-26 11:46:38,898 - dataloader_debug - INFO - --- Train Epoch 3 Summary ---
  Total samples: 3432
  High attention samples: 2475
  Batches w/o high attention: 0
  Task distribution: [1628, 616, 737, 451]
  Batches skipping tasks: [5, 94, 69, 142]
---------------------------------------
[epoch    4] train_loss=1.4281 val_loss=3.2102
2026-06-26 11:52:29,403 - dataloader_debug - INFO - --- Valid Epoch 4 Summary ---
  Total samples: 1120
  High attention samples: 858
  Task distribution: [649, 165, 119, 187]
  Global Accuracy (All): 0.2911
  Global Accuracy (Att): 0.3007
----------------------------------------
2026-06-26 11:52:29,455 - dataloader_debug - INFO - --- Train Epoch 4 Summary ---
  Total samples: 3432
  High attention samples: 2475
  Batches w/o high attention: 0
  Task distribution: [1628, 616, 737, 451]
  Batches skipping tasks: [3, 90, 58, 134]
---------------------------------------
[epoch    5] train_loss=2.0585 val_loss=2.7447
2026-06-26 11:58:20,124 - dataloader_debug - INFO - --- Valid Epoch 5 Summary ---
  Total samples: 1120
  High attention samples: 858
  Task distribution: [649, 165, 119, 187]
  Global Accuracy (All): 0.5339
  Global Accuracy (Att): 0.5338
----------------------------------------
Metric Valid/loss improved by 0.286 >= min_delta = 0.0. New best score: 2.745
2026-06-26 11:58:20,222 - dataloader_debug - INFO - --- Train Epoch 5 Summary ---
  Total samples: 3432
  High attention samples: 2475
  Batches w/o high attention: 0
  Task distribution: [1628, 616, 737, 451]
  Batches skipping tasks: [3, 86, 67, 137]
---------------------------------------
[epoch    6] train_loss=1.1705 val_loss=2.6600
2026-06-26 12:04:10,287 - dataloader_debug - INFO - --- Valid Epoch 6 Summary ---
  Total samples: 1120
  High attention samples: 858
  Task distribution: [649, 165, 119, 187]
  Global Accuracy (All): 0.5821
  Global Accuracy (Att): 0.6865
----------------------------------------
Metric Valid/loss improved by 0.085 >= min_delta = 0.0. New best score: 2.660
2026-06-26 12:04:10,384 - dataloader_debug - INFO - --- Train Epoch 6 Summary ---
  Total samples: 3432
  High attention samples: 2475
  Batches w/o high attention: 0
  Task distribution: [1628, 616, 737, 451]
  Batches skipping tasks: [3, 80, 59, 133]
---------------------------------------
[epoch    7] train_loss=1.9701 val_loss=2.7096
2026-06-26 12:10:00,826 - dataloader_debug - INFO - --- Valid Epoch 7 Summary ---
  Total samples: 1120
  High attention samples: 858
  Task distribution: [649, 165, 119, 187]
  Global Accuracy (All): 0.5286
  Global Accuracy (Att): 0.6061
----------------------------------------
2026-06-26 12:10:00,848 - dataloader_debug - INFO - --- Train Epoch 7 Summary ---
  Total samples: 3432
  High attention samples: 2475
  Batches w/o high attention: 0
  Task distribution: [1628, 616, 737, 451]
  Batches skipping tasks: [1, 106, 59, 134]
---------------------------------------
[epoch    8] train_loss=1.5948 val_loss=3.4591
2026-06-26 12:15:50,677 - dataloader_debug - INFO - --- Valid Epoch 8 Summary ---
  Total samples: 1120
  High attention samples: 858
  Task distribution: [649, 165, 119, 187]
  Global Accuracy (All): 0.2036
  Global Accuracy (Att): 0.1841
----------------------------------------
2026-06-26 12:15:50,693 - dataloader_debug - INFO - --- Train Epoch 8 Summary ---
  Total samples: 3432
  High attention samples: 2475
  Batches w/o high attention: 0
  Task distribution: [1628, 616, 737, 451]
  Batches skipping tasks: [1, 100, 74, 143]
---------------------------------------
[epoch    9] train_loss=1.4610 val_loss=2.8307
2026-06-26 12:21:40,972 - dataloader_debug - INFO - --- Valid Epoch 9 Summary ---
  Total samples: 1120
  High attention samples: 858
  Task distribution: [649, 165, 119, 187]
  Global Accuracy (All): 0.5545
  Global Accuracy (Att): 0.6305
----------------------------------------
2026-06-26 12:21:41,029 - dataloader_debug - INFO - --- Train Epoch 9 Summary ---
  Total samples: 3432
  High attention samples: 2475
  Batches w/o high attention: 0
  Task distribution: [1628, 616, 737, 451]
  Batches skipping tasks: [5, 93, 60, 136]
---------------------------------------
[epoch   10] train_loss=1.1852 val_loss=2.7659
2026-06-26 12:27:31,332 - dataloader_debug - INFO - --- Valid Epoch 10 Summary ---
  Total samples: 1120
  High attention samples: 858
  Task distribution: [649, 165, 119, 187]
  Global Accuracy (All): 0.6116
  Global Accuracy (Att): 0.6107
----------------------------------------
2026-06-26 12:27:31,345 - dataloader_debug - INFO - --- Train Epoch 10 Summary ---
  Total samples: 3432
  High attention samples: 2475
  Batches w/o high attention: 0
  Task distribution: [1628, 616, 737, 451]
  Batches skipping tasks: [0, 96, 76, 127]
---------------------------------------
[epoch   11] train_loss=1.9311 val_loss=2.7815
2026-06-26 12:33:21,457 - dataloader_debug - INFO - --- Valid Epoch 11 Summary ---
  Total samples: 1120
  High attention samples: 858
  Task distribution: [649, 165, 119, 187]
  Global Accuracy (All): 0.5973
  Global Accuracy (Att): 0.6422
----------------------------------------
2026-06-26 12:33:21,497 - dataloader_debug - INFO - --- Train Epoch 11 Summary ---
  Total samples: 3432
  High attention samples: 2475
  Batches w/o high attention: 0
  Task distribution: [1628, 616, 737, 451]
  Batches skipping tasks: [5, 93, 62, 147]
---------------------------------------
[epoch   12] train_loss=0.6777 val_loss=2.7295
2026-06-26 12:39:12,229 - dataloader_debug - INFO - --- Valid Epoch 12 Summary ---
  Total samples: 1120
  High attention samples: 858
  Task distribution: [649, 165, 119, 187]
  Global Accuracy (All): 0.6241
  Global Accuracy (Att): 0.6655
----------------------------------------
2026-06-26 12:39:12,310 - dataloader_debug - INFO - --- Train Epoch 12 Summary ---
  Total samples: 3432
  High attention samples: 2475
  Batches w/o high attention: 0
  Task distribution: [1628, 616, 737, 451]
  Batches skipping tasks: [0, 82, 59, 147]
---------------------------------------
[epoch   13] train_loss=1.2223 val_loss=2.9165
2026-06-26 12:45:02,918 - dataloader_debug - INFO - --- Valid Epoch 13 Summary ---
  Total samples: 1120
  High attention samples: 858
  Task distribution: [649, 165, 119, 187]
  Global Accuracy (All): 0.4562
  Global Accuracy (Att): 0.5012
----------------------------------------
2026-06-26 12:45:02,932 - dataloader_debug - INFO - --- Train Epoch 13 Summary ---
  Total samples: 3432
  High attention samples: 2475
  Batches w/o high attention: 0
  Task distribution: [1628, 616, 737, 451]
  Batches skipping tasks: [6, 84, 60, 138]
---------------------------------------
[epoch   14] train_loss=1.5308 val_loss=3.0410
2026-06-26 12:50:52,759 - dataloader_debug - INFO - --- Valid Epoch 14 Summary ---
  Total samples: 1120
  High attention samples: 858
  Task distribution: [649, 165, 119, 187]
  Global Accuracy (All): 0.4473
  Global Accuracy (Att): 0.4301
----------------------------------------
2026-06-26 12:50:52,777 - dataloader_debug - INFO - --- Train Epoch 14 Summary ---
  Total samples: 3432
  High attention samples: 2475
  Batches w/o high attention: 0
  Task distribution: [1628, 616, 737, 451]
  Batches skipping tasks: [0, 90, 61, 136]
---------------------------------------
[epoch   15] train_loss=1.2409 val_loss=3.4620
2026-06-26 12:56:42,736 - dataloader_debug - INFO - --- Valid Epoch 15 Summary ---
  Total samples: 1120
  High attention samples: 858
  Task distribution: [649, 165, 119, 187]
  Global Accuracy (All): 0.3375
  Global Accuracy (Att): 0.2611
----------------------------------------
2026-06-26 12:56:42,746 - dataloader_debug - INFO - --- Train Epoch 15 Summary ---
  Total samples: 3432
  High attention samples: 2475
  Batches w/o high attention: 0
  Task distribution: [1628, 616, 737, 451]
  Batches skipping tasks: [3, 100, 67, 140]
---------------------------------------
[epoch   16] train_loss=1.0735 val_loss=3.0166
2026-06-26 13:02:32,383 - dataloader_debug - INFO - --- Valid Epoch 16 Summary ---
  Total samples: 1120
  High attention samples: 858
  Task distribution: [649, 165, 119, 187]
  Global Accuracy (All): 0.4304
  Global Accuracy (Att): 0.4149
----------------------------------------
Monitored metric Valid/loss did not improve in the last 10 records. Best score: 2.660. Signaling Trainer to stop.
2026-06-26 13:02:32,397 - dataloader_debug - INFO - --- Train Epoch 16 Summary ---
  Total samples: 3432
  High attention samples: 2475
  Batches w/o high attention: 0
  Task distribution: [1628, 616, 737, 451]
  Batches skipping tasks: [3, 95, 65, 140]
---------------------------------------
Trainer was signaled to stop but the required `min_epochs=50` or `min_steps=None` has not been met. Training will continue...
[epoch   17] train_loss=0.8010 val_loss=2.9682
2026-06-26 13:08:22,324 - dataloader_debug - INFO - --- Valid Epoch 17 Summary ---
  Total samples: 1120
  High attention samples: 858
  Task distribution: [649, 165, 119, 187]
  Global Accuracy (All): 0.5554
  Global Accuracy (Att): 0.5501
----------------------------------------
Monitored metric Valid/loss did not improve in the last 11 records. Best score: 2.660. Signaling Trainer to stop.
2026-06-26 13:08:22,346 - dataloader_debug - INFO - --- Train Epoch 17 Summary ---
  Total samples: 3432
  High attention samples: 2475
  Batches w/o high attention: 0
  Task distribution: [1628, 616, 737, 451]
  Batches skipping tasks: [0, 95, 68, 131]
---------------------------------------
[epoch   18] train_loss=0.9885 val_loss=2.8015
2026-06-26 13:14:12,874 - dataloader_debug - INFO - --- Valid Epoch 18 Summary ---
  Total samples: 1120
  High attention samples: 858
  Task distribution: [649, 165, 119, 187]
  Global Accuracy (All): 0.6045
  Global Accuracy (Att): 0.5723
----------------------------------------
Monitored metric Valid/loss did not improve in the last 12 records. Best score: 2.660. Signaling Trainer to stop.
2026-06-26 13:14:12,887 - dataloader_debug - INFO - --- Train Epoch 18 Summary ---
  Total samples: 3432
  High attention samples: 2475
  Batches w/o high attention: 0
  Task distribution: [1628, 616, 737, 451]
  Batches skipping tasks: [1, 80, 67, 132]
---------------------------------------
[epoch   19] train_loss=1.1257 val_loss=2.6531
2026-06-26 13:20:03,875 - dataloader_debug - INFO - --- Valid Epoch 19 Summary ---
  Total samples: 1120
  High attention samples: 858
  Task distribution: [649, 165, 119, 187]
  Global Accuracy (All): 0.5938
  Global Accuracy (Att): 0.6305
----------------------------------------
Metric Valid/loss improved by 0.007 >= min_delta = 0.0. New best score: 2.653
2026-06-26 13:20:03,986 - dataloader_debug - INFO - --- Train Epoch 19 Summary ---
  Total samples: 3432
  High attention samples: 2475
  Batches w/o high attention: 0
  Task distribution: [1628, 616, 737, 451]
  Batches skipping tasks: [2, 91, 65, 140]
---------------------------------------
[epoch   20] train_loss=0.8773 val_loss=2.9171
2026-06-26 13:25:54,172 - dataloader_debug - INFO - --- Valid Epoch 20 Summary ---
  Total samples: 1120
  High attention samples: 858
  Task distribution: [649, 165, 119, 187]
  Global Accuracy (All): 0.4866
  Global Accuracy (Att): 0.4580
----------------------------------------
2026-06-26 13:25:54,189 - dataloader_debug - INFO - --- Train Epoch 20 Summary ---
  Total samples: 3432
  High attention samples: 2475
  Batches w/o high attention: 0
  Task distribution: [1628, 616, 737, 451]
  Batches skipping tasks: [4, 85, 55, 132]
---------------------------------------
[epoch   21] train_loss=0.7461 val_loss=2.6299
2026-06-26 13:31:45,251 - dataloader_debug - INFO - --- Valid Epoch 21 Summary ---
  Total samples: 1120
  High attention samples: 858
  Task distribution: [649, 165, 119, 187]
  Global Accuracy (All): 0.6393
  Global Accuracy (Att): 0.6084
----------------------------------------
Metric Valid/loss improved by 0.023 >= min_delta = 0.0. New best score: 2.630
2026-06-26 13:31:45,353 - dataloader_debug - INFO - --- Train Epoch 21 Summary ---
  Total samples: 3432
  High attention samples: 2475
  Batches w/o high attention: 0
  Task distribution: [1628, 616, 737, 451]
  Batches skipping tasks: [4, 83, 58, 138]
---------------------------------------
[epoch   22] train_loss=0.9292 val_loss=3.3807
2026-06-26 13:37:35,632 - dataloader_debug - INFO - --- Valid Epoch 22 Summary ---
  Total samples: 1120
  High attention samples: 858
  Task distribution: [649, 165, 119, 187]
  Global Accuracy (All): 0.3750
  Global Accuracy (Att): 0.3007
----------------------------------------
2026-06-26 13:37:35,645 - dataloader_debug - INFO - --- Train Epoch 22 Summary ---
  Total samples: 3432
  High attention samples: 2475
  Batches w/o high attention: 0
  Task distribution: [1628, 616, 737, 451]
  Batches skipping tasks: [4, 88, 58, 149]
---------------------------------------
[epoch   23] train_loss=1.0515 val_loss=2.5897
2026-06-26 13:43:26,688 - dataloader_debug - INFO - --- Valid Epoch 23 Summary ---
  Total samples: 1120
  High attention samples: 858
  Task distribution: [649, 165, 119, 187]
  Global Accuracy (All): 0.6768
  Global Accuracy (Att): 0.7145
----------------------------------------
Metric Valid/loss improved by 0.040 >= min_delta = 0.0. New best score: 2.590
2026-06-26 13:43:27,092 - dataloader_debug - INFO - --- Train Epoch 23 Summary ---
  Total samples: 3432
  High attention samples: 2475
  Batches w/o high attention: 0
  Task distribution: [1628, 616, 737, 451]
  Batches skipping tasks: [5, 100, 59, 152]
---------------------------------------
[epoch   24] train_loss=0.9270 val_loss=2.4770
2026-06-26 13:49:17,787 - dataloader_debug - INFO - --- Valid Epoch 24 Summary ---
  Total samples: 1120
  High attention samples: 858
  Task distribution: [649, 165, 119, 187]
  Global Accuracy (All): 0.7321
  Global Accuracy (Att): 0.7483
----------------------------------------
Metric Valid/loss improved by 0.113 >= min_delta = 0.0. New best score: 2.477
2026-06-26 13:49:17,867 - dataloader_debug - INFO - --- Train Epoch 24 Summary ---
  Total samples: 3432
  High attention samples: 2475
  Batches w/o high attention: 0
  Task distribution: [1628, 616, 737, 451]
  Batches skipping tasks: [3, 89, 56, 138]
---------------------------------------
[epoch   25] train_loss=1.1247 val_loss=2.8730
2026-06-26 13:55:07,970 - dataloader_debug - INFO - --- Valid Epoch 25 Summary ---
  Total samples: 1120
  High attention samples: 858
  Task distribution: [649, 165, 119, 187]
  Global Accuracy (All): 0.6438
  Global Accuracy (Att): 0.5688
----------------------------------------
2026-06-26 13:55:07,984 - dataloader_debug - INFO - --- Train Epoch 25 Summary ---
  Total samples: 3432
  High attention samples: 2475
  Batches w/o high attention: 0
  Task distribution: [1628, 616, 737, 451]
  Batches skipping tasks: [2, 88, 59, 145]
---------------------------------------
[epoch   26] train_loss=1.0695 val_loss=3.0737
2026-06-26 14:00:58,210 - dataloader_debug - INFO - --- Valid Epoch 26 Summary ---
  Total samples: 1120
  High attention samples: 858
  Task distribution: [649, 165, 119, 187]
  Global Accuracy (All): 0.4670
  Global Accuracy (Att): 0.4242
----------------------------------------
2026-06-26 14:00:58,223 - dataloader_debug - INFO - --- Train Epoch 26 Summary ---
  Total samples: 3432
  High attention samples: 2475
  Batches w/o high attention: 0
  Task distribution: [1628, 616, 737, 451]
  Batches skipping tasks: [3, 80, 61, 140]
---------------------------------------
[epoch   27] train_loss=0.8304 val_loss=2.7415
2026-06-26 14:06:49,113 - dataloader_debug - INFO - --- Valid Epoch 27 Summary ---
  Total samples: 1120
  High attention samples: 858
  Task distribution: [649, 165, 119, 187]
  Global Accuracy (All): 0.4554
  Global Accuracy (Att): 0.4872
----------------------------------------
2026-06-26 14:06:49,129 - dataloader_debug - INFO - --- Train Epoch 27 Summary ---
  Total samples: 3432
  High attention samples: 2475
  Batches w/o high attention: 0
  Task distribution: [1628, 616, 737, 451]
  Batches skipping tasks: [1, 99, 68, 118]
---------------------------------------
[epoch   28] train_loss=0.8751 val_loss=2.4266
2026-06-26 14:12:39,649 - dataloader_debug - INFO - --- Valid Epoch 28 Summary ---
  Total samples: 1120
  High attention samples: 858
  Task distribution: [649, 165, 119, 187]
  Global Accuracy (All): 0.7786
  Global Accuracy (Att): 0.7797
----------------------------------------
Metric Valid/loss improved by 0.050 >= min_delta = 0.0. New best score: 2.427
2026-06-26 14:12:39,740 - dataloader_debug - INFO - --- Train Epoch 28 Summary ---
  Total samples: 3432
  High attention samples: 2475
  Batches w/o high attention: 0
  Task distribution: [1628, 616, 737, 451]
  Batches skipping tasks: [0, 82, 62, 138]
---------------------------------------
[epoch   29] train_loss=0.9550 val_loss=2.8185
2026-06-26 14:18:29,375 - dataloader_debug - INFO - --- Valid Epoch 29 Summary ---
  Total samples: 1120
  High attention samples: 858
  Task distribution: [649, 165, 119, 187]
  Global Accuracy (All): 0.5938
  Global Accuracy (Att): 0.5361
----------------------------------------
2026-06-26 14:18:29,387 - dataloader_debug - INFO - --- Train Epoch 29 Summary ---
  Total samples: 3432
  High attention samples: 2475
  Batches w/o high attention: 0
  Task distribution: [1628, 616, 737, 451]
  Batches skipping tasks: [2, 96, 71, 130]
---------------------------------------
[epoch   30] train_loss=0.9334 val_loss=2.8429
2026-06-26 14:24:18,633 - dataloader_debug - INFO - --- Valid Epoch 30 Summary ---
  Total samples: 1120
  High attention samples: 858
  Task distribution: [649, 165, 119, 187]
  Global Accuracy (All): 0.5839
  Global Accuracy (Att): 0.5501
----------------------------------------
2026-06-26 14:24:18,645 - dataloader_debug - INFO - --- Train Epoch 30 Summary ---
  Total samples: 3432
  High attention samples: 2475
  Batches w/o high attention: 0
  Task distribution: [1628, 616, 737, 451]
  Batches skipping tasks: [1, 81, 59, 137]
---------------------------------------
[epoch   31] train_loss=1.5859 val_loss=3.1354
2026-06-26 14:30:09,284 - dataloader_debug - INFO - --- Valid Epoch 31 Summary ---
  Total samples: 1120
  High attention samples: 858
  Task distribution: [649, 165, 119, 187]
  Global Accuracy (All): 0.5223
  Global Accuracy (Att): 0.4650
----------------------------------------
2026-06-26 14:30:09,298 - dataloader_debug - INFO - --- Train Epoch 31 Summary ---
  Total samples: 3432
  High attention samples: 2475
  Batches w/o high attention: 0
  Task distribution: [1628, 616, 737, 451]
  Batches skipping tasks: [2, 83, 64, 139]
---------------------------------------
[epoch   32] train_loss=1.0502 val_loss=2.5168
2026-06-26 14:36:00,078 - dataloader_debug - INFO - --- Valid Epoch 32 Summary ---
  Total samples: 1120
  High attention samples: 858
  Task distribution: [649, 165, 119, 187]
  Global Accuracy (All): 0.7009
  Global Accuracy (Att): 0.6713
----------------------------------------
2026-06-26 14:36:00,092 - dataloader_debug - INFO - --- Train Epoch 32 Summary ---
  Total samples: 3432
  High attention samples: 2475
  Batches w/o high attention: 0
  Task distribution: [1628, 616, 737, 451]
  Batches skipping tasks: [3, 82, 72, 139]
---------------------------------------
[epoch   33] train_loss=0.6339 val_loss=2.6723
2026-06-26 14:41:50,873 - dataloader_debug - INFO - --- Valid Epoch 33 Summary ---
  Total samples: 1120
  High attention samples: 858
  Task distribution: [649, 165, 119, 187]
  Global Accuracy (All): 0.6687
  Global Accuracy (Att): 0.6632
----------------------------------------
2026-06-26 14:41:50,885 - dataloader_debug - INFO - --- Train Epoch 33 Summary ---
  Total samples: 3432
  High attention samples: 2475
  Batches w/o high attention: 0
  Task distribution: [1628, 616, 737, 451]
  Batches skipping tasks: [4, 94, 72, 130]
---------------------------------------
[epoch   34] train_loss=0.7453 val_loss=3.1768
2026-06-26 14:47:41,768 - dataloader_debug - INFO - --- Valid Epoch 34 Summary ---
  Total samples: 1120
  High attention samples: 858
  Task distribution: [649, 165, 119, 187]
  Global Accuracy (All): 0.4330
  Global Accuracy (Att): 0.4347
----------------------------------------
2026-06-26 14:47:41,782 - dataloader_debug - INFO - --- Train Epoch 34 Summary ---
  Total samples: 3432
  High attention samples: 2475
  Batches w/o high attention: 0
  Task distribution: [1628, 616, 737, 451]
  Batches skipping tasks: [3, 88, 49, 134]
---------------------------------------
[epoch   35] train_loss=1.1558 val_loss=2.7161
2026-06-26 14:53:32,240 - dataloader_debug - INFO - --- Valid Epoch 35 Summary ---
  Total samples: 1120
  High attention samples: 858
  Task distribution: [649, 165, 119, 187]
  Global Accuracy (All): 0.5125
  Global Accuracy (Att): 0.5326
----------------------------------------
2026-06-26 14:53:32,254 - dataloader_debug - INFO - --- Train Epoch 35 Summary ---
  Total samples: 3432
  High attention samples: 2475
  Batches w/o high attention: 0
  Task distribution: [1628, 616, 737, 451]
  Batches skipping tasks: [4, 81, 65, 127]
---------------------------------------
[epoch   36] train_loss=0.8711 val_loss=2.7213
2026-06-26 14:59:23,327 - dataloader_debug - INFO - --- Valid Epoch 36 Summary ---
  Total samples: 1120
  High attention samples: 858
  Task distribution: [649, 165, 119, 187]
  Global Accuracy (All): 0.6518
  Global Accuracy (Att): 0.6177
----------------------------------------
2026-06-26 14:59:23,340 - dataloader_debug - INFO - --- Train Epoch 36 Summary ---
  Total samples: 3432
  High attention samples: 2475
  Batches w/o high attention: 0
  Task distribution: [1628, 616, 737, 451]
  Batches skipping tasks: [4, 71, 62, 139]
---------------------------------------
[epoch   37] train_loss=1.3582 val_loss=2.8473
2026-06-26 15:05:14,028 - dataloader_debug - INFO - --- Valid Epoch 37 Summary ---
  Total samples: 1120
  High attention samples: 858
  Task distribution: [649, 165, 119, 187]
  Global Accuracy (All): 0.5402
  Global Accuracy (Att): 0.5326
----------------------------------------
2026-06-26 15:05:14,090 - dataloader_debug - INFO - --- Train Epoch 37 Summary ---
  Total samples: 3432
  High attention samples: 2475
  Batches w/o high attention: 0
  Task distribution: [1628, 616, 737, 451]
  Batches skipping tasks: [2, 89, 61, 142]
---------------------------------------
[epoch   38] train_loss=1.3536 val_loss=2.9465
2026-06-26 15:11:05,002 - dataloader_debug - INFO - --- Valid Epoch 38 Summary ---
  Total samples: 1120
  High attention samples: 858
  Task distribution: [649, 165, 119, 187]
  Global Accuracy (All): 0.4955
  Global Accuracy (Att): 0.4441
----------------------------------------
Monitored metric Valid/loss did not improve in the last 10 records. Best score: 2.427. Signaling Trainer to stop.
2026-06-26 15:11:05,013 - dataloader_debug - INFO - --- Train Epoch 38 Summary ---
  Total samples: 3432
  High attention samples: 2475
  Batches w/o high attention: 0
  Task distribution: [1628, 616, 737, 451]
  Batches skipping tasks: [1, 90, 64, 135]
---------------------------------------
[epoch   39] train_loss=0.7740 val_loss=2.5277
2026-06-26 15:16:55,696 - dataloader_debug - INFO - --- Valid Epoch 39 Summary ---
  Total samples: 1120
  High attention samples: 858
  Task distribution: [649, 165, 119, 187]
  Global Accuracy (All): 0.7205
  Global Accuracy (Att): 0.7051
----------------------------------------
Monitored metric Valid/loss did not improve in the last 11 records. Best score: 2.427. Signaling Trainer to stop.
2026-06-26 15:16:55,713 - dataloader_debug - INFO - --- Train Epoch 39 Summary ---
  Total samples: 3432
  High attention samples: 2475
  Batches w/o high attention: 0
  Task distribution: [1628, 616, 737, 451]
  Batches skipping tasks: [2, 90, 63, 142]
---------------------------------------
[epoch   40] train_loss=0.8434 val_loss=2.7813
2026-06-26 15:22:44,647 - dataloader_debug - INFO - --- Valid Epoch 40 Summary ---
  Total samples: 1120
  High attention samples: 858
  Task distribution: [649, 165, 119, 187]
  Global Accuracy (All): 0.5857
  Global Accuracy (Att): 0.5443
----------------------------------------
Monitored metric Valid/loss did not improve in the last 12 records. Best score: 2.427. Signaling Trainer to stop.
2026-06-26 15:22:44,666 - dataloader_debug - INFO - --- Train Epoch 40 Summary ---
  Total samples: 3432
  High attention samples: 2475
  Batches w/o high attention: 0
  Task distribution: [1628, 616, 737, 451]
  Batches skipping tasks: [2, 84, 58, 145]
---------------------------------------
[epoch   41] train_loss=0.8695 val_loss=2.4801
2026-06-26 15:28:36,266 - dataloader_debug - INFO - --- Valid Epoch 41 Summary ---
  Total samples: 1120
  High attention samples: 858
  Task distribution: [649, 165, 119, 187]
  Global Accuracy (All): 0.7589
  Global Accuracy (Att): 0.7599
----------------------------------------
Monitored metric Valid/loss did not improve in the last 13 records. Best score: 2.427. Signaling Trainer to stop.
2026-06-26 15:28:36,281 - dataloader_debug - INFO - --- Train Epoch 41 Summary ---
  Total samples: 3432
  High attention samples: 2475
  Batches w/o high attention: 0
  Task distribution: [1628, 616, 737, 451]
  Batches skipping tasks: [1, 84, 64, 135]
---------------------------------------
[epoch   42] train_loss=1.4641 val_loss=2.3565
2026-06-26 15:34:26,899 - dataloader_debug - INFO - --- Valid Epoch 42 Summary ---
  Total samples: 1120
  High attention samples: 858
  Task distribution: [649, 165, 119, 187]
  Global Accuracy (All): 0.6839
  Global Accuracy (Att): 0.7226
----------------------------------------
Metric Valid/loss improved by 0.070 >= min_delta = 0.0. New best score: 2.356
2026-06-26 15:34:27,040 - dataloader_debug - INFO - --- Train Epoch 42 Summary ---
  Total samples: 3432
  High attention samples: 2475
  Batches w/o high attention: 0
  Task distribution: [1628, 616, 737, 451]
  Batches skipping tasks: [1, 96, 65, 133]
---------------------------------------
[epoch   43] train_loss=1.1150 val_loss=2.8786
2026-06-26 15:40:17,693 - dataloader_debug - INFO - --- Valid Epoch 43 Summary ---
  Total samples: 1120
  High attention samples: 858
  Task distribution: [649, 165, 119, 187]
  Global Accuracy (All): 0.4813
  Global Accuracy (Att): 0.4592
----------------------------------------
2026-06-26 15:40:17,708 - dataloader_debug - INFO - --- Train Epoch 43 Summary ---
  Total samples: 3432
  High attention samples: 2475
  Batches w/o high attention: 0
  Task distribution: [1628, 616, 737, 451]
  Batches skipping tasks: [3, 81, 68, 140]
---------------------------------------
[epoch   44] train_loss=1.1218 val_loss=2.5650
2026-06-26 15:46:08,573 - dataloader_debug - INFO - --- Valid Epoch 44 Summary ---
  Total samples: 1120
  High attention samples: 858
  Task distribution: [649, 165, 119, 187]
  Global Accuracy (All): 0.6929
  Global Accuracy (Att): 0.6760
----------------------------------------
2026-06-26 15:46:08,584 - dataloader_debug - INFO - --- Train Epoch 44 Summary ---
  Total samples: 3432
  High attention samples: 2475
  Batches w/o high attention: 0
  Task distribution: [1628, 616, 737, 451]
  Batches skipping tasks: [1, 86, 59, 139]
---------------------------------------
[epoch   45] train_loss=0.9771 val_loss=2.3770
2026-06-26 15:51:59,569 - dataloader_debug - INFO - --- Valid Epoch 45 Summary ---
  Total samples: 1120
  High attention samples: 858
  Task distribution: [649, 165, 119, 187]
  Global Accuracy (All): 0.7911
  Global Accuracy (Att): 0.7751
----------------------------------------
2026-06-26 15:51:59,586 - dataloader_debug - INFO - --- Train Epoch 45 Summary ---
  Total samples: 3432
  High attention samples: 2475
  Batches w/o high attention: 0
  Task distribution: [1628, 616, 737, 451]
  Batches skipping tasks: [3, 81, 63, 137]
---------------------------------------
[epoch   46] train_loss=0.8057 val_loss=2.6619
2026-06-26 15:57:50,832 - dataloader_debug - INFO - --- Valid Epoch 46 Summary ---
  Total samples: 1120
  High attention samples: 858
  Task distribution: [649, 165, 119, 187]
  Global Accuracy (All): 0.5982
  Global Accuracy (Att): 0.6084
----------------------------------------
2026-06-26 15:57:50,845 - dataloader_debug - INFO - --- Train Epoch 46 Summary ---
  Total samples: 3432
  High attention samples: 2475
  Batches w/o high attention: 0
  Task distribution: [1628, 616, 737, 451]
  Batches skipping tasks: [3, 94, 69, 140]
---------------------------------------
[epoch   47] train_loss=0.8582 val_loss=2.4531
2026-06-26 16:03:42,323 - dataloader_debug - INFO - --- Valid Epoch 47 Summary ---
  Total samples: 1120
  High attention samples: 858
  Task distribution: [649, 165, 119, 187]
  Global Accuracy (All): 0.7071
  Global Accuracy (Att): 0.6853
----------------------------------------
2026-06-26 16:03:42,335 - dataloader_debug - INFO - --- Train Epoch 47 Summary ---
  Total samples: 3432
  High attention samples: 2475
  Batches w/o high attention: 0
  Task distribution: [1628, 616, 737, 451]
  Batches skipping tasks: [5, 78, 59, 152]
---------------------------------------
[epoch   48] train_loss=1.0586 val_loss=2.9324
2026-06-26 16:09:33,047 - dataloader_debug - INFO - --- Valid Epoch 48 Summary ---
  Total samples: 1120
  High attention samples: 858
  Task distribution: [649, 165, 119, 187]
  Global Accuracy (All): 0.5161
  Global Accuracy (Att): 0.4429
----------------------------------------
2026-06-26 16:09:33,062 - dataloader_debug - INFO - --- Train Epoch 48 Summary ---
  Total samples: 3432
  High attention samples: 2475
  Batches w/o high attention: 0
  Task distribution: [1628, 616, 737, 451]
  Batches skipping tasks: [1, 81, 66, 137]
---------------------------------------
[epoch   49] train_loss=0.6574 val_loss=2.2794
2026-06-26 16:15:24,038 - dataloader_debug - INFO - --- Valid Epoch 49 Summary ---
  Total samples: 1120
  High attention samples: 858
  Task distribution: [649, 165, 119, 187]
  Global Accuracy (All): 0.8054
  Global Accuracy (Att): 0.8159
----------------------------------------
Metric Valid/loss improved by 0.077 >= min_delta = 0.0. New best score: 2.279
2026-06-26 16:15:24,141 - dataloader_debug - INFO - --- Train Epoch 49 Summary ---
  Total samples: 3432
  High attention samples: 2475
  Batches w/o high attention: 0
  Task distribution: [1628, 616, 737, 451]
  Batches skipping tasks: [2, 88, 58, 135]
---------------------------------------
[[[ FINISH ]]] 2026-06-26 16:15:24.478643
  TEST
/home/andrea.giampietro/.conda/envs/eeg_attention/lib/python3.9/site-packages/lightning_fabric/__init__.py:29: UserWarning: pkg_resources is deprecated as an API. See https://setuptools.pypa.io/en/latest/pkg_resources.html. The pkg_resources package is slated for removal as early as 2025-11-30. Refrain from using this package or pin to Setuptools<81.
  __import__("pkg_resources").declare_namespace(__name__)
[paths] host=edu02 host_profile_keys=[] cpu=128 cpu_effective=8
[paths] dataset_dir=../dataset
[paths] log_dir=../results
[paths] workers=7
[rank: 0] Global seed set to 42
no augmentation
[cv] mode=leave_song_out held_out_id=16
Size of train dataset: 3432
Size of valid dataset: 1122
Size of test dataset: 104
[eeg] SpectraEEG (raw 2D-CNN + band-power frequency branch)
[audio] SampleCNN2DEEG (4 independent encoders, Akama baseline)
EEG Contrastive learning
use CLIP_loss as criterion
[paths] tty=False (progress bar off)
GPU available: True (cuda), used: True
TPU available: False, using: 0 TPU cores
IPU available: False, using: 0 IPUs
HPU available: False, using: 0 HPUs
Auto-discovered checkpoint: ../results/conv_spectra_ct_raw_lso_song16/nmed-CL-preprocessing_eegmusic/version_0/checkpoints/best-checkpoint.ckpt
[[[ START ]]] 2026-06-26 16:15:57.986344
[load] checkpoint state_dict matched the model exactly
You are using a CUDA device ('NVIDIA L40S') that has Tensor Cores. To properly utilize them, you should set `torch.set_float32_matmul_precision('medium' | 'high')` which will trade-off precision for performance. For more details, read https://pytorch.org/docs/stable/generated/torch.set_float32_matmul_precision.html#torch.set_float32_matmul_precision
LOCAL_RANK: 0 - CUDA_VISIBLE_DEVICES: [0]
all_lists is empty
all_lists is empty
all_lists is empty

========== TEST RESULTS ==========
Global Accuracy (All data):        0.0000
Global Accuracy (High attention):  0.0000
Per-task acc (All):    [nan, nan, nan, 0.0]
Per-task acc (Att):    [nan, nan, nan, 0.0]
Pairwise matrix 4x4 (All):
tensor([[   nan,    nan,    nan,    nan],
        [   nan,    nan,    nan,    nan],
        [   nan,    nan,    nan,    nan],
        [0.0000, 0.0000, 0.0192,    nan]])
Pairwise matrix 4x4 (Att):
tensor([[   nan,    nan,    nan,    nan],
        [   nan,    nan,    nan,    nan],
        [   nan,    nan,    nan,    nan],
        [0.0000, 0.0000, 0.0192,    nan]])
==================================
== Test breakdown (shuffle_test_mode=none) ==
n_windows total: 104
n_windows high-attention: 52
global accuracy (records, all): 0.0000
global accuracy (records, attn): 0.0000
global margin mean (all): -2.4246
global margin mean (attn): -2.5169
Figures saved to: ../results/conv_spectra_ct_raw_lso_song16/nmed-CL-preprocessing_eegmusic/version_1
[[[ FINISH ]]] 2026-06-26 16:16:05.736541

===== [16:16] conv_spectra_ct_raw_lso_song44  (contrastive|raw|spectra|leave_song_out|44)  elapsed 347m =====
  TRAIN (CAP=360m, to convergence)
/home/andrea.giampietro/.conda/envs/eeg_attention/lib/python3.9/site-packages/lightning_fabric/__init__.py:29: UserWarning: pkg_resources is deprecated as an API. See https://setuptools.pypa.io/en/latest/pkg_resources.html. The pkg_resources package is slated for removal as early as 2025-11-30. Refrain from using this package or pin to Setuptools<81.
  __import__("pkg_resources").declare_namespace(__name__)
[paths] host=edu02 host_profile_keys=[] cpu=128 cpu_effective=8
[paths] dataset_dir=../dataset
[paths] log_dir=../results
[paths] workers=7
[rank: 0] Global seed set to 42
no augmentation
[cv] mode=leave_song_out held_out_id=44
Size of train dataset: 3421
Size of valid dataset: 1122
Size of test dataset: 104
[eeg] SpectraEEG (raw 2D-CNN + band-power frequency branch)
[audio] SampleCNN2DEEG (4 independent encoders, Akama baseline)
EEG Contrastive learning
use CLIP_loss as criterion
[paths] tty=False (progress bar off, epoch summaries instead)
GPU available: True (cuda), used: True
TPU available: False, using: 0 TPU cores
IPU available: False, using: 0 IPUs
HPU available: False, using: 0 HPUs
[[[ START ]]] 2026-06-26 16:16:32.148588
You are using a CUDA device ('NVIDIA L40S') that has Tensor Cores. To properly utilize them, you should set `torch.set_float32_matmul_precision('medium' | 'high')` which will trade-off precision for performance. For more details, read https://pytorch.org/docs/stable/generated/torch.set_float32_matmul_precision.html#torch.set_float32_matmul_precision
Missing logger folder: ../results/conv_spectra_ct_raw_lso_song44/nmed-CL-preprocessing_eegmusic
LOCAL_RANK: 0 - CUDA_VISIBLE_DEVICES: [0]

  | Name           | Type           | Params
--------------------------------------------------
0 | encoder_raw_e  | SpectraEEG     | 153 K 
1 | encoder_vocal  | SampleCNN2DEEG | 116 K 
2 | encoder_drum   | SampleCNN2DEEG | 116 K 
3 | encoder_bass   | SampleCNN2DEEG | 116 K 
4 | encoder_others | SampleCNN2DEEG | 116 K 
5 | criterion      | CLIP_Loss      | 0     
--------------------------------------------------
617 K     Trainable params
0         Non-trainable params
617 K     Total params
2.472     Total estimated model params size (MB)
SLURM auto-requeueing enabled. Setting signal handlers.
[epoch    0] train_loss=n/a val_loss=3.5609
2026-06-26 16:16:34,005 - dataloader_debug - INFO - --- Valid Epoch 0 Summary ---
  Total samples: 16
  High attention samples: 16
  Task distribution: [16, 0, 0, 0]
  Global Accuracy (All): 0.0000
  Global Accuracy (Att): 0.0000
----------------------------------------
[epoch    0] train_loss=1.8880 val_loss=3.0363
2026-06-26 16:22:22,146 - dataloader_debug - INFO - --- Valid Epoch 0 Summary ---
  Total samples: 1120
  High attention samples: 858
  Task distribution: [649, 165, 97, 209]
  Global Accuracy (All): 0.3714
  Global Accuracy (Att): 0.3485
----------------------------------------
Metric Valid/loss improved. New best score: 3.036
2026-06-26 16:22:22,443 - dataloader_debug - INFO - --- Train Epoch 0 Summary ---
  Total samples: 3416
  High attention samples: 2483
  Batches w/o high attention: 0
  Task distribution: [1626, 615, 703, 472]
  Batches skipping tasks: [1, 97, 82, 138]
---------------------------------------
[epoch    1] train_loss=1.3182 val_loss=2.8516
2026-06-26 16:28:11,279 - dataloader_debug - INFO - --- Valid Epoch 1 Summary ---
  Total samples: 1120
  High attention samples: 858
  Task distribution: [649, 165, 97, 209]
  Global Accuracy (All): 0.5929
  Global Accuracy (Att): 0.6783
----------------------------------------
Metric Valid/loss improved by 0.185 >= min_delta = 0.0. New best score: 2.852
2026-06-26 16:28:11,348 - dataloader_debug - INFO - --- Train Epoch 1 Summary ---
  Total samples: 3416
  High attention samples: 2481
  Batches w/o high attention: 0
  Task distribution: [1626, 614, 704, 472]
  Batches skipping tasks: [1, 89, 69, 121]
---------------------------------------
[epoch    2] train_loss=1.9787 val_loss=3.0747
2026-06-26 16:33:59,821 - dataloader_debug - INFO - --- Valid Epoch 2 Summary ---
  Total samples: 1120
  High attention samples: 858
  Task distribution: [649, 165, 97, 209]
  Global Accuracy (All): 0.3786
  Global Accuracy (Att): 0.3648
----------------------------------------
2026-06-26 16:33:59,853 - dataloader_debug - INFO - --- Train Epoch 2 Summary ---
  Total samples: 3416
  High attention samples: 2484
  Batches w/o high attention: 0
  Task distribution: [1627, 615, 702, 472]
  Batches skipping tasks: [5, 88, 67, 142]
---------------------------------------
[epoch    3] train_loss=1.1603 val_loss=3.0966
2026-06-26 16:39:48,133 - dataloader_debug - INFO - --- Valid Epoch 3 Summary ---
  Total samples: 1120
  High attention samples: 858
  Task distribution: [649, 165, 97, 209]
  Global Accuracy (All): 0.4304
  Global Accuracy (Att): 0.3834
----------------------------------------
2026-06-26 16:39:48,180 - dataloader_debug - INFO - --- Train Epoch 3 Summary ---
  Total samples: 3416
  High attention samples: 2482
  Batches w/o high attention: 0
  Task distribution: [1624, 616, 703, 473]
  Batches skipping tasks: [4, 90, 63, 120]
---------------------------------------
[epoch    4] train_loss=1.8281 val_loss=2.7853
2026-06-26 16:45:36,865 - dataloader_debug - INFO - --- Valid Epoch 4 Summary ---
  Total samples: 1120
  High attention samples: 858
  Task distribution: [649, 165, 97, 209]
  Global Accuracy (All): 0.5839
  Global Accuracy (Att): 0.6900
----------------------------------------
Metric Valid/loss improved by 0.066 >= min_delta = 0.0. New best score: 2.785
2026-06-26 16:45:36,981 - dataloader_debug - INFO - --- Train Epoch 4 Summary ---
  Total samples: 3416
  High attention samples: 2483
  Batches w/o high attention: 0
  Task distribution: [1625, 616, 702, 473]
  Batches skipping tasks: [0, 87, 69, 134]
---------------------------------------
[epoch    5] train_loss=1.1653 val_loss=2.9293
2026-06-26 16:51:25,355 - dataloader_debug - INFO - --- Valid Epoch 5 Summary ---
  Total samples: 1120
  High attention samples: 858
  Task distribution: [649, 165, 97, 209]
  Global Accuracy (All): 0.5473
  Global Accuracy (Att): 0.6340
----------------------------------------
2026-06-26 16:51:25,370 - dataloader_debug - INFO - --- Train Epoch 5 Summary ---
  Total samples: 3416
  High attention samples: 2483
  Batches w/o high attention: 0
  Task distribution: [1627, 613, 703, 473]
  Batches skipping tasks: [2, 84, 68, 127]
---------------------------------------
[epoch    6] train_loss=0.9253 val_loss=3.0725
2026-06-26 16:57:13,969 - dataloader_debug - INFO - --- Valid Epoch 6 Summary ---
  Total samples: 1120
  High attention samples: 858
  Task distribution: [649, 165, 97, 209]
  Global Accuracy (All): 0.4089
  Global Accuracy (Att): 0.4441
----------------------------------------
2026-06-26 16:57:13,985 - dataloader_debug - INFO - --- Train Epoch 6 Summary ---
  Total samples: 3416
  High attention samples: 2483
  Batches w/o high attention: 0
  Task distribution: [1626, 614, 704, 472]
  Batches skipping tasks: [6, 87, 70, 138]
---------------------------------------
[epoch    7] train_loss=1.7290 val_loss=2.9885
2026-06-26 17:03:02,963 - dataloader_debug - INFO - --- Valid Epoch 7 Summary ---
  Total samples: 1120
  High attention samples: 858
  Task distribution: [649, 165, 97, 209]
  Global Accuracy (All): 0.4446
  Global Accuracy (Att): 0.4289
----------------------------------------
2026-06-26 17:03:02,978 - dataloader_debug - INFO - --- Train Epoch 7 Summary ---
  Total samples: 3416
  High attention samples: 2482
  Batches w/o high attention: 0
  Task distribution: [1625, 614, 704, 473]
  Batches skipping tasks: [1, 88, 66, 135]
---------------------------------------
[epoch    8] train_loss=1.1631 val_loss=2.8216
2026-06-26 17:08:51,667 - dataloader_debug - INFO - --- Valid Epoch 8 Summary ---
  Total samples: 1120
  High attention samples: 858
  Task distribution: [649, 165, 97, 209]
  Global Accuracy (All): 0.5518
  Global Accuracy (Att): 0.5420
----------------------------------------
2026-06-26 17:08:51,683 - dataloader_debug - INFO - --- Train Epoch 8 Summary ---
  Total samples: 3416
  High attention samples: 2484
  Batches w/o high attention: 0
  Task distribution: [1626, 616, 703, 471]
  Batches skipping tasks: [2, 83, 67, 127]
---------------------------------------
[epoch    9] train_loss=1.0175 val_loss=2.7771
2026-06-26 17:14:40,169 - dataloader_debug - INFO - --- Valid Epoch 9 Summary ---
  Total samples: 1120
  High attention samples: 858
  Task distribution: [649, 165, 97, 209]
  Global Accuracy (All): 0.5884
  Global Accuracy (Att): 0.6189
----------------------------------------
Metric Valid/loss improved by 0.008 >= min_delta = 0.0. New best score: 2.777
2026-06-26 17:14:40,269 - dataloader_debug - INFO - --- Train Epoch 9 Summary ---
  Total samples: 3416
  High attention samples: 2481
  Batches w/o high attention: 0
  Task distribution: [1624, 615, 704, 473]
  Batches skipping tasks: [3, 87, 75, 132]
---------------------------------------
[epoch   10] train_loss=1.1115 val_loss=2.8958
2026-06-26 17:20:28,374 - dataloader_debug - INFO - --- Valid Epoch 10 Summary ---
  Total samples: 1120
  High attention samples: 858
  Task distribution: [649, 165, 97, 209]
  Global Accuracy (All): 0.5304
  Global Accuracy (Att): 0.5128
----------------------------------------
2026-06-26 17:20:28,388 - dataloader_debug - INFO - --- Train Epoch 10 Summary ---
  Total samples: 3416
  High attention samples: 2483
  Batches w/o high attention: 0
  Task distribution: [1626, 616, 702, 472]
  Batches skipping tasks: [1, 93, 69, 128]
---------------------------------------
[epoch   11] train_loss=0.8625 val_loss=2.8869
2026-06-26 17:26:16,693 - dataloader_debug - INFO - --- Valid Epoch 11 Summary ---
  Total samples: 1120
  High attention samples: 858
  Task distribution: [649, 165, 97, 209]
  Global Accuracy (All): 0.5964
  Global Accuracy (Att): 0.7040
----------------------------------------
2026-06-26 17:26:16,720 - dataloader_debug - INFO - --- Train Epoch 11 Summary ---
  Total samples: 3416
  High attention samples: 2482
  Batches w/o high attention: 0
  Task distribution: [1625, 616, 702, 473]
  Batches skipping tasks: [1, 83, 67, 130]
---------------------------------------
[epoch   12] train_loss=1.4626 val_loss=3.8685
2026-06-26 17:32:05,831 - dataloader_debug - INFO - --- Valid Epoch 12 Summary ---
  Total samples: 1120
  High attention samples: 858
  Task distribution: [649, 165, 97, 209]
  Global Accuracy (All): 0.2357
  Global Accuracy (Att): 0.1830
----------------------------------------
2026-06-26 17:32:05,855 - dataloader_debug - INFO - --- Train Epoch 12 Summary ---
  Total samples: 3416
  High attention samples: 2481
  Batches w/o high attention: 0
  Task distribution: [1624, 616, 703, 473]
  Batches skipping tasks: [3, 88, 68, 125]
---------------------------------------
