nohup: ignoring input
[env] Wed Jun 17 09:51:41 AM CEST 2026 python=/home/andrea.giampietro/.conda/envs/eeg_attention/bin/python env=eeg_attention
[env] torch=2.2.2+cu121 cuda=True dev=NVIDIA L40S
[paths] results = /home/andrea.giampietro/EEG-Attention-decoding-with-CLAP/results

===== [09:51] clf_audio_raw_lso_song2  (elapsed 0m) =====
  TRAIN
/home/andrea.giampietro/.conda/envs/eeg_attention/lib/python3.9/site-packages/lightning_fabric/__init__.py:29: UserWarning: pkg_resources is deprecated as an API. See https://setuptools.pypa.io/en/latest/pkg_resources.html. The pkg_resources package is slated for removal as early as 2025-11-30. Refrain from using this package or pin to Setuptools<81.
  __import__("pkg_resources").declare_namespace(__name__)
[paths] host=edu02 host_profile_keys=[] cpu=128 cpu_effective=8
[paths] dataset_dir=../dataset
[paths] log_dir=../results
[paths] workers=7
[rank: 0] Global seed set to 42
no augmentation
[cv] mode=leave_song_out held_out_id=2
Size of train dataset: 3388
Size of valid dataset: 1122
Size of test dataset: 104
[audio] SampleCNN2DEEG (4 independent encoders, Akama baseline)
Supervised classification (objective=classify_audio, modality=audio)
[paths] tty=False (progress bar off, epoch summaries instead)
GPU available: True (cuda), used: True
TPU available: False, using: 0 TPU cores
IPU available: False, using: 0 IPUs
HPU available: False, using: 0 HPUs
[[[ START ]]] 2026-06-17 09:52:49.963722
You are using a CUDA device ('NVIDIA L40S') that has Tensor Cores. To properly utilize them, you should set `torch.set_float32_matmul_precision('medium' | 'high')` which will trade-off precision for performance. For more details, read https://pytorch.org/docs/stable/generated/torch.set_float32_matmul_precision.html#torch.set_float32_matmul_precision
Missing logger folder: ../results/clf_audio_raw_lso_song2/nmed-CL-preprocessing_eegmusic
LOCAL_RANK: 0 - CUDA_VISIBLE_DEVICES: [0]

  | Name           | Type             | Params
----------------------------------------------------
0 | encoder_vocal  | SampleCNN2DEEG   | 116 K 
1 | encoder_drum   | SampleCNN2DEEG   | 116 K 
2 | encoder_bass   | SampleCNN2DEEG   | 116 K 
3 | encoder_others | SampleCNN2DEEG   | 116 K 
4 | classifier     | Linear           | 1.6 K 
5 | criterion      | CrossEntropyLoss | 0     
----------------------------------------------------
466 K     Trainable params
0         Non-trainable params
466 K     Total params
1.864     Total estimated model params size (MB)
SLURM auto-requeueing enabled. Setting signal handlers.
[epoch    0] train_loss=n/a val_loss=1.3789
2026-06-17 09:52:52,740 - dataloader_debug - INFO - --- Valid Epoch 0: acc=0.0000 n=16 (chance=0.25) ---
[epoch    0] train_loss=0.5593 val_loss=1.0561
2026-06-17 09:58:28,582 - dataloader_debug - INFO - --- Valid Epoch 0: acc=0.5563 n=1120 (chance=0.25) ---
Metric Valid/loss improved. New best score: 1.056
[epoch    1] train_loss=0.3282 val_loss=2.7574
2026-06-17 10:04:04,471 - dataloader_debug - INFO - --- Valid Epoch 1: acc=0.2804 n=1120 (chance=0.25) ---
[epoch    2] train_loss=0.2303 val_loss=0.9206
2026-06-17 10:09:40,687 - dataloader_debug - INFO - --- Valid Epoch 2: acc=0.7125 n=1120 (chance=0.25) ---
Metric Valid/loss improved by 0.135 >= min_delta = 0.0. New best score: 0.921
[epoch    3] train_loss=0.2308 val_loss=0.8980
2026-06-17 10:15:16,669 - dataloader_debug - INFO - --- Valid Epoch 3: acc=0.7089 n=1120 (chance=0.25) ---
Metric Valid/loss improved by 0.023 >= min_delta = 0.0. New best score: 0.898
[epoch    4] train_loss=0.3846 val_loss=1.4666
2026-06-17 10:20:52,936 - dataloader_debug - INFO - --- Valid Epoch 4: acc=0.5589 n=1120 (chance=0.25) ---
[epoch    5] train_loss=0.1622 val_loss=1.4096
2026-06-17 10:26:29,346 - dataloader_debug - INFO - --- Valid Epoch 5: acc=0.6411 n=1120 (chance=0.25) ---
[epoch    6] train_loss=0.3220 val_loss=1.2017
2026-06-17 10:32:05,437 - dataloader_debug - INFO - --- Valid Epoch 6: acc=0.6348 n=1120 (chance=0.25) ---
[epoch    7] train_loss=0.0698 val_loss=0.3838
2026-06-17 10:37:41,513 - dataloader_debug - INFO - --- Valid Epoch 7: acc=0.8607 n=1120 (chance=0.25) ---
Metric Valid/loss improved by 0.514 >= min_delta = 0.0. New best score: 0.384
[epoch    8] train_loss=0.5904 val_loss=1.5256
2026-06-17 10:43:17,997 - dataloader_debug - INFO - --- Valid Epoch 8: acc=0.6205 n=1120 (chance=0.25) ---
[epoch    9] train_loss=0.0747 val_loss=0.6927
2026-06-17 10:48:54,334 - dataloader_debug - INFO - --- Valid Epoch 9: acc=0.8179 n=1120 (chance=0.25) ---
[epoch   10] train_loss=0.1600 val_loss=1.5803
2026-06-17 10:54:30,481 - dataloader_debug - INFO - --- Valid Epoch 10: acc=0.6304 n=1120 (chance=0.25) ---
[epoch   11] train_loss=0.0920 val_loss=0.9152
2026-06-17 11:00:06,602 - dataloader_debug - INFO - --- Valid Epoch 11: acc=0.7402 n=1120 (chance=0.25) ---
bypassing sigterm
Traceback (most recent call last):
  File "/home/andrea.giampietro/EEG-Attention-decoding-with-CLAP/src/main.py", line 398, in <module>
    trainer.fit(module, train_dataloaders=train_loader, val_dataloaders=valid_loader)
  File "/home/andrea.giampietro/.conda/envs/eeg_attention/lib/python3.9/site-packages/pytorch_lightning/trainer/trainer.py", line 608, in fit
    call._call_and_handle_interrupt(
  File "/home/andrea.giampietro/.conda/envs/eeg_attention/lib/python3.9/site-packages/pytorch_lightning/trainer/call.py", line 38, in _call_and_handle_interrupt
    return trainer_fn(*args, **kwargs)
  File "/home/andrea.giampietro/.conda/envs/eeg_attention/lib/python3.9/site-packages/pytorch_lightning/trainer/trainer.py", line 650, in _fit_impl
    self._run(model, ckpt_path=self.ckpt_path)
  File "/home/andrea.giampietro/.conda/envs/eeg_attention/lib/python3.9/site-packages/pytorch_lightning/trainer/trainer.py", line 1112, in _run
    results = self._run_stage()
  File "/home/andrea.giampietro/.conda/envs/eeg_attention/lib/python3.9/site-packages/pytorch_lightning/trainer/trainer.py", line 1191, in _run_stage
    self._run_train()
  File "/home/andrea.giampietro/.conda/envs/eeg_attention/lib/python3.9/site-packages/pytorch_lightning/trainer/trainer.py", line 1214, in _run_train
    self.fit_loop.run()
  File "/home/andrea.giampietro/.conda/envs/eeg_attention/lib/python3.9/site-packages/pytorch_lightning/loops/loop.py", line 199, in run
    self.advance(*args, **kwargs)
  File "/home/andrea.giampietro/.conda/envs/eeg_attention/lib/python3.9/site-packages/pytorch_lightning/loops/fit_loop.py", line 267, in advance
    self._outputs = self.epoch_loop.run(self._data_fetcher)
  File "/home/andrea.giampietro/.conda/envs/eeg_attention/lib/python3.9/site-packages/pytorch_lightning/loops/loop.py", line 199, in run
    self.advance(*args, **kwargs)
  File "/home/andrea.giampietro/.conda/envs/eeg_attention/lib/python3.9/site-packages/pytorch_lightning/loops/epoch/training_epoch_loop.py", line 231, in advance
    self.trainer._logger_connector.on_batch_end()
  File "/home/andrea.giampietro/.conda/envs/eeg_attention/lib/python3.9/site-packages/pytorch_lightning/trainer/connectors/logger_connector/logger_connector.py", line 200, in on_batch_end
    metrics = self.metrics
  File "/home/andrea.giampietro/.conda/envs/eeg_attention/lib/python3.9/site-packages/pytorch_lightning/trainer/connectors/logger_connector/logger_connector.py", line 237, in metrics
    return self.trainer._results.metrics(on_step)
  File "/home/andrea.giampietro/.conda/envs/eeg_attention/lib/python3.9/site-packages/pytorch_lightning/trainer/connectors/logger_connector/result.py", line 616, in metrics
    metrics["pbar"][forked_name] = convert_tensors_to_scalars(value)
  File "/home/andrea.giampietro/.conda/envs/eeg_attention/lib/python3.9/site-packages/lightning_fabric/utilities/apply_func.py", line 126, in convert_tensors_to_scalars
    return apply_to_collection(data, Tensor, to_item)
  File "/home/andrea.giampietro/.conda/envs/eeg_attention/lib/python3.9/site-packages/lightning_utilities/core/apply_func.py", line 66, in apply_to_collection
    return function(data, *args, **kwargs)
  File "/home/andrea.giampietro/.conda/envs/eeg_attention/lib/python3.9/site-packages/lightning_fabric/utilities/apply_func.py", line 124, in to_item
    return value.item()
  File "/home/andrea.giampietro/.conda/envs/eeg_attention/lib/python3.9/site-packages/torch/utils/data/_utils/signal_handling.py", line 66, in handler
    _error_if_any_worker_fails()
RuntimeError: DataLoader worker (pid 1940759) is killed by signal: Terminated. 
  TEST
/home/andrea.giampietro/.conda/envs/eeg_attention/lib/python3.9/site-packages/lightning_fabric/__init__.py:29: UserWarning: pkg_resources is deprecated as an API. See https://setuptools.pypa.io/en/latest/pkg_resources.html. The pkg_resources package is slated for removal as early as 2025-11-30. Refrain from using this package or pin to Setuptools<81.
  __import__("pkg_resources").declare_namespace(__name__)
[paths] host=edu02 host_profile_keys=[] cpu=128 cpu_effective=8
[paths] dataset_dir=../dataset
[paths] log_dir=../results
[paths] workers=7
[rank: 0] Global seed set to 42
no augmentation
[cv] mode=leave_song_out held_out_id=2
Size of train dataset: 3388
Size of valid dataset: 1122
Size of test dataset: 104
[audio] SampleCNN2DEEG (4 independent encoders, Akama baseline)
Supervised classification (objective=classify_audio, modality=audio)
[paths] tty=False (progress bar off)
GPU available: True (cuda), used: True
TPU available: False, using: 0 TPU cores
IPU available: False, using: 0 IPUs
HPU available: False, using: 0 HPUs
Auto-discovered checkpoint: ../results/clf_audio_raw_lso_song2/nmed-CL-preprocessing_eegmusic/version_0/checkpoints/best-checkpoint.ckpt
[[[ START ]]] 2026-06-17 11:02:26.826845
[load] checkpoint state_dict matched the model exactly
You are using a CUDA device ('NVIDIA L40S') that has Tensor Cores. To properly utilize them, you should set `torch.set_float32_matmul_precision('medium' | 'high')` which will trade-off precision for performance. For more details, read https://pytorch.org/docs/stable/generated/torch.set_float32_matmul_precision.html#torch.set_float32_matmul_precision
LOCAL_RANK: 0 - CUDA_VISIBLE_DEVICES: [0]

===== SUPERVISED TEST RESULTS =====
objective: classify_audio  |  chance = 0.25
Global accuracy (all data):        0.4615
Global accuracy (high attention):  0.4615
Per-class accuracy (all):          [0.4615, nan, nan, nan]
NOTE: classify_audio is a negative control — expected ~chance; above-chance accuracy quantifies song->label leakage, not performance.
===================================
== Supervised test (objective=classify_audio) ==
chance: 0.2500
n_windows total: 104
n_windows high-attention: 104
global accuracy (records, all): 0.4615
global accuracy (records, attn): 0.4615
Figures saved to: ../results/clf_audio_raw_lso_song2/nmed-CL-preprocessing_eegmusic/version_1
[[[ FINISH ]]] 2026-06-17 11:02:32.564020

===== [11:02] clf_audio_raw_lso_song7  (elapsed 70m) =====
  TRAIN
/home/andrea.giampietro/.conda/envs/eeg_attention/lib/python3.9/site-packages/lightning_fabric/__init__.py:29: UserWarning: pkg_resources is deprecated as an API. See https://setuptools.pypa.io/en/latest/pkg_resources.html. The pkg_resources package is slated for removal as early as 2025-11-30. Refrain from using this package or pin to Setuptools<81.
  __import__("pkg_resources").declare_namespace(__name__)
[paths] host=edu02 host_profile_keys=[] cpu=128 cpu_effective=8
[paths] dataset_dir=../dataset
[paths] log_dir=../results
[paths] workers=7
[rank: 0] Global seed set to 42
no augmentation
[cv] mode=leave_song_out held_out_id=7
Size of train dataset: 3366
Size of valid dataset: 1144
Size of test dataset: 104
[audio] SampleCNN2DEEG (4 independent encoders, Akama baseline)
Supervised classification (objective=classify_audio, modality=audio)
[paths] tty=False (progress bar off, epoch summaries instead)
GPU available: True (cuda), used: True
TPU available: False, using: 0 TPU cores
IPU available: False, using: 0 IPUs
HPU available: False, using: 0 HPUs
[[[ START ]]] 2026-06-17 11:02:58.437427
You are using a CUDA device ('NVIDIA L40S') that has Tensor Cores. To properly utilize them, you should set `torch.set_float32_matmul_precision('medium' | 'high')` which will trade-off precision for performance. For more details, read https://pytorch.org/docs/stable/generated/torch.set_float32_matmul_precision.html#torch.set_float32_matmul_precision
Missing logger folder: ../results/clf_audio_raw_lso_song7/nmed-CL-preprocessing_eegmusic
LOCAL_RANK: 0 - CUDA_VISIBLE_DEVICES: [0]

  | Name           | Type             | Params
----------------------------------------------------
0 | encoder_vocal  | SampleCNN2DEEG   | 116 K 
1 | encoder_drum   | SampleCNN2DEEG   | 116 K 
2 | encoder_bass   | SampleCNN2DEEG   | 116 K 
3 | encoder_others | SampleCNN2DEEG   | 116 K 
4 | classifier     | Linear           | 1.6 K 
5 | criterion      | CrossEntropyLoss | 0     
----------------------------------------------------
466 K     Trainable params
0         Non-trainable params
466 K     Total params
1.864     Total estimated model params size (MB)
SLURM auto-requeueing enabled. Setting signal handlers.
[epoch    0] train_loss=n/a val_loss=1.3789
2026-06-17 11:03:00,346 - dataloader_debug - INFO - --- Valid Epoch 0: acc=0.0000 n=16 (chance=0.25) ---
[epoch    0] train_loss=0.8874 val_loss=0.9517
2026-06-17 11:08:34,699 - dataloader_debug - INFO - --- Valid Epoch 0: acc=0.6005 n=1144 (chance=0.25) ---
Metric Valid/loss improved. New best score: 0.952
[epoch    1] train_loss=0.3853 val_loss=1.4782
2026-06-17 11:14:09,256 - dataloader_debug - INFO - --- Valid Epoch 1: acc=0.5061 n=1144 (chance=0.25) ---
[epoch    2] train_loss=0.5051 val_loss=17.2380
2026-06-17 11:19:44,267 - dataloader_debug - INFO - --- Valid Epoch 2: acc=0.1460 n=1144 (chance=0.25) ---
[epoch    3] train_loss=0.2182 val_loss=2.8174
2026-06-17 11:25:18,886 - dataloader_debug - INFO - --- Valid Epoch 3: acc=0.6040 n=1144 (chance=0.25) ---
[epoch    4] train_loss=0.3305 val_loss=0.5283
2026-06-17 11:30:53,386 - dataloader_debug - INFO - --- Valid Epoch 4: acc=0.8698 n=1144 (chance=0.25) ---
Metric Valid/loss improved by 0.423 >= min_delta = 0.0. New best score: 0.528
[epoch    5] train_loss=0.4974 val_loss=0.7059
2026-06-17 11:36:28,134 - dataloader_debug - INFO - --- Valid Epoch 5: acc=0.8016 n=1144 (chance=0.25) ---
[epoch    6] train_loss=0.0935 val_loss=0.3993
2026-06-17 11:42:02,867 - dataloader_debug - INFO - --- Valid Epoch 6: acc=0.8453 n=1144 (chance=0.25) ---
Metric Valid/loss improved by 0.129 >= min_delta = 0.0. New best score: 0.399
[epoch    7] train_loss=0.3440 val_loss=0.8793
2026-06-17 11:47:37,618 - dataloader_debug - INFO - --- Valid Epoch 7: acc=0.6888 n=1144 (chance=0.25) ---
[epoch    8] train_loss=0.0641 val_loss=2.1283
2026-06-17 11:53:12,365 - dataloader_debug - INFO - --- Valid Epoch 8: acc=0.4790 n=1144 (chance=0.25) ---
[epoch    9] train_loss=0.3097 val_loss=0.7956
2026-06-17 11:58:47,243 - dataloader_debug - INFO - --- Valid Epoch 9: acc=0.7876 n=1144 (chance=0.25) ---
[epoch   10] train_loss=0.0804 val_loss=0.5440
2026-06-17 12:04:22,121 - dataloader_debug - INFO - --- Valid Epoch 10: acc=0.8479 n=1144 (chance=0.25) ---
[epoch   11] train_loss=0.1882 val_loss=1.2428
2026-06-17 12:09:57,049 - dataloader_debug - INFO - --- Valid Epoch 11: acc=0.7640 n=1144 (chance=0.25) ---
bypassing sigterm
Traceback (most recent call last):
  File "/home/andrea.giampietro/EEG-Attention-decoding-with-CLAP/src/main.py", line 398, in <module>
    trainer.fit(module, train_dataloaders=train_loader, val_dataloaders=valid_loader)
  File "/home/andrea.giampietro/.conda/envs/eeg_attention/lib/python3.9/site-packages/pytorch_lightning/trainer/trainer.py", line 608, in fit
    call._call_and_handle_interrupt(
  File "/home/andrea.giampietro/.conda/envs/eeg_attention/lib/python3.9/site-packages/pytorch_lightning/trainer/call.py", line 38, in _call_and_handle_interrupt
    return trainer_fn(*args, **kwargs)
  File "/home/andrea.giampietro/.conda/envs/eeg_attention/lib/python3.9/site-packages/pytorch_lightning/trainer/trainer.py", line 650, in _fit_impl
    self._run(model, ckpt_path=self.ckpt_path)
  File "/home/andrea.giampietro/.conda/envs/eeg_attention/lib/python3.9/site-packages/pytorch_lightning/trainer/trainer.py", line 1112, in _run
    results = self._run_stage()
  File "/home/andrea.giampietro/.conda/envs/eeg_attention/lib/python3.9/site-packages/pytorch_lightning/trainer/trainer.py", line 1191, in _run_stage
    self._run_train()
  File "/home/andrea.giampietro/.conda/envs/eeg_attention/lib/python3.9/site-packages/pytorch_lightning/trainer/trainer.py", line 1214, in _run_train
    self.fit_loop.run()
  File "/home/andrea.giampietro/.conda/envs/eeg_attention/lib/python3.9/site-packages/pytorch_lightning/loops/loop.py", line 199, in run
    self.advance(*args, **kwargs)
  File "/home/andrea.giampietro/.conda/envs/eeg_attention/lib/python3.9/site-packages/pytorch_lightning/loops/fit_loop.py", line 267, in advance
    self._outputs = self.epoch_loop.run(self._data_fetcher)
  File "/home/andrea.giampietro/.conda/envs/eeg_attention/lib/python3.9/site-packages/pytorch_lightning/loops/loop.py", line 199, in run
    self.advance(*args, **kwargs)
  File "/home/andrea.giampietro/.conda/envs/eeg_attention/lib/python3.9/site-packages/pytorch_lightning/loops/epoch/training_epoch_loop.py", line 231, in advance
    self.trainer._logger_connector.on_batch_end()
  File "/home/andrea.giampietro/.conda/envs/eeg_attention/lib/python3.9/site-packages/pytorch_lightning/trainer/connectors/logger_connector/logger_connector.py", line 200, in on_batch_end
    metrics = self.metrics
  File "/home/andrea.giampietro/.conda/envs/eeg_attention/lib/python3.9/site-packages/pytorch_lightning/trainer/connectors/logger_connector/logger_connector.py", line 237, in metrics
    return self.trainer._results.metrics(on_step)
  File "/home/andrea.giampietro/.conda/envs/eeg_attention/lib/python3.9/site-packages/pytorch_lightning/trainer/connectors/logger_connector/result.py", line 616, in metrics
    metrics["pbar"][forked_name] = convert_tensors_to_scalars(value)
  File "/home/andrea.giampietro/.conda/envs/eeg_attention/lib/python3.9/site-packages/lightning_fabric/utilities/apply_func.py", line 126, in convert_tensors_to_scalars
    return apply_to_collection(data, Tensor, to_item)
  File "/home/andrea.giampietro/.conda/envs/eeg_attention/lib/python3.9/site-packages/lightning_utilities/core/apply_func.py", line 66, in apply_to_collection
    return function(data, *args, **kwargs)
  File "/home/andrea.giampietro/.conda/envs/eeg_attention/lib/python3.9/site-packages/lightning_fabric/utilities/apply_func.py", line 124, in to_item
    return value.item()
  File "/home/andrea.giampietro/.conda/envs/eeg_attention/lib/python3.9/site-packages/torch/utils/data/_utils/signal_handling.py", line 66, in handler
    _error_if_any_worker_fails()
RuntimeError: DataLoader worker (pid 1960820) is killed by signal: Terminated. 
  TEST
/home/andrea.giampietro/.conda/envs/eeg_attention/lib/python3.9/site-packages/lightning_fabric/__init__.py:29: UserWarning: pkg_resources is deprecated as an API. See https://setuptools.pypa.io/en/latest/pkg_resources.html. The pkg_resources package is slated for removal as early as 2025-11-30. Refrain from using this package or pin to Setuptools<81.
  __import__("pkg_resources").declare_namespace(__name__)
[paths] host=edu02 host_profile_keys=[] cpu=128 cpu_effective=8
[paths] dataset_dir=../dataset
[paths] log_dir=../results
[paths] workers=7
[rank: 0] Global seed set to 42
no augmentation
[cv] mode=leave_song_out held_out_id=7
Size of train dataset: 3366
Size of valid dataset: 1144
Size of test dataset: 104
[audio] SampleCNN2DEEG (4 independent encoders, Akama baseline)
Supervised classification (objective=classify_audio, modality=audio)
[paths] tty=False (progress bar off)
GPU available: True (cuda), used: True
TPU available: False, using: 0 TPU cores
IPU available: False, using: 0 IPUs
HPU available: False, using: 0 HPUs
Auto-discovered checkpoint: ../results/clf_audio_raw_lso_song7/nmed-CL-preprocessing_eegmusic/version_0/checkpoints/best-checkpoint.ckpt
[[[ START ]]] 2026-06-17 12:13:10.066970
[load] checkpoint state_dict matched the model exactly
You are using a CUDA device ('NVIDIA L40S') that has Tensor Cores. To properly utilize them, you should set `torch.set_float32_matmul_precision('medium' | 'high')` which will trade-off precision for performance. For more details, read https://pytorch.org/docs/stable/generated/torch.set_float32_matmul_precision.html#torch.set_float32_matmul_precision
LOCAL_RANK: 0 - CUDA_VISIBLE_DEVICES: [0]

===== SUPERVISED TEST RESULTS =====
objective: classify_audio  |  chance = 0.25
Global accuracy (all data):        0.0000
Global accuracy (high attention):  0.0000
Per-class accuracy (all):          [nan, 0.0, nan, nan]
NOTE: classify_audio is a negative control — expected ~chance; above-chance accuracy quantifies song->label leakage, not performance.
===================================
== Supervised test (objective=classify_audio) ==
chance: 0.2500
n_windows total: 104
n_windows high-attention: 104
global accuracy (records, all): 0.0000
global accuracy (records, attn): 0.0000
Figures saved to: ../results/clf_audio_raw_lso_song7/nmed-CL-preprocessing_eegmusic/version_1
[[[ FINISH ]]] 2026-06-17 12:13:15.775883

===== [12:13] clf_audio_raw_lso_song44  (elapsed 141m) =====
  TRAIN
/home/andrea.giampietro/.conda/envs/eeg_attention/lib/python3.9/site-packages/lightning_fabric/__init__.py:29: UserWarning: pkg_resources is deprecated as an API. See https://setuptools.pypa.io/en/latest/pkg_resources.html. The pkg_resources package is slated for removal as early as 2025-11-30. Refrain from using this package or pin to Setuptools<81.
  __import__("pkg_resources").declare_namespace(__name__)
[paths] host=edu02 host_profile_keys=[] cpu=128 cpu_effective=8
[paths] dataset_dir=../dataset
[paths] log_dir=../results
[paths] workers=7
[rank: 0] Global seed set to 42
no augmentation
[cv] mode=leave_song_out held_out_id=44
Size of train dataset: 3421
Size of valid dataset: 1122
Size of test dataset: 104
[audio] SampleCNN2DEEG (4 independent encoders, Akama baseline)
Supervised classification (objective=classify_audio, modality=audio)
[paths] tty=False (progress bar off, epoch summaries instead)
GPU available: True (cuda), used: True
TPU available: False, using: 0 TPU cores
IPU available: False, using: 0 IPUs
HPU available: False, using: 0 HPUs
[[[ START ]]] 2026-06-17 12:13:38.461876
You are using a CUDA device ('NVIDIA L40S') that has Tensor Cores. To properly utilize them, you should set `torch.set_float32_matmul_precision('medium' | 'high')` which will trade-off precision for performance. For more details, read https://pytorch.org/docs/stable/generated/torch.set_float32_matmul_precision.html#torch.set_float32_matmul_precision
Missing logger folder: ../results/clf_audio_raw_lso_song44/nmed-CL-preprocessing_eegmusic
LOCAL_RANK: 0 - CUDA_VISIBLE_DEVICES: [0]

  | Name           | Type             | Params
----------------------------------------------------
0 | encoder_vocal  | SampleCNN2DEEG   | 116 K 
1 | encoder_drum   | SampleCNN2DEEG   | 116 K 
2 | encoder_bass   | SampleCNN2DEEG   | 116 K 
3 | encoder_others | SampleCNN2DEEG   | 116 K 
4 | classifier     | Linear           | 1.6 K 
5 | criterion      | CrossEntropyLoss | 0     
----------------------------------------------------
466 K     Trainable params
0         Non-trainable params
466 K     Total params
1.864     Total estimated model params size (MB)
SLURM auto-requeueing enabled. Setting signal handlers.
[epoch    0] train_loss=n/a val_loss=1.3789
2026-06-17 12:13:40,405 - dataloader_debug - INFO - --- Valid Epoch 0: acc=0.0000 n=16 (chance=0.25) ---
[epoch    0] train_loss=0.6299 val_loss=1.4321
2026-06-17 12:19:19,398 - dataloader_debug - INFO - --- Valid Epoch 0: acc=0.4759 n=1120 (chance=0.25) ---
Metric Valid/loss improved. New best score: 1.432
[epoch    1] train_loss=0.6939 val_loss=0.7483
2026-06-17 12:24:58,473 - dataloader_debug - INFO - --- Valid Epoch 1: acc=0.7179 n=1120 (chance=0.25) ---
Metric Valid/loss improved by 0.684 >= min_delta = 0.0. New best score: 0.748
[epoch    2] train_loss=1.5094 val_loss=14.2789
2026-06-17 12:30:37,720 - dataloader_debug - INFO - --- Valid Epoch 2: acc=0.1491 n=1120 (chance=0.25) ---
[epoch    3] train_loss=0.1119 val_loss=5.8444
2026-06-17 12:36:16,685 - dataloader_debug - INFO - --- Valid Epoch 3: acc=0.2687 n=1120 (chance=0.25) ---
[epoch    4] train_loss=0.0599 val_loss=26.0683
2026-06-17 12:41:55,745 - dataloader_debug - INFO - --- Valid Epoch 4: acc=0.1473 n=1120 (chance=0.25) ---
[epoch    5] train_loss=0.0610 val_loss=7.2864
2026-06-17 12:47:34,815 - dataloader_debug - INFO - --- Valid Epoch 5: acc=0.1455 n=1120 (chance=0.25) ---
[epoch    6] train_loss=0.4857 val_loss=4.1058
2026-06-17 12:53:13,928 - dataloader_debug - INFO - --- Valid Epoch 6: acc=0.3196 n=1120 (chance=0.25) ---
[epoch    7] train_loss=0.1933 val_loss=1.3677
2026-06-17 12:58:53,064 - dataloader_debug - INFO - --- Valid Epoch 7: acc=0.6661 n=1120 (chance=0.25) ---
[epoch    8] train_loss=0.0140 val_loss=1.7151
2026-06-17 13:04:32,261 - dataloader_debug - INFO - --- Valid Epoch 8: acc=0.4911 n=1120 (chance=0.25) ---
[epoch    9] train_loss=0.1460 val_loss=2.0354
2026-06-17 13:10:11,390 - dataloader_debug - INFO - --- Valid Epoch 9: acc=0.5455 n=1120 (chance=0.25) ---
[epoch   10] train_loss=0.0546 val_loss=0.5043
2026-06-17 13:15:50,576 - dataloader_debug - INFO - --- Valid Epoch 10: acc=0.8652 n=1120 (chance=0.25) ---
Metric Valid/loss improved by 0.244 >= min_delta = 0.0. New best score: 0.504
[epoch   11] train_loss=0.1210 val_loss=0.6369
2026-06-17 13:21:29,956 - dataloader_debug - INFO - --- Valid Epoch 11: acc=0.8527 n=1120 (chance=0.25) ---
bypassing sigterm
Traceback (most recent call last):
  File "/home/andrea.giampietro/EEG-Attention-decoding-with-CLAP/src/main.py", line 398, in <module>
    trainer.fit(module, train_dataloaders=train_loader, val_dataloaders=valid_loader)
  File "/home/andrea.giampietro/.conda/envs/eeg_attention/lib/python3.9/site-packages/pytorch_lightning/trainer/trainer.py", line 608, in fit
    call._call_and_handle_interrupt(
  File "/home/andrea.giampietro/.conda/envs/eeg_attention/lib/python3.9/site-packages/pytorch_lightning/trainer/call.py", line 38, in _call_and_handle_interrupt
    return trainer_fn(*args, **kwargs)
  File "/home/andrea.giampietro/.conda/envs/eeg_attention/lib/python3.9/site-packages/pytorch_lightning/trainer/trainer.py", line 650, in _fit_impl
    self._run(model, ckpt_path=self.ckpt_path)
  File "/home/andrea.giampietro/.conda/envs/eeg_attention/lib/python3.9/site-packages/pytorch_lightning/trainer/trainer.py", line 1112, in _run
    results = self._run_stage()
  File "/home/andrea.giampietro/.conda/envs/eeg_attention/lib/python3.9/site-packages/pytorch_lightning/trainer/trainer.py", line 1191, in _run_stage
    self._run_train()
  File "/home/andrea.giampietro/.conda/envs/eeg_attention/lib/python3.9/site-packages/pytorch_lightning/trainer/trainer.py", line 1214, in _run_train
    self.fit_loop.run()
  File "/home/andrea.giampietro/.conda/envs/eeg_attention/lib/python3.9/site-packages/pytorch_lightning/loops/loop.py", line 199, in run
    self.advance(*args, **kwargs)
  File "/home/andrea.giampietro/.conda/envs/eeg_attention/lib/python3.9/site-packages/pytorch_lightning/loops/fit_loop.py", line 267, in advance
    self._outputs = self.epoch_loop.run(self._data_fetcher)
  File "/home/andrea.giampietro/.conda/envs/eeg_attention/lib/python3.9/site-packages/pytorch_lightning/loops/loop.py", line 199, in run
    self.advance(*args, **kwargs)
  File "/home/andrea.giampietro/.conda/envs/eeg_attention/lib/python3.9/site-packages/pytorch_lightning/loops/epoch/training_epoch_loop.py", line 231, in advance
    self.trainer._logger_connector.on_batch_end()
  File "/home/andrea.giampietro/.conda/envs/eeg_attention/lib/python3.9/site-packages/pytorch_lightning/trainer/connectors/logger_connector/logger_connector.py", line 200, in on_batch_end
    metrics = self.metrics
  File "/home/andrea.giampietro/.conda/envs/eeg_attention/lib/python3.9/site-packages/pytorch_lightning/trainer/connectors/logger_connector/logger_connector.py", line 237, in metrics
    return self.trainer._results.metrics(on_step)
  File "/home/andrea.giampietro/.conda/envs/eeg_attention/lib/python3.9/site-packages/pytorch_lightning/trainer/connectors/logger_connector/result.py", line 616, in metrics
    metrics["pbar"][forked_name] = convert_tensors_to_scalars(value)
  File "/home/andrea.giampietro/.conda/envs/eeg_attention/lib/python3.9/site-packages/lightning_fabric/utilities/apply_func.py", line 126, in convert_tensors_to_scalars
    return apply_to_collection(data, Tensor, to_item)
  File "/home/andrea.giampietro/.conda/envs/eeg_attention/lib/python3.9/site-packages/lightning_utilities/core/apply_func.py", line 66, in apply_to_collection
    return function(data, *args, **kwargs)
  File "/home/andrea.giampietro/.conda/envs/eeg_attention/lib/python3.9/site-packages/lightning_fabric/utilities/apply_func.py", line 124, in to_item
    return value.item()
  File "/home/andrea.giampietro/.conda/envs/eeg_attention/lib/python3.9/site-packages/torch/utils/data/_utils/signal_handling.py", line 66, in handler
    _error_if_any_worker_fails()
RuntimeError: DataLoader worker (pid 1980174) is killed by signal: Terminated. 
  TEST
/home/andrea.giampietro/.conda/envs/eeg_attention/lib/python3.9/site-packages/lightning_fabric/__init__.py:29: UserWarning: pkg_resources is deprecated as an API. See https://setuptools.pypa.io/en/latest/pkg_resources.html. The pkg_resources package is slated for removal as early as 2025-11-30. Refrain from using this package or pin to Setuptools<81.
  __import__("pkg_resources").declare_namespace(__name__)
[paths] host=edu02 host_profile_keys=[] cpu=128 cpu_effective=8
[paths] dataset_dir=../dataset
[paths] log_dir=../results
[paths] workers=7
[rank: 0] Global seed set to 42
no augmentation
[cv] mode=leave_song_out held_out_id=44
Size of train dataset: 3421
Size of valid dataset: 1122
Size of test dataset: 104
[audio] SampleCNN2DEEG (4 independent encoders, Akama baseline)
Supervised classification (objective=classify_audio, modality=audio)
[paths] tty=False (progress bar off)
GPU available: True (cuda), used: True
TPU available: False, using: 0 TPU cores
IPU available: False, using: 0 IPUs
HPU available: False, using: 0 HPUs
Auto-discovered checkpoint: ../results/clf_audio_raw_lso_song44/nmed-CL-preprocessing_eegmusic/version_0/checkpoints/best-checkpoint.ckpt
[[[ START ]]] 2026-06-17 13:23:54.126066
[load] checkpoint state_dict matched the model exactly
You are using a CUDA device ('NVIDIA L40S') that has Tensor Cores. To properly utilize them, you should set `torch.set_float32_matmul_precision('medium' | 'high')` which will trade-off precision for performance. For more details, read https://pytorch.org/docs/stable/generated/torch.set_float32_matmul_precision.html#torch.set_float32_matmul_precision
LOCAL_RANK: 0 - CUDA_VISIBLE_DEVICES: [0]

===== SUPERVISED TEST RESULTS =====
objective: classify_audio  |  chance = 0.25
Global accuracy (all data):        0.0769
Global accuracy (high attention):  0.0769
Per-class accuracy (all):          [nan, nan, 0.0769, nan]
NOTE: classify_audio is a negative control — expected ~chance; above-chance accuracy quantifies song->label leakage, not performance.
===================================
== Supervised test (objective=classify_audio) ==
chance: 0.2500
n_windows total: 104
n_windows high-attention: 13
global accuracy (records, all): 0.0769
global accuracy (records, attn): 0.0769
Figures saved to: ../results/clf_audio_raw_lso_song44/nmed-CL-preprocessing_eegmusic/version_1
[[[ FINISH ]]] 2026-06-17 13:23:59.440165

===== [13:24] clf_audio_raw_lso_song8  (elapsed 212m) =====
  TRAIN
/home/andrea.giampietro/.conda/envs/eeg_attention/lib/python3.9/site-packages/lightning_fabric/__init__.py:29: UserWarning: pkg_resources is deprecated as an API. See https://setuptools.pypa.io/en/latest/pkg_resources.html. The pkg_resources package is slated for removal as early as 2025-11-30. Refrain from using this package or pin to Setuptools<81.
  __import__("pkg_resources").declare_namespace(__name__)
[paths] host=edu02 host_profile_keys=[] cpu=128 cpu_effective=8
[paths] dataset_dir=../dataset
[paths] log_dir=../results
[paths] workers=7
[rank: 0] Global seed set to 42
no augmentation
[cv] mode=leave_song_out held_out_id=8
Size of train dataset: 3410
Size of valid dataset: 1100
Size of test dataset: 104
[audio] SampleCNN2DEEG (4 independent encoders, Akama baseline)
Supervised classification (objective=classify_audio, modality=audio)
[paths] tty=False (progress bar off, epoch summaries instead)
GPU available: True (cuda), used: True
TPU available: False, using: 0 TPU cores
IPU available: False, using: 0 IPUs
HPU available: False, using: 0 HPUs
[[[ START ]]] 2026-06-17 13:24:24.204494
You are using a CUDA device ('NVIDIA L40S') that has Tensor Cores. To properly utilize them, you should set `torch.set_float32_matmul_precision('medium' | 'high')` which will trade-off precision for performance. For more details, read https://pytorch.org/docs/stable/generated/torch.set_float32_matmul_precision.html#torch.set_float32_matmul_precision
Missing logger folder: ../results/clf_audio_raw_lso_song8/nmed-CL-preprocessing_eegmusic
LOCAL_RANK: 0 - CUDA_VISIBLE_DEVICES: [0]

  | Name           | Type             | Params
----------------------------------------------------
0 | encoder_vocal  | SampleCNN2DEEG   | 116 K 
1 | encoder_drum   | SampleCNN2DEEG   | 116 K 
2 | encoder_bass   | SampleCNN2DEEG   | 116 K 
3 | encoder_others | SampleCNN2DEEG   | 116 K 
4 | classifier     | Linear           | 1.6 K 
5 | criterion      | CrossEntropyLoss | 0     
----------------------------------------------------
466 K     Trainable params
0         Non-trainable params
466 K     Total params
1.864     Total estimated model params size (MB)
SLURM auto-requeueing enabled. Setting signal handlers.
[epoch    0] train_loss=n/a val_loss=1.3789
2026-06-17 13:24:25,901 - dataloader_debug - INFO - --- Valid Epoch 0: acc=0.0000 n=16 (chance=0.25) ---
[epoch    0] train_loss=0.8570 val_loss=0.9084
2026-06-17 13:30:03,449 - dataloader_debug - INFO - --- Valid Epoch 0: acc=0.6469 n=1096 (chance=0.25) ---
Metric Valid/loss improved. New best score: 0.908
[epoch    1] train_loss=1.4342 val_loss=1.1832
2026-06-17 13:35:41,331 - dataloader_debug - INFO - --- Valid Epoch 1: acc=0.6168 n=1096 (chance=0.25) ---
[epoch    2] train_loss=0.5352 val_loss=19.1184
2026-06-17 13:41:19,571 - dataloader_debug - INFO - --- Valid Epoch 2: acc=0.1524 n=1096 (chance=0.25) ---
[epoch    3] train_loss=0.9048 val_loss=6.7948
2026-06-17 13:46:57,713 - dataloader_debug - INFO - --- Valid Epoch 3: acc=0.2765 n=1096 (chance=0.25) ---
[epoch    4] train_loss=0.0575 val_loss=1.6620
2026-06-17 13:52:36,413 - dataloader_debug - INFO - --- Valid Epoch 4: acc=0.5036 n=1096 (chance=0.25) ---
[epoch    5] train_loss=0.3918 val_loss=0.9893
2026-06-17 13:58:14,398 - dataloader_debug - INFO - --- Valid Epoch 5: acc=0.7381 n=1096 (chance=0.25) ---
[epoch    6] train_loss=0.1058 val_loss=1.1471
2026-06-17 14:03:52,109 - dataloader_debug - INFO - --- Valid Epoch 6: acc=0.6797 n=1096 (chance=0.25) ---
[epoch    7] train_loss=0.0211 val_loss=1.0098
2026-06-17 14:09:29,920 - dataloader_debug - INFO - --- Valid Epoch 7: acc=0.7062 n=1096 (chance=0.25) ---
[epoch    8] train_loss=0.0137 val_loss=43.2681
2026-06-17 14:15:07,750 - dataloader_debug - INFO - --- Valid Epoch 8: acc=0.1505 n=1096 (chance=0.25) ---
[epoch    9] train_loss=0.1076 val_loss=1.2279
2026-06-17 14:20:45,764 - dataloader_debug - INFO - --- Valid Epoch 9: acc=0.6286 n=1096 (chance=0.25) ---
[epoch   10] train_loss=0.0360 val_loss=1.0340
2026-06-17 14:26:23,746 - dataloader_debug - INFO - --- Valid Epoch 10: acc=0.7272 n=1096 (chance=0.25) ---
Monitored metric Valid/loss did not improve in the last 10 records. Best score: 0.908. Signaling Trainer to stop.
Trainer was signaled to stop but the required `min_epochs=50` or `min_steps=None` has not been met. Training will continue...
[epoch   11] train_loss=0.0132 val_loss=50.8201
2026-06-17 14:32:02,525 - dataloader_debug - INFO - --- Valid Epoch 11: acc=0.1505 n=1096 (chance=0.25) ---
Monitored metric Valid/loss did not improve in the last 11 records. Best score: 0.908. Signaling Trainer to stop.
bypassing sigterm
Traceback (most recent call last):
  File "/home/andrea.giampietro/EEG-Attention-decoding-with-CLAP/src/main.py", line 398, in <module>
    trainer.fit(module, train_dataloaders=train_loader, val_dataloaders=valid_loader)
  File "/home/andrea.giampietro/.conda/envs/eeg_attention/lib/python3.9/site-packages/pytorch_lightning/trainer/trainer.py", line 608, in fit
    call._call_and_handle_interrupt(
  File "/home/andrea.giampietro/.conda/envs/eeg_attention/lib/python3.9/site-packages/pytorch_lightning/trainer/call.py", line 38, in _call_and_handle_interrupt
    return trainer_fn(*args, **kwargs)
  File "/home/andrea.giampietro/.conda/envs/eeg_attention/lib/python3.9/site-packages/pytorch_lightning/trainer/trainer.py", line 650, in _fit_impl
    self._run(model, ckpt_path=self.ckpt_path)
  File "/home/andrea.giampietro/.conda/envs/eeg_attention/lib/python3.9/site-packages/pytorch_lightning/trainer/trainer.py", line 1112, in _run
    results = self._run_stage()
  File "/home/andrea.giampietro/.conda/envs/eeg_attention/lib/python3.9/site-packages/pytorch_lightning/trainer/trainer.py", line 1191, in _run_stage
    self._run_train()
  File "/home/andrea.giampietro/.conda/envs/eeg_attention/lib/python3.9/site-packages/pytorch_lightning/trainer/trainer.py", line 1214, in _run_train
    self.fit_loop.run()
  File "/home/andrea.giampietro/.conda/envs/eeg_attention/lib/python3.9/site-packages/pytorch_lightning/loops/loop.py", line 199, in run
    self.advance(*args, **kwargs)
  File "/home/andrea.giampietro/.conda/envs/eeg_attention/lib/python3.9/site-packages/pytorch_lightning/loops/fit_loop.py", line 267, in advance
    self._outputs = self.epoch_loop.run(self._data_fetcher)
  File "/home/andrea.giampietro/.conda/envs/eeg_attention/lib/python3.9/site-packages/pytorch_lightning/loops/loop.py", line 199, in run
    self.advance(*args, **kwargs)
  File "/home/andrea.giampietro/.conda/envs/eeg_attention/lib/python3.9/site-packages/pytorch_lightning/loops/epoch/training_epoch_loop.py", line 231, in advance
    self.trainer._logger_connector.on_batch_end()
  File "/home/andrea.giampietro/.conda/envs/eeg_attention/lib/python3.9/site-packages/pytorch_lightning/trainer/connectors/logger_connector/logger_connector.py", line 200, in on_batch_end
    metrics = self.metrics
  File "/home/andrea.giampietro/.conda/envs/eeg_attention/lib/python3.9/site-packages/pytorch_lightning/trainer/connectors/logger_connector/logger_connector.py", line 237, in metrics
    return self.trainer._results.metrics(on_step)
  File "/home/andrea.giampietro/.conda/envs/eeg_attention/lib/python3.9/site-packages/pytorch_lightning/trainer/connectors/logger_connector/result.py", line 616, in metrics
    metrics["pbar"][forked_name] = convert_tensors_to_scalars(value)
  File "/home/andrea.giampietro/.conda/envs/eeg_attention/lib/python3.9/site-packages/lightning_fabric/utilities/apply_func.py", line 126, in convert_tensors_to_scalars
    return apply_to_collection(data, Tensor, to_item)
  File "/home/andrea.giampietro/.conda/envs/eeg_attention/lib/python3.9/site-packages/lightning_utilities/core/apply_func.py", line 66, in apply_to_collection
    return function(data, *args, **kwargs)
  File "/home/andrea.giampietro/.conda/envs/eeg_attention/lib/python3.9/site-packages/lightning_fabric/utilities/apply_func.py", line 124, in to_item
    return value.item()
  File "/home/andrea.giampietro/.conda/envs/eeg_attention/lib/python3.9/site-packages/torch/utils/data/_utils/signal_handling.py", line 66, in handler
    _error_if_any_worker_fails()
RuntimeError: DataLoader worker (pid 2000707) is killed by signal: Terminated. 
  TEST
/home/andrea.giampietro/.conda/envs/eeg_attention/lib/python3.9/site-packages/lightning_fabric/__init__.py:29: UserWarning: pkg_resources is deprecated as an API. See https://setuptools.pypa.io/en/latest/pkg_resources.html. The pkg_resources package is slated for removal as early as 2025-11-30. Refrain from using this package or pin to Setuptools<81.
  __import__("pkg_resources").declare_namespace(__name__)
[paths] host=edu02 host_profile_keys=[] cpu=128 cpu_effective=8
[paths] dataset_dir=../dataset
[paths] log_dir=../results
[paths] workers=7
[rank: 0] Global seed set to 42
no augmentation
[cv] mode=leave_song_out held_out_id=8
Size of train dataset: 3410
Size of valid dataset: 1100
Size of test dataset: 104
[audio] SampleCNN2DEEG (4 independent encoders, Akama baseline)
Supervised classification (objective=classify_audio, modality=audio)
[paths] tty=False (progress bar off)
GPU available: True (cuda), used: True
TPU available: False, using: 0 TPU cores
IPU available: False, using: 0 IPUs
HPU available: False, using: 0 HPUs
Auto-discovered checkpoint: ../results/clf_audio_raw_lso_song8/nmed-CL-preprocessing_eegmusic/version_0/checkpoints/best-checkpoint.ckpt
[[[ START ]]] 2026-06-17 14:35:23.385976
[load] checkpoint state_dict matched the model exactly
You are using a CUDA device ('NVIDIA L40S') that has Tensor Cores. To properly utilize them, you should set `torch.set_float32_matmul_precision('medium' | 'high')` which will trade-off precision for performance. For more details, read https://pytorch.org/docs/stable/generated/torch.set_float32_matmul_precision.html#torch.set_float32_matmul_precision
LOCAL_RANK: 0 - CUDA_VISIBLE_DEVICES: [0]

===== SUPERVISED TEST RESULTS =====
objective: classify_audio  |  chance = 0.25
Global accuracy (all data):        0.0000
Global accuracy (high attention):  0.0000
Per-class accuracy (all):          [nan, nan, nan, 0.0]
NOTE: classify_audio is a negative control — expected ~chance; above-chance accuracy quantifies song->label leakage, not performance.
===================================
== Supervised test (objective=classify_audio) ==
chance: 0.2500
n_windows total: 104
n_windows high-attention: 91
global accuracy (records, all): 0.0000
global accuracy (records, attn): 0.0000
Figures saved to: ../results/clf_audio_raw_lso_song8/nmed-CL-preprocessing_eegmusic/version_1
[[[ FINISH ]]] 2026-06-17 14:35:29.767625

===== [14:35] clf_eeg_lso_song2  (elapsed 283m) =====
  TRAIN
/home/andrea.giampietro/.conda/envs/eeg_attention/lib/python3.9/site-packages/lightning_fabric/__init__.py:29: UserWarning: pkg_resources is deprecated as an API. See https://setuptools.pypa.io/en/latest/pkg_resources.html. The pkg_resources package is slated for removal as early as 2025-11-30. Refrain from using this package or pin to Setuptools<81.
  __import__("pkg_resources").declare_namespace(__name__)
[paths] host=edu02 host_profile_keys=[] cpu=128 cpu_effective=8
[paths] dataset_dir=../dataset
[paths] log_dir=../results
[paths] workers=7
[rank: 0] Global seed set to 42
no augmentation
[cv] mode=leave_song_out held_out_id=2
Size of train dataset: 3388
Size of valid dataset: 1122
Size of test dataset: 104
[audio] SampleCNN2DEEG (4 independent encoders, Akama baseline)
Supervised classification (objective=classify_eeg, modality=eeg)
[paths] tty=False (progress bar off, epoch summaries instead)
GPU available: True (cuda), used: True
TPU available: False, using: 0 TPU cores
IPU available: False, using: 0 IPUs
HPU available: False, using: 0 HPUs
[[[ START ]]] 2026-06-17 14:35:55.772173
You are using a CUDA device ('NVIDIA L40S') that has Tensor Cores. To properly utilize them, you should set `torch.set_float32_matmul_precision('medium' | 'high')` which will trade-off precision for performance. For more details, read https://pytorch.org/docs/stable/generated/torch.set_float32_matmul_precision.html#torch.set_float32_matmul_precision
Missing logger folder: ../results/clf_eeg_lso_song2/nmed-CL-preprocessing_eegmusic
LOCAL_RANK: 0 - CUDA_VISIBLE_DEVICES: [0]

  | Name        | Type             | Params
-------------------------------------------------
0 | encoder_eeg | SampleCNN2DEEG   | 116 K 
1 | classifier  | Linear           | 404   
2 | criterion   | CrossEntropyLoss | 0     
-------------------------------------------------
116 K     Trainable params
0         Non-trainable params
116 K     Total params
0.466     Total estimated model params size (MB)
SLURM auto-requeueing enabled. Setting signal handlers.
[epoch    0] train_loss=n/a val_loss=1.4667
2026-06-17 14:35:57,358 - dataloader_debug - INFO - --- Valid Epoch 0: acc=0.0000 n=16 (chance=0.25) ---
[epoch    0] train_loss=1.2691 val_loss=1.3185
2026-06-17 14:36:17,712 - dataloader_debug - INFO - --- Valid Epoch 0: acc=0.5598 n=1120 (chance=0.25) ---
Metric Valid/loss improved. New best score: 1.318
[epoch    1] train_loss=1.3774 val_loss=1.3186
2026-06-17 14:36:38,492 - dataloader_debug - INFO - --- Valid Epoch 1: acc=0.5598 n=1120 (chance=0.25) ---
[epoch    2] train_loss=1.3603 val_loss=1.2916
2026-06-17 14:36:59,068 - dataloader_debug - INFO - --- Valid Epoch 2: acc=0.5580 n=1120 (chance=0.25) ---
Metric Valid/loss improved by 0.027 >= min_delta = 0.0. New best score: 1.292
[epoch    3] train_loss=1.2215 val_loss=1.3260
2026-06-17 14:37:19,731 - dataloader_debug - INFO - --- Valid Epoch 3: acc=0.5580 n=1120 (chance=0.25) ---
[epoch    4] train_loss=1.0284 val_loss=1.2470
2026-06-17 14:37:40,030 - dataloader_debug - INFO - --- Valid Epoch 4: acc=0.5589 n=1120 (chance=0.25) ---
Metric Valid/loss improved by 0.045 >= min_delta = 0.0. New best score: 1.247
[epoch    5] train_loss=1.0571 val_loss=1.2530
2026-06-17 14:38:01,471 - dataloader_debug - INFO - --- Valid Epoch 5: acc=0.5598 n=1120 (chance=0.25) ---
[epoch    6] train_loss=1.1981 val_loss=1.2906
2026-06-17 14:38:22,715 - dataloader_debug - INFO - --- Valid Epoch 6: acc=0.5536 n=1120 (chance=0.25) ---
[epoch    7] train_loss=1.3133 val_loss=1.2875
2026-06-17 14:38:44,090 - dataloader_debug - INFO - --- Valid Epoch 7: acc=0.5545 n=1120 (chance=0.25) ---
[epoch    8] train_loss=1.4239 val_loss=1.3635
2026-06-17 14:39:05,243 - dataloader_debug - INFO - --- Valid Epoch 8: acc=0.5589 n=1120 (chance=0.25) ---
[epoch    9] train_loss=1.0746 val_loss=1.2226
2026-06-17 14:39:26,441 - dataloader_debug - INFO - --- Valid Epoch 9: acc=0.5598 n=1120 (chance=0.25) ---
Metric Valid/loss improved by 0.024 >= min_delta = 0.0. New best score: 1.223
[epoch   10] train_loss=0.9212 val_loss=1.2839
2026-06-17 14:39:46,990 - dataloader_debug - INFO - --- Valid Epoch 10: acc=0.5188 n=1120 (chance=0.25) ---
[epoch   11] train_loss=1.0901 val_loss=1.4240
2026-06-17 14:40:07,629 - dataloader_debug - INFO - --- Valid Epoch 11: acc=0.5125 n=1120 (chance=0.25) ---
[epoch   12] train_loss=1.1866 val_loss=1.3251
2026-06-17 14:40:28,452 - dataloader_debug - INFO - --- Valid Epoch 12: acc=0.5402 n=1120 (chance=0.25) ---
[epoch   13] train_loss=1.0143 val_loss=1.2635
2026-06-17 14:40:49,069 - dataloader_debug - INFO - --- Valid Epoch 13: acc=0.5384 n=1120 (chance=0.25) ---
[epoch   14] train_loss=1.4927 val_loss=1.2922
2026-06-17 14:41:09,976 - dataloader_debug - INFO - --- Valid Epoch 14: acc=0.5223 n=1120 (chance=0.25) ---
[epoch   15] train_loss=1.2091 val_loss=1.3016
2026-06-17 14:41:30,541 - dataloader_debug - INFO - --- Valid Epoch 15: acc=0.5116 n=1120 (chance=0.25) ---
[epoch   16] train_loss=1.0891 val_loss=1.4699
2026-06-17 14:41:51,083 - dataloader_debug - INFO - --- Valid Epoch 16: acc=0.3286 n=1120 (chance=0.25) ---
[epoch   17] train_loss=1.3464 val_loss=1.5858
2026-06-17 14:42:11,525 - dataloader_debug - INFO - --- Valid Epoch 17: acc=0.2839 n=1120 (chance=0.25) ---
[epoch   18] train_loss=0.8753 val_loss=1.3477
2026-06-17 14:42:32,073 - dataloader_debug - INFO - --- Valid Epoch 18: acc=0.4884 n=1120 (chance=0.25) ---
[epoch   19] train_loss=1.4785 val_loss=1.4308
2026-06-17 14:42:52,447 - dataloader_debug - INFO - --- Valid Epoch 19: acc=0.4902 n=1120 (chance=0.25) ---
Monitored metric Valid/loss did not improve in the last 10 records. Best score: 1.223. Signaling Trainer to stop.
Trainer was signaled to stop but the required `min_epochs=50` or `min_steps=None` has not been met. Training will continue...
[epoch   20] train_loss=1.2053 val_loss=1.4270
2026-06-17 14:43:12,759 - dataloader_debug - INFO - --- Valid Epoch 20: acc=0.4786 n=1120 (chance=0.25) ---
Monitored metric Valid/loss did not improve in the last 11 records. Best score: 1.223. Signaling Trainer to stop.
[epoch   21] train_loss=1.0366 val_loss=1.2752
2026-06-17 14:43:33,365 - dataloader_debug - INFO - --- Valid Epoch 21: acc=0.5018 n=1120 (chance=0.25) ---
Monitored metric Valid/loss did not improve in the last 12 records. Best score: 1.223. Signaling Trainer to stop.
[epoch   22] train_loss=1.1012 val_loss=1.4470
2026-06-17 14:43:53,665 - dataloader_debug - INFO - --- Valid Epoch 22: acc=0.4750 n=1120 (chance=0.25) ---
Monitored metric Valid/loss did not improve in the last 13 records. Best score: 1.223. Signaling Trainer to stop.
[epoch   23] train_loss=0.8958 val_loss=1.3598
2026-06-17 14:44:13,950 - dataloader_debug - INFO - --- Valid Epoch 23: acc=0.4830 n=1120 (chance=0.25) ---
Monitored metric Valid/loss did not improve in the last 14 records. Best score: 1.223. Signaling Trainer to stop.
[epoch   24] train_loss=0.9417 val_loss=1.5620
2026-06-17 14:44:34,391 - dataloader_debug - INFO - --- Valid Epoch 24: acc=0.2616 n=1120 (chance=0.25) ---
Monitored metric Valid/loss did not improve in the last 15 records. Best score: 1.223. Signaling Trainer to stop.
[epoch   25] train_loss=1.0002 val_loss=1.4286
2026-06-17 14:44:54,621 - dataloader_debug - INFO - --- Valid Epoch 25: acc=0.2571 n=1120 (chance=0.25) ---
Monitored metric Valid/loss did not improve in the last 16 records. Best score: 1.223. Signaling Trainer to stop.
[epoch   26] train_loss=1.3829 val_loss=1.3019
2026-06-17 14:45:15,017 - dataloader_debug - INFO - --- Valid Epoch 26: acc=0.5036 n=1120 (chance=0.25) ---
Monitored metric Valid/loss did not improve in the last 17 records. Best score: 1.223. Signaling Trainer to stop.
[epoch   27] train_loss=1.4292 val_loss=1.7526
2026-06-17 14:45:35,196 - dataloader_debug - INFO - --- Valid Epoch 27: acc=0.5143 n=1120 (chance=0.25) ---
Monitored metric Valid/loss did not improve in the last 18 records. Best score: 1.223. Signaling Trainer to stop.
[epoch   28] train_loss=1.0670 val_loss=1.8897
2026-06-17 14:45:55,414 - dataloader_debug - INFO - --- Valid Epoch 28: acc=0.3054 n=1120 (chance=0.25) ---
Monitored metric Valid/loss did not improve in the last 19 records. Best score: 1.223. Signaling Trainer to stop.
[epoch   29] train_loss=0.6980 val_loss=1.4249
2026-06-17 14:46:18,423 - dataloader_debug - INFO - --- Valid Epoch 29: acc=0.3438 n=1120 (chance=0.25) ---
Monitored metric Valid/loss did not improve in the last 20 records. Best score: 1.223. Signaling Trainer to stop.
[epoch   30] train_loss=0.9171 val_loss=2.6797
2026-06-17 14:46:39,382 - dataloader_debug - INFO - --- Valid Epoch 30: acc=0.2036 n=1120 (chance=0.25) ---
Monitored metric Valid/loss did not improve in the last 21 records. Best score: 1.223. Signaling Trainer to stop.
[epoch   31] train_loss=1.2912 val_loss=1.6692
2026-06-17 14:47:00,473 - dataloader_debug - INFO - --- Valid Epoch 31: acc=0.2152 n=1120 (chance=0.25) ---
Monitored metric Valid/loss did not improve in the last 22 records. Best score: 1.223. Signaling Trainer to stop.
[epoch   32] train_loss=1.0951 val_loss=2.1656
2026-06-17 14:47:21,057 - dataloader_debug - INFO - --- Valid Epoch 32: acc=0.2616 n=1120 (chance=0.25) ---
Monitored metric Valid/loss did not improve in the last 23 records. Best score: 1.223. Signaling Trainer to stop.
[epoch   33] train_loss=0.8079 val_loss=4.8619
2026-06-17 14:47:41,376 - dataloader_debug - INFO - --- Valid Epoch 33: acc=0.1446 n=1120 (chance=0.25) ---
Monitored metric Valid/loss did not improve in the last 24 records. Best score: 1.223. Signaling Trainer to stop.
[epoch   34] train_loss=1.0766 val_loss=4.2656
2026-06-17 14:48:02,418 - dataloader_debug - INFO - --- Valid Epoch 34: acc=0.1080 n=1120 (chance=0.25) ---
Monitored metric Valid/loss did not improve in the last 25 records. Best score: 1.223. Signaling Trainer to stop.
[epoch   35] train_loss=1.1717 val_loss=2.6830
2026-06-17 14:48:24,585 - dataloader_debug - INFO - --- Valid Epoch 35: acc=0.1902 n=1120 (chance=0.25) ---
Monitored metric Valid/loss did not improve in the last 26 records. Best score: 1.223. Signaling Trainer to stop.
[epoch   36] train_loss=1.1328 val_loss=3.5418
2026-06-17 14:48:46,196 - dataloader_debug - INFO - --- Valid Epoch 36: acc=0.2027 n=1120 (chance=0.25) ---
Monitored metric Valid/loss did not improve in the last 27 records. Best score: 1.223. Signaling Trainer to stop.
[epoch   37] train_loss=1.4427 val_loss=3.5974
2026-06-17 14:49:07,820 - dataloader_debug - INFO - --- Valid Epoch 37: acc=0.3366 n=1120 (chance=0.25) ---
Monitored metric Valid/loss did not improve in the last 28 records. Best score: 1.223. Signaling Trainer to stop.
[epoch   38] train_loss=1.3528 val_loss=2.3583
2026-06-17 14:49:30,052 - dataloader_debug - INFO - --- Valid Epoch 38: acc=0.1589 n=1120 (chance=0.25) ---
Monitored metric Valid/loss did not improve in the last 29 records. Best score: 1.223. Signaling Trainer to stop.
[epoch   39] train_loss=0.5737 val_loss=2.3360
2026-06-17 14:49:52,753 - dataloader_debug - INFO - --- Valid Epoch 39: acc=0.4893 n=1120 (chance=0.25) ---
Monitored metric Valid/loss did not improve in the last 30 records. Best score: 1.223. Signaling Trainer to stop.
[epoch   40] train_loss=0.7195 val_loss=2.7576
2026-06-17 14:50:13,406 - dataloader_debug - INFO - --- Valid Epoch 40: acc=0.2250 n=1120 (chance=0.25) ---
Monitored metric Valid/loss did not improve in the last 31 records. Best score: 1.223. Signaling Trainer to stop.
[epoch   41] train_loss=0.4304 val_loss=11.1826
2026-06-17 14:50:36,498 - dataloader_debug - INFO - --- Valid Epoch 41: acc=0.1125 n=1120 (chance=0.25) ---
Monitored metric Valid/loss did not improve in the last 32 records. Best score: 1.223. Signaling Trainer to stop.
[epoch   42] train_loss=0.7667 val_loss=2.1883
2026-06-17 14:51:04,811 - dataloader_debug - INFO - --- Valid Epoch 42: acc=0.1616 n=1120 (chance=0.25) ---
Monitored metric Valid/loss did not improve in the last 33 records. Best score: 1.223. Signaling Trainer to stop.
[epoch   43] train_loss=0.9461 val_loss=2.6042
2026-06-17 14:51:30,912 - dataloader_debug - INFO - --- Valid Epoch 43: acc=0.1580 n=1120 (chance=0.25) ---
Monitored metric Valid/loss did not improve in the last 34 records. Best score: 1.223. Signaling Trainer to stop.
[epoch   44] train_loss=0.6139 val_loss=1.9912
2026-06-17 14:51:57,541 - dataloader_debug - INFO - --- Valid Epoch 44: acc=0.4964 n=1120 (chance=0.25) ---
Monitored metric Valid/loss did not improve in the last 35 records. Best score: 1.223. Signaling Trainer to stop.
[epoch   45] train_loss=0.3196 val_loss=7.9464
2026-06-17 14:52:20,103 - dataloader_debug - INFO - --- Valid Epoch 45: acc=0.1143 n=1120 (chance=0.25) ---
Monitored metric Valid/loss did not improve in the last 36 records. Best score: 1.223. Signaling Trainer to stop.
[epoch   46] train_loss=1.8509 val_loss=2.8283
2026-06-17 14:52:41,295 - dataloader_debug - INFO - --- Valid Epoch 46: acc=0.1893 n=1120 (chance=0.25) ---
Monitored metric Valid/loss did not improve in the last 37 records. Best score: 1.223. Signaling Trainer to stop.
[epoch   47] train_loss=0.4668 val_loss=3.6181
2026-06-17 14:53:03,295 - dataloader_debug - INFO - --- Valid Epoch 47: acc=0.5384 n=1120 (chance=0.25) ---
Monitored metric Valid/loss did not improve in the last 38 records. Best score: 1.223. Signaling Trainer to stop.
[epoch   48] train_loss=0.5709 val_loss=6.4251
2026-06-17 14:53:23,763 - dataloader_debug - INFO - --- Valid Epoch 48: acc=0.1295 n=1120 (chance=0.25) ---
Monitored metric Valid/loss did not improve in the last 39 records. Best score: 1.223. Signaling Trainer to stop.
[epoch   49] train_loss=0.5038 val_loss=2.9576
2026-06-17 14:53:44,277 - dataloader_debug - INFO - --- Valid Epoch 49: acc=0.1920 n=1120 (chance=0.25) ---
Monitored metric Valid/loss did not improve in the last 40 records. Best score: 1.223. Signaling Trainer to stop.
[[[ FINISH ]]] 2026-06-17 14:53:44.404218
  TEST
/home/andrea.giampietro/.conda/envs/eeg_attention/lib/python3.9/site-packages/lightning_fabric/__init__.py:29: UserWarning: pkg_resources is deprecated as an API. See https://setuptools.pypa.io/en/latest/pkg_resources.html. The pkg_resources package is slated for removal as early as 2025-11-30. Refrain from using this package or pin to Setuptools<81.
  __import__("pkg_resources").declare_namespace(__name__)
[paths] host=edu02 host_profile_keys=[] cpu=128 cpu_effective=8
[paths] dataset_dir=../dataset
[paths] log_dir=../results
[paths] workers=7
[rank: 0] Global seed set to 42
no augmentation
[cv] mode=leave_song_out held_out_id=2
Size of train dataset: 3388
Size of valid dataset: 1122
Size of test dataset: 104
[audio] SampleCNN2DEEG (4 independent encoders, Akama baseline)
Supervised classification (objective=classify_eeg, modality=eeg)
[paths] tty=False (progress bar off)
GPU available: True (cuda), used: True
TPU available: False, using: 0 TPU cores
IPU available: False, using: 0 IPUs
HPU available: False, using: 0 HPUs
Auto-discovered checkpoint: ../results/clf_eeg_lso_song2/nmed-CL-preprocessing_eegmusic/version_0/checkpoints/best-checkpoint.ckpt
[[[ START ]]] 2026-06-17 14:54:16.226442
[load] checkpoint state_dict matched the model exactly
You are using a CUDA device ('NVIDIA L40S') that has Tensor Cores. To properly utilize them, you should set `torch.set_float32_matmul_precision('medium' | 'high')` which will trade-off precision for performance. For more details, read https://pytorch.org/docs/stable/generated/torch.set_float32_matmul_precision.html#torch.set_float32_matmul_precision
LOCAL_RANK: 0 - CUDA_VISIBLE_DEVICES: [0]

===== SUPERVISED TEST RESULTS =====
objective: classify_eeg  |  chance = 0.25
Global accuracy (all data):        1.0000
Global accuracy (high attention):  1.0000
Per-class accuracy (all):          [1.0, nan, nan, nan]
===================================
== Supervised test (objective=classify_eeg) ==
chance: 0.2500
n_windows total: 104
n_windows high-attention: 104
global accuracy (records, all): 1.0000
global accuracy (records, attn): 1.0000
Figures saved to: ../results/clf_eeg_lso_song2/nmed-CL-preprocessing_eegmusic/version_1
[[[ FINISH ]]] 2026-06-17 14:54:18.835394

===== [14:54] clf_eeg_lso_song7  (elapsed 302m) =====
  TRAIN
/home/andrea.giampietro/.conda/envs/eeg_attention/lib/python3.9/site-packages/lightning_fabric/__init__.py:29: UserWarning: pkg_resources is deprecated as an API. See https://setuptools.pypa.io/en/latest/pkg_resources.html. The pkg_resources package is slated for removal as early as 2025-11-30. Refrain from using this package or pin to Setuptools<81.
  __import__("pkg_resources").declare_namespace(__name__)
[paths] host=edu02 host_profile_keys=[] cpu=128 cpu_effective=8
[paths] dataset_dir=../dataset
[paths] log_dir=../results
[paths] workers=7
[rank: 0] Global seed set to 42
no augmentation
[cv] mode=leave_song_out held_out_id=7
Size of train dataset: 3366
Size of valid dataset: 1144
Size of test dataset: 104
[audio] SampleCNN2DEEG (4 independent encoders, Akama baseline)
Supervised classification (objective=classify_eeg, modality=eeg)
[paths] tty=False (progress bar off, epoch summaries instead)
GPU available: True (cuda), used: True
TPU available: False, using: 0 TPU cores
IPU available: False, using: 0 IPUs
HPU available: False, using: 0 HPUs
[[[ START ]]] 2026-06-17 14:54:42.888399
You are using a CUDA device ('NVIDIA L40S') that has Tensor Cores. To properly utilize them, you should set `torch.set_float32_matmul_precision('medium' | 'high')` which will trade-off precision for performance. For more details, read https://pytorch.org/docs/stable/generated/torch.set_float32_matmul_precision.html#torch.set_float32_matmul_precision
Missing logger folder: ../results/clf_eeg_lso_song7/nmed-CL-preprocessing_eegmusic
LOCAL_RANK: 0 - CUDA_VISIBLE_DEVICES: [0]

  | Name        | Type             | Params
-------------------------------------------------
0 | encoder_eeg | SampleCNN2DEEG   | 116 K 
1 | classifier  | Linear           | 404   
2 | criterion   | CrossEntropyLoss | 0     
-------------------------------------------------
116 K     Trainable params
0         Non-trainable params
116 K     Total params
0.466     Total estimated model params size (MB)
SLURM auto-requeueing enabled. Setting signal handlers.
[epoch    0] train_loss=n/a val_loss=1.4667
2026-06-17 14:54:44,342 - dataloader_debug - INFO - --- Valid Epoch 0: acc=0.0000 n=16 (chance=0.25) ---
[epoch    0] train_loss=1.2965 val_loss=1.3538
2026-06-17 14:55:04,790 - dataloader_debug - INFO - --- Valid Epoch 0: acc=0.4878 n=1144 (chance=0.25) ---
Metric Valid/loss improved. New best score: 1.354
[epoch    1] train_loss=0.9835 val_loss=1.2454
2026-06-17 14:55:25,337 - dataloader_debug - INFO - --- Valid Epoch 1: acc=0.5673 n=1144 (chance=0.25) ---
Metric Valid/loss improved by 0.108 >= min_delta = 0.0. New best score: 1.245
[epoch    2] train_loss=1.2568 val_loss=1.2480
2026-06-17 14:55:46,109 - dataloader_debug - INFO - --- Valid Epoch 2: acc=0.5490 n=1144 (chance=0.25) ---
[epoch    3] train_loss=1.1957 val_loss=1.2806
2026-06-17 14:56:06,818 - dataloader_debug - INFO - --- Valid Epoch 3: acc=0.5664 n=1144 (chance=0.25) ---
[epoch    4] train_loss=1.3550 val_loss=1.2418
2026-06-17 14:56:27,876 - dataloader_debug - INFO - --- Valid Epoch 4: acc=0.5621 n=1144 (chance=0.25) ---
Metric Valid/loss improved by 0.004 >= min_delta = 0.0. New best score: 1.242
[epoch    5] train_loss=0.9961 val_loss=1.2504
2026-06-17 14:56:49,962 - dataloader_debug - INFO - --- Valid Epoch 5: acc=0.5455 n=1144 (chance=0.25) ---
[epoch    6] train_loss=1.2953 val_loss=1.2437
2026-06-17 14:57:11,018 - dataloader_debug - INFO - --- Valid Epoch 6: acc=0.5664 n=1144 (chance=0.25) ---
[epoch    7] train_loss=1.1350 val_loss=1.2498
2026-06-17 14:57:33,030 - dataloader_debug - INFO - --- Valid Epoch 7: acc=0.5044 n=1144 (chance=0.25) ---
[epoch    8] train_loss=1.4897 val_loss=1.3424
2026-06-17 14:57:53,960 - dataloader_debug - INFO - --- Valid Epoch 8: acc=0.5638 n=1144 (chance=0.25) ---
[epoch    9] train_loss=1.0531 val_loss=1.2955
2026-06-17 14:58:16,600 - dataloader_debug - INFO - --- Valid Epoch 9: acc=0.5315 n=1144 (chance=0.25) ---
[epoch   10] train_loss=1.1745 val_loss=1.2587
2026-06-17 14:58:37,488 - dataloader_debug - INFO - --- Valid Epoch 10: acc=0.5621 n=1144 (chance=0.25) ---
[epoch   11] train_loss=1.6631 val_loss=1.2583
2026-06-17 14:58:57,737 - dataloader_debug - INFO - --- Valid Epoch 11: acc=0.5621 n=1144 (chance=0.25) ---
[epoch   12] train_loss=1.5345 val_loss=1.3412
2026-06-17 14:59:18,419 - dataloader_debug - INFO - --- Valid Epoch 12: acc=0.5393 n=1144 (chance=0.25) ---
[epoch   13] train_loss=1.1855 val_loss=1.3651
2026-06-17 14:59:40,485 - dataloader_debug - INFO - --- Valid Epoch 13: acc=0.5350 n=1144 (chance=0.25) ---
[epoch   14] train_loss=1.1545 val_loss=1.3512
2026-06-17 15:00:02,041 - dataloader_debug - INFO - --- Valid Epoch 14: acc=0.4100 n=1144 (chance=0.25) ---
Monitored metric Valid/loss did not improve in the last 10 records. Best score: 1.242. Signaling Trainer to stop.
Trainer was signaled to stop but the required `min_epochs=50` or `min_steps=None` has not been met. Training will continue...
[epoch   15] train_loss=1.4188 val_loss=1.2682
2026-06-17 15:00:22,873 - dataloader_debug - INFO - --- Valid Epoch 15: acc=0.5157 n=1144 (chance=0.25) ---
Monitored metric Valid/loss did not improve in the last 11 records. Best score: 1.242. Signaling Trainer to stop.
[epoch   16] train_loss=1.2167 val_loss=1.3002
2026-06-17 15:00:43,557 - dataloader_debug - INFO - --- Valid Epoch 16: acc=0.4948 n=1144 (chance=0.25) ---
Monitored metric Valid/loss did not improve in the last 12 records. Best score: 1.242. Signaling Trainer to stop.
[epoch   17] train_loss=0.8108 val_loss=1.3240
2026-06-17 15:01:04,425 - dataloader_debug - INFO - --- Valid Epoch 17: acc=0.5219 n=1144 (chance=0.25) ---
Monitored metric Valid/loss did not improve in the last 13 records. Best score: 1.242. Signaling Trainer to stop.
[epoch   18] train_loss=1.2913 val_loss=1.4462
2026-06-17 15:01:25,276 - dataloader_debug - INFO - --- Valid Epoch 18: acc=0.5376 n=1144 (chance=0.25) ---
Monitored metric Valid/loss did not improve in the last 14 records. Best score: 1.242. Signaling Trainer to stop.
[epoch   19] train_loss=1.2968 val_loss=1.3853
2026-06-17 15:01:46,104 - dataloader_debug - INFO - --- Valid Epoch 19: acc=0.3453 n=1144 (chance=0.25) ---
Monitored metric Valid/loss did not improve in the last 15 records. Best score: 1.242. Signaling Trainer to stop.
[epoch   20] train_loss=0.7584 val_loss=1.4049
2026-06-17 15:02:07,019 - dataloader_debug - INFO - --- Valid Epoch 20: acc=0.3462 n=1144 (chance=0.25) ---
Monitored metric Valid/loss did not improve in the last 16 records. Best score: 1.242. Signaling Trainer to stop.
[epoch   21] train_loss=1.3810 val_loss=1.4317
2026-06-17 15:02:28,039 - dataloader_debug - INFO - --- Valid Epoch 21: acc=0.5446 n=1144 (chance=0.25) ---
Monitored metric Valid/loss did not improve in the last 17 records. Best score: 1.242. Signaling Trainer to stop.
[epoch   22] train_loss=1.0121 val_loss=1.3969
2026-06-17 15:02:48,937 - dataloader_debug - INFO - --- Valid Epoch 22: acc=0.5201 n=1144 (chance=0.25) ---
Monitored metric Valid/loss did not improve in the last 18 records. Best score: 1.242. Signaling Trainer to stop.
[epoch   23] train_loss=1.0156 val_loss=1.5226
2026-06-17 15:03:09,406 - dataloader_debug - INFO - --- Valid Epoch 23: acc=0.5219 n=1144 (chance=0.25) ---
Monitored metric Valid/loss did not improve in the last 19 records. Best score: 1.242. Signaling Trainer to stop.
[epoch   24] train_loss=1.2550 val_loss=1.5207
2026-06-17 15:03:29,966 - dataloader_debug - INFO - --- Valid Epoch 24: acc=0.2684 n=1144 (chance=0.25) ---
Monitored metric Valid/loss did not improve in the last 20 records. Best score: 1.242. Signaling Trainer to stop.
[epoch   25] train_loss=0.8695 val_loss=1.4654
2026-06-17 15:03:50,305 - dataloader_debug - INFO - --- Valid Epoch 25: acc=0.3811 n=1144 (chance=0.25) ---
Monitored metric Valid/loss did not improve in the last 21 records. Best score: 1.242. Signaling Trainer to stop.
[epoch   26] train_loss=1.4196 val_loss=1.8416
2026-06-17 15:04:11,191 - dataloader_debug - INFO - --- Valid Epoch 26: acc=0.1818 n=1144 (chance=0.25) ---
Monitored metric Valid/loss did not improve in the last 22 records. Best score: 1.242. Signaling Trainer to stop.
[epoch   27] train_loss=1.3348 val_loss=1.7860
2026-06-17 15:04:31,769 - dataloader_debug - INFO - --- Valid Epoch 27: acc=0.2334 n=1144 (chance=0.25) ---
Monitored metric Valid/loss did not improve in the last 23 records. Best score: 1.242. Signaling Trainer to stop.
[epoch   28] train_loss=0.8634 val_loss=1.4438
2026-06-17 15:04:52,631 - dataloader_debug - INFO - --- Valid Epoch 28: acc=0.3969 n=1144 (chance=0.25) ---
Monitored metric Valid/loss did not improve in the last 24 records. Best score: 1.242. Signaling Trainer to stop.
[epoch   29] train_loss=1.0264 val_loss=1.4860
2026-06-17 15:05:13,630 - dataloader_debug - INFO - --- Valid Epoch 29: acc=0.4240 n=1144 (chance=0.25) ---
Monitored metric Valid/loss did not improve in the last 25 records. Best score: 1.242. Signaling Trainer to stop.
[epoch   30] train_loss=1.2065 val_loss=1.4571
2026-06-17 15:05:34,396 - dataloader_debug - INFO - --- Valid Epoch 30: acc=0.5035 n=1144 (chance=0.25) ---
Monitored metric Valid/loss did not improve in the last 26 records. Best score: 1.242. Signaling Trainer to stop.
[epoch   31] train_loss=0.7478 val_loss=1.7127
2026-06-17 15:05:55,065 - dataloader_debug - INFO - --- Valid Epoch 31: acc=0.5306 n=1144 (chance=0.25) ---
Monitored metric Valid/loss did not improve in the last 27 records. Best score: 1.242. Signaling Trainer to stop.
[epoch   32] train_loss=1.5231 val_loss=3.5814
2026-06-17 15:06:15,855 - dataloader_debug - INFO - --- Valid Epoch 32: acc=0.1827 n=1144 (chance=0.25) ---
Monitored metric Valid/loss did not improve in the last 28 records. Best score: 1.242. Signaling Trainer to stop.
[epoch   33] train_loss=0.6181 val_loss=2.0109
2026-06-17 15:06:36,515 - dataloader_debug - INFO - --- Valid Epoch 33: acc=0.4458 n=1144 (chance=0.25) ---
Monitored metric Valid/loss did not improve in the last 29 records. Best score: 1.242. Signaling Trainer to stop.
[epoch   34] train_loss=0.4639 val_loss=2.8647
2026-06-17 15:06:57,609 - dataloader_debug - INFO - --- Valid Epoch 34: acc=0.1809 n=1144 (chance=0.25) ---
Monitored metric Valid/loss did not improve in the last 30 records. Best score: 1.242. Signaling Trainer to stop.
[epoch   35] train_loss=0.7102 val_loss=2.5865
2026-06-17 15:07:18,840 - dataloader_debug - INFO - --- Valid Epoch 35: acc=0.2045 n=1144 (chance=0.25) ---
Monitored metric Valid/loss did not improve in the last 31 records. Best score: 1.242. Signaling Trainer to stop.
[epoch   36] train_loss=0.8326 val_loss=1.7232
2026-06-17 15:07:40,300 - dataloader_debug - INFO - --- Valid Epoch 36: acc=0.4913 n=1144 (chance=0.25) ---
Monitored metric Valid/loss did not improve in the last 32 records. Best score: 1.242. Signaling Trainer to stop.
[epoch   37] train_loss=1.1282 val_loss=3.7246
2026-06-17 15:08:02,082 - dataloader_debug - INFO - --- Valid Epoch 37: acc=0.1670 n=1144 (chance=0.25) ---
Monitored metric Valid/loss did not improve in the last 33 records. Best score: 1.242. Signaling Trainer to stop.
[epoch   38] train_loss=0.8200 val_loss=3.9414
2026-06-17 15:08:23,197 - dataloader_debug - INFO - --- Valid Epoch 38: acc=0.1521 n=1144 (chance=0.25) ---
Monitored metric Valid/loss did not improve in the last 34 records. Best score: 1.242. Signaling Trainer to stop.
[epoch   39] train_loss=1.1690 val_loss=4.8709
2026-06-17 15:08:44,358 - dataloader_debug - INFO - --- Valid Epoch 39: acc=0.1215 n=1144 (chance=0.25) ---
Monitored metric Valid/loss did not improve in the last 35 records. Best score: 1.242. Signaling Trainer to stop.
[epoch   40] train_loss=1.0722 val_loss=3.4834
2026-06-17 15:09:06,197 - dataloader_debug - INFO - --- Valid Epoch 40: acc=0.4003 n=1144 (chance=0.25) ---
Monitored metric Valid/loss did not improve in the last 36 records. Best score: 1.242. Signaling Trainer to stop.
[epoch   41] train_loss=0.2771 val_loss=5.5972
2026-06-17 15:09:29,362 - dataloader_debug - INFO - --- Valid Epoch 41: acc=0.1818 n=1144 (chance=0.25) ---
Monitored metric Valid/loss did not improve in the last 37 records. Best score: 1.242. Signaling Trainer to stop.
[epoch   42] train_loss=0.9728 val_loss=3.8340
2026-06-17 15:09:51,585 - dataloader_debug - INFO - --- Valid Epoch 42: acc=0.2238 n=1144 (chance=0.25) ---
Monitored metric Valid/loss did not improve in the last 38 records. Best score: 1.242. Signaling Trainer to stop.
[epoch   43] train_loss=0.6295 val_loss=3.2907
2026-06-17 15:10:13,431 - dataloader_debug - INFO - --- Valid Epoch 43: acc=0.3059 n=1144 (chance=0.25) ---
Monitored metric Valid/loss did not improve in the last 39 records. Best score: 1.242. Signaling Trainer to stop.
[epoch   44] train_loss=1.4284 val_loss=3.1752
2026-06-17 15:10:35,178 - dataloader_debug - INFO - --- Valid Epoch 44: acc=0.1591 n=1144 (chance=0.25) ---
Monitored metric Valid/loss did not improve in the last 40 records. Best score: 1.242. Signaling Trainer to stop.
[epoch   45] train_loss=0.8169 val_loss=4.3379
2026-06-17 15:10:56,046 - dataloader_debug - INFO - --- Valid Epoch 45: acc=0.1512 n=1144 (chance=0.25) ---
Monitored metric Valid/loss did not improve in the last 41 records. Best score: 1.242. Signaling Trainer to stop.
[epoch   46] train_loss=1.2539 val_loss=4.5644
2026-06-17 15:11:17,156 - dataloader_debug - INFO - --- Valid Epoch 46: acc=0.2054 n=1144 (chance=0.25) ---
Monitored metric Valid/loss did not improve in the last 42 records. Best score: 1.242. Signaling Trainer to stop.
[epoch   47] train_loss=0.8813 val_loss=3.9543
2026-06-17 15:11:38,378 - dataloader_debug - INFO - --- Valid Epoch 47: acc=0.2483 n=1144 (chance=0.25) ---
Monitored metric Valid/loss did not improve in the last 43 records. Best score: 1.242. Signaling Trainer to stop.
[epoch   48] train_loss=0.5398 val_loss=3.5488
2026-06-17 15:11:59,244 - dataloader_debug - INFO - --- Valid Epoch 48: acc=0.1503 n=1144 (chance=0.25) ---
Monitored metric Valid/loss did not improve in the last 44 records. Best score: 1.242. Signaling Trainer to stop.
[epoch   49] train_loss=0.7764 val_loss=2.3302
2026-06-17 15:12:20,214 - dataloader_debug - INFO - --- Valid Epoch 49: acc=0.2614 n=1144 (chance=0.25) ---
Monitored metric Valid/loss did not improve in the last 45 records. Best score: 1.242. Signaling Trainer to stop.
[[[ FINISH ]]] 2026-06-17 15:12:20.326026
  TEST
/home/andrea.giampietro/.conda/envs/eeg_attention/lib/python3.9/site-packages/lightning_fabric/__init__.py:29: UserWarning: pkg_resources is deprecated as an API. See https://setuptools.pypa.io/en/latest/pkg_resources.html. The pkg_resources package is slated for removal as early as 2025-11-30. Refrain from using this package or pin to Setuptools<81.
  __import__("pkg_resources").declare_namespace(__name__)
[paths] host=edu02 host_profile_keys=[] cpu=128 cpu_effective=8
[paths] dataset_dir=../dataset
[paths] log_dir=../results
[paths] workers=7
[rank: 0] Global seed set to 42
no augmentation
[cv] mode=leave_song_out held_out_id=7
Size of train dataset: 3366
Size of valid dataset: 1144
Size of test dataset: 104
[audio] SampleCNN2DEEG (4 independent encoders, Akama baseline)
Supervised classification (objective=classify_eeg, modality=eeg)
[paths] tty=False (progress bar off)
GPU available: True (cuda), used: True
TPU available: False, using: 0 TPU cores
IPU available: False, using: 0 IPUs
HPU available: False, using: 0 HPUs
Auto-discovered checkpoint: ../results/clf_eeg_lso_song7/nmed-CL-preprocessing_eegmusic/version_0/checkpoints/best-checkpoint.ckpt
[[[ START ]]] 2026-06-17 15:12:52.070443
[load] checkpoint state_dict matched the model exactly
You are using a CUDA device ('NVIDIA L40S') that has Tensor Cores. To properly utilize them, you should set `torch.set_float32_matmul_precision('medium' | 'high')` which will trade-off precision for performance. For more details, read https://pytorch.org/docs/stable/generated/torch.set_float32_matmul_precision.html#torch.set_float32_matmul_precision
LOCAL_RANK: 0 - CUDA_VISIBLE_DEVICES: [0]

===== SUPERVISED TEST RESULTS =====
objective: classify_eeg  |  chance = 0.25
Global accuracy (all data):        0.0000
Global accuracy (high attention):  0.0000
Per-class accuracy (all):          [nan, 0.0, nan, nan]
===================================
== Supervised test (objective=classify_eeg) ==
chance: 0.2500
n_windows total: 104
n_windows high-attention: 104
global accuracy (records, all): 0.0000
global accuracy (records, attn): 0.0000
Figures saved to: ../results/clf_eeg_lso_song7/nmed-CL-preprocessing_eegmusic/version_1
[[[ FINISH ]]] 2026-06-17 15:12:54.590762

===== [15:12] clf_eeg_lso_song44  (elapsed 321m) =====
  TRAIN
/home/andrea.giampietro/.conda/envs/eeg_attention/lib/python3.9/site-packages/lightning_fabric/__init__.py:29: UserWarning: pkg_resources is deprecated as an API. See https://setuptools.pypa.io/en/latest/pkg_resources.html. The pkg_resources package is slated for removal as early as 2025-11-30. Refrain from using this package or pin to Setuptools<81.
  __import__("pkg_resources").declare_namespace(__name__)
[paths] host=edu02 host_profile_keys=[] cpu=128 cpu_effective=8
[paths] dataset_dir=../dataset
[paths] log_dir=../results
[paths] workers=7
[rank: 0] Global seed set to 42
no augmentation
[cv] mode=leave_song_out held_out_id=44
Size of train dataset: 3421
Size of valid dataset: 1122
Size of test dataset: 104
[audio] SampleCNN2DEEG (4 independent encoders, Akama baseline)
Supervised classification (objective=classify_eeg, modality=eeg)
[paths] tty=False (progress bar off, epoch summaries instead)
GPU available: True (cuda), used: True
TPU available: False, using: 0 TPU cores
IPU available: False, using: 0 IPUs
HPU available: False, using: 0 HPUs
[[[ START ]]] 2026-06-17 15:13:22.996308
You are using a CUDA device ('NVIDIA L40S') that has Tensor Cores. To properly utilize them, you should set `torch.set_float32_matmul_precision('medium' | 'high')` which will trade-off precision for performance. For more details, read https://pytorch.org/docs/stable/generated/torch.set_float32_matmul_precision.html#torch.set_float32_matmul_precision
Missing logger folder: ../results/clf_eeg_lso_song44/nmed-CL-preprocessing_eegmusic
LOCAL_RANK: 0 - CUDA_VISIBLE_DEVICES: [0]

  | Name        | Type             | Params
-------------------------------------------------
0 | encoder_eeg | SampleCNN2DEEG   | 116 K 
1 | classifier  | Linear           | 404   
2 | criterion   | CrossEntropyLoss | 0     
-------------------------------------------------
116 K     Trainable params
0         Non-trainable params
116 K     Total params
0.466     Total estimated model params size (MB)
SLURM auto-requeueing enabled. Setting signal handlers.
[epoch    0] train_loss=n/a val_loss=1.4667
2026-06-17 15:13:24,476 - dataloader_debug - INFO - --- Valid Epoch 0: acc=0.0000 n=16 (chance=0.25) ---
[epoch    0] train_loss=1.3954 val_loss=1.2534
2026-06-17 15:13:45,688 - dataloader_debug - INFO - --- Valid Epoch 0: acc=0.5750 n=1120 (chance=0.25) ---
Metric Valid/loss improved. New best score: 1.253
[epoch    1] train_loss=1.0943 val_loss=1.2629
2026-06-17 15:14:06,834 - dataloader_debug - INFO - --- Valid Epoch 1: acc=0.5786 n=1120 (chance=0.25) ---
[epoch    2] train_loss=1.2177 val_loss=1.2986
2026-06-17 15:14:27,853 - dataloader_debug - INFO - --- Valid Epoch 2: acc=0.5839 n=1120 (chance=0.25) ---
[epoch    3] train_loss=1.1322 val_loss=1.2338
2026-06-17 15:14:48,881 - dataloader_debug - INFO - --- Valid Epoch 3: acc=0.5795 n=1120 (chance=0.25) ---
Metric Valid/loss improved by 0.020 >= min_delta = 0.0. New best score: 1.234
[epoch    4] train_loss=1.1572 val_loss=1.2680
2026-06-17 15:15:10,917 - dataloader_debug - INFO - --- Valid Epoch 4: acc=0.5759 n=1120 (chance=0.25) ---
[epoch    5] train_loss=1.0586 val_loss=1.1975
2026-06-17 15:15:33,036 - dataloader_debug - INFO - --- Valid Epoch 5: acc=0.5777 n=1120 (chance=0.25) ---
Metric Valid/loss improved by 0.036 >= min_delta = 0.0. New best score: 1.197
[epoch    6] train_loss=1.0732 val_loss=1.2428
2026-06-17 15:15:54,349 - dataloader_debug - INFO - --- Valid Epoch 6: acc=0.5723 n=1120 (chance=0.25) ---
[epoch    7] train_loss=0.8428 val_loss=1.2869
2026-06-17 15:16:15,598 - dataloader_debug - INFO - --- Valid Epoch 7: acc=0.5705 n=1120 (chance=0.25) ---
[epoch    8] train_loss=1.1309 val_loss=1.2220
2026-06-17 15:16:37,400 - dataloader_debug - INFO - --- Valid Epoch 8: acc=0.5554 n=1120 (chance=0.25) ---
[epoch    9] train_loss=1.4573 val_loss=1.2726
2026-06-17 15:16:59,150 - dataloader_debug - INFO - --- Valid Epoch 9: acc=0.5089 n=1120 (chance=0.25) ---
[epoch   10] train_loss=0.8356 val_loss=1.3976
2026-06-17 15:17:20,460 - dataloader_debug - INFO - --- Valid Epoch 10: acc=0.3955 n=1120 (chance=0.25) ---
[epoch   11] train_loss=1.0624 val_loss=1.2410
2026-06-17 15:17:42,322 - dataloader_debug - INFO - --- Valid Epoch 11: acc=0.5786 n=1120 (chance=0.25) ---
[epoch   12] train_loss=1.1128 val_loss=1.5512
2026-06-17 15:18:04,626 - dataloader_debug - INFO - --- Valid Epoch 12: acc=0.3723 n=1120 (chance=0.25) ---
[epoch   13] train_loss=1.2489 val_loss=1.2421
2026-06-17 15:18:25,989 - dataloader_debug - INFO - --- Valid Epoch 13: acc=0.5482 n=1120 (chance=0.25) ---
[epoch   14] train_loss=1.2002 val_loss=1.2857
2026-06-17 15:18:48,414 - dataloader_debug - INFO - --- Valid Epoch 14: acc=0.5420 n=1120 (chance=0.25) ---
[epoch   15] train_loss=0.8639 val_loss=1.3944
2026-06-17 15:19:09,025 - dataloader_debug - INFO - --- Valid Epoch 15: acc=0.2991 n=1120 (chance=0.25) ---
Monitored metric Valid/loss did not improve in the last 10 records. Best score: 1.197. Signaling Trainer to stop.
Trainer was signaled to stop but the required `min_epochs=50` or `min_steps=None` has not been met. Training will continue...
[epoch   16] train_loss=0.8738 val_loss=1.3053
2026-06-17 15:19:30,081 - dataloader_debug - INFO - --- Valid Epoch 16: acc=0.5062 n=1120 (chance=0.25) ---
Monitored metric Valid/loss did not improve in the last 11 records. Best score: 1.197. Signaling Trainer to stop.
[epoch   17] train_loss=1.4398 val_loss=1.4123
2026-06-17 15:19:50,903 - dataloader_debug - INFO - --- Valid Epoch 17: acc=0.4223 n=1120 (chance=0.25) ---
Monitored metric Valid/loss did not improve in the last 12 records. Best score: 1.197. Signaling Trainer to stop.
[epoch   18] train_loss=1.1989 val_loss=1.2377
2026-06-17 15:20:11,868 - dataloader_debug - INFO - --- Valid Epoch 18: acc=0.5759 n=1120 (chance=0.25) ---
Monitored metric Valid/loss did not improve in the last 13 records. Best score: 1.197. Signaling Trainer to stop.
[epoch   19] train_loss=1.0270 val_loss=1.3777
2026-06-17 15:20:32,497 - dataloader_debug - INFO - --- Valid Epoch 19: acc=0.5598 n=1120 (chance=0.25) ---
Monitored metric Valid/loss did not improve in the last 14 records. Best score: 1.197. Signaling Trainer to stop.
[epoch   20] train_loss=1.4024 val_loss=1.3915
2026-06-17 15:20:53,456 - dataloader_debug - INFO - --- Valid Epoch 20: acc=0.3482 n=1120 (chance=0.25) ---
Monitored metric Valid/loss did not improve in the last 15 records. Best score: 1.197. Signaling Trainer to stop.
[epoch   21] train_loss=0.8182 val_loss=2.0419
2026-06-17 15:21:14,278 - dataloader_debug - INFO - --- Valid Epoch 21: acc=0.1250 n=1120 (chance=0.25) ---
Monitored metric Valid/loss did not improve in the last 16 records. Best score: 1.197. Signaling Trainer to stop.
[epoch   22] train_loss=0.9694 val_loss=1.3861
2026-06-17 15:21:35,080 - dataloader_debug - INFO - --- Valid Epoch 22: acc=0.3509 n=1120 (chance=0.25) ---
Monitored metric Valid/loss did not improve in the last 17 records. Best score: 1.197. Signaling Trainer to stop.
[epoch   23] train_loss=1.0465 val_loss=2.5925
2026-06-17 15:21:55,948 - dataloader_debug - INFO - --- Valid Epoch 23: acc=0.1509 n=1120 (chance=0.25) ---
Monitored metric Valid/loss did not improve in the last 18 records. Best score: 1.197. Signaling Trainer to stop.
[epoch   24] train_loss=1.2301 val_loss=1.9288
2026-06-17 15:22:16,481 - dataloader_debug - INFO - --- Valid Epoch 24: acc=0.5625 n=1120 (chance=0.25) ---
Monitored metric Valid/loss did not improve in the last 19 records. Best score: 1.197. Signaling Trainer to stop.
[epoch   25] train_loss=0.9836 val_loss=1.3009
2026-06-17 15:22:36,938 - dataloader_debug - INFO - --- Valid Epoch 25: acc=0.5045 n=1120 (chance=0.25) ---
Monitored metric Valid/loss did not improve in the last 20 records. Best score: 1.197. Signaling Trainer to stop.
[epoch   26] train_loss=1.0906 val_loss=1.3716
2026-06-17 15:22:57,337 - dataloader_debug - INFO - --- Valid Epoch 26: acc=0.5152 n=1120 (chance=0.25) ---
Monitored metric Valid/loss did not improve in the last 21 records. Best score: 1.197. Signaling Trainer to stop.
[epoch   27] train_loss=1.3183 val_loss=2.0658
2026-06-17 15:23:18,053 - dataloader_debug - INFO - --- Valid Epoch 27: acc=0.1321 n=1120 (chance=0.25) ---
Monitored metric Valid/loss did not improve in the last 22 records. Best score: 1.197. Signaling Trainer to stop.
[epoch   28] train_loss=0.7265 val_loss=1.5265
2026-06-17 15:23:38,429 - dataloader_debug - INFO - --- Valid Epoch 28: acc=0.2402 n=1120 (chance=0.25) ---
Monitored metric Valid/loss did not improve in the last 23 records. Best score: 1.197. Signaling Trainer to stop.
[epoch   29] train_loss=0.9661 val_loss=1.5649
2026-06-17 15:23:59,132 - dataloader_debug - INFO - --- Valid Epoch 29: acc=0.2562 n=1120 (chance=0.25) ---
Monitored metric Valid/loss did not improve in the last 24 records. Best score: 1.197. Signaling Trainer to stop.
[epoch   30] train_loss=0.9745 val_loss=1.8047
2026-06-17 15:24:19,983 - dataloader_debug - INFO - --- Valid Epoch 30: acc=0.1911 n=1120 (chance=0.25) ---
Monitored metric Valid/loss did not improve in the last 25 records. Best score: 1.197. Signaling Trainer to stop.
[epoch   31] train_loss=1.0642 val_loss=1.5358
2026-06-17 15:24:40,699 - dataloader_debug - INFO - --- Valid Epoch 31: acc=0.2723 n=1120 (chance=0.25) ---
Monitored metric Valid/loss did not improve in the last 26 records. Best score: 1.197. Signaling Trainer to stop.
[epoch   32] train_loss=1.8601 val_loss=1.4741
2026-06-17 15:25:01,952 - dataloader_debug - INFO - --- Valid Epoch 32: acc=0.5500 n=1120 (chance=0.25) ---
Monitored metric Valid/loss did not improve in the last 27 records. Best score: 1.197. Signaling Trainer to stop.
[epoch   33] train_loss=1.1303 val_loss=1.8560
2026-06-17 15:25:23,137 - dataloader_debug - INFO - --- Valid Epoch 33: acc=0.2411 n=1120 (chance=0.25) ---
Monitored metric Valid/loss did not improve in the last 28 records. Best score: 1.197. Signaling Trainer to stop.
[epoch   34] train_loss=1.0373 val_loss=2.1197
2026-06-17 15:25:44,095 - dataloader_debug - INFO - --- Valid Epoch 34: acc=0.5580 n=1120 (chance=0.25) ---
Monitored metric Valid/loss did not improve in the last 29 records. Best score: 1.197. Signaling Trainer to stop.
[epoch   35] train_loss=1.0696 val_loss=1.9266
2026-06-17 15:26:04,653 - dataloader_debug - INFO - --- Valid Epoch 35: acc=0.3250 n=1120 (chance=0.25) ---
Monitored metric Valid/loss did not improve in the last 30 records. Best score: 1.197. Signaling Trainer to stop.
[epoch   36] train_loss=1.0108 val_loss=3.0863
2026-06-17 15:26:26,892 - dataloader_debug - INFO - --- Valid Epoch 36: acc=0.2143 n=1120 (chance=0.25) ---
Monitored metric Valid/loss did not improve in the last 31 records. Best score: 1.197. Signaling Trainer to stop.
[epoch   37] train_loss=1.0546 val_loss=2.1586
2026-06-17 15:26:49,911 - dataloader_debug - INFO - --- Valid Epoch 37: acc=0.2009 n=1120 (chance=0.25) ---
Monitored metric Valid/loss did not improve in the last 32 records. Best score: 1.197. Signaling Trainer to stop.
[epoch   38] train_loss=0.5212 val_loss=1.7891
2026-06-17 15:27:12,784 - dataloader_debug - INFO - --- Valid Epoch 38: acc=0.4009 n=1120 (chance=0.25) ---
Monitored metric Valid/loss did not improve in the last 33 records. Best score: 1.197. Signaling Trainer to stop.
[epoch   39] train_loss=1.0702 val_loss=2.6298
2026-06-17 15:27:33,554 - dataloader_debug - INFO - --- Valid Epoch 39: acc=0.1920 n=1120 (chance=0.25) ---
Monitored metric Valid/loss did not improve in the last 34 records. Best score: 1.197. Signaling Trainer to stop.
[epoch   40] train_loss=0.8207 val_loss=2.7549
2026-06-17 15:27:55,557 - dataloader_debug - INFO - --- Valid Epoch 40: acc=0.1491 n=1120 (chance=0.25) ---
Monitored metric Valid/loss did not improve in the last 35 records. Best score: 1.197. Signaling Trainer to stop.
[epoch   41] train_loss=0.6634 val_loss=3.2740
2026-06-17 15:28:16,975 - dataloader_debug - INFO - --- Valid Epoch 41: acc=0.1857 n=1120 (chance=0.25) ---
Monitored metric Valid/loss did not improve in the last 36 records. Best score: 1.197. Signaling Trainer to stop.
[epoch   42] train_loss=0.5369 val_loss=3.4298
2026-06-17 15:28:37,626 - dataloader_debug - INFO - --- Valid Epoch 42: acc=0.1973 n=1120 (chance=0.25) ---
Monitored metric Valid/loss did not improve in the last 37 records. Best score: 1.197. Signaling Trainer to stop.
[epoch   43] train_loss=0.4273 val_loss=6.9529
2026-06-17 15:28:58,377 - dataloader_debug - INFO - --- Valid Epoch 43: acc=0.1036 n=1120 (chance=0.25) ---
Monitored metric Valid/loss did not improve in the last 38 records. Best score: 1.197. Signaling Trainer to stop.
[epoch   44] train_loss=0.4763 val_loss=6.5093
2026-06-17 15:29:19,320 - dataloader_debug - INFO - --- Valid Epoch 44: acc=0.1973 n=1120 (chance=0.25) ---
Monitored metric Valid/loss did not improve in the last 39 records. Best score: 1.197. Signaling Trainer to stop.
[epoch   45] train_loss=0.5665 val_loss=2.2578
2026-06-17 15:29:40,326 - dataloader_debug - INFO - --- Valid Epoch 45: acc=0.4679 n=1120 (chance=0.25) ---
Monitored metric Valid/loss did not improve in the last 40 records. Best score: 1.197. Signaling Trainer to stop.
[epoch   46] train_loss=1.3780 val_loss=8.4990
2026-06-17 15:30:01,062 - dataloader_debug - INFO - --- Valid Epoch 46: acc=0.1866 n=1120 (chance=0.25) ---
Monitored metric Valid/loss did not improve in the last 41 records. Best score: 1.197. Signaling Trainer to stop.
[epoch   47] train_loss=0.4448 val_loss=6.1901
2026-06-17 15:30:21,832 - dataloader_debug - INFO - --- Valid Epoch 47: acc=0.1812 n=1120 (chance=0.25) ---
Monitored metric Valid/loss did not improve in the last 42 records. Best score: 1.197. Signaling Trainer to stop.
[epoch   48] train_loss=0.5292 val_loss=2.9447
2026-06-17 15:30:42,361 - dataloader_debug - INFO - --- Valid Epoch 48: acc=0.3152 n=1120 (chance=0.25) ---
Monitored metric Valid/loss did not improve in the last 43 records. Best score: 1.197. Signaling Trainer to stop.
[epoch   49] train_loss=0.5110 val_loss=3.7191
2026-06-17 15:31:03,265 - dataloader_debug - INFO - --- Valid Epoch 49: acc=0.1884 n=1120 (chance=0.25) ---
Monitored metric Valid/loss did not improve in the last 44 records. Best score: 1.197. Signaling Trainer to stop.
[[[ FINISH ]]] 2026-06-17 15:31:03.378489
  TEST
/home/andrea.giampietro/.conda/envs/eeg_attention/lib/python3.9/site-packages/lightning_fabric/__init__.py:29: UserWarning: pkg_resources is deprecated as an API. See https://setuptools.pypa.io/en/latest/pkg_resources.html. The pkg_resources package is slated for removal as early as 2025-11-30. Refrain from using this package or pin to Setuptools<81.
  __import__("pkg_resources").declare_namespace(__name__)
[paths] host=edu02 host_profile_keys=[] cpu=128 cpu_effective=8
[paths] dataset_dir=../dataset
[paths] log_dir=../results
[paths] workers=7
[rank: 0] Global seed set to 42
no augmentation
[cv] mode=leave_song_out held_out_id=44
Size of train dataset: 3421
Size of valid dataset: 1122
Size of test dataset: 104
[audio] SampleCNN2DEEG (4 independent encoders, Akama baseline)
Supervised classification (objective=classify_eeg, modality=eeg)
[paths] tty=False (progress bar off)
GPU available: True (cuda), used: True
TPU available: False, using: 0 TPU cores
IPU available: False, using: 0 IPUs
HPU available: False, using: 0 HPUs
Auto-discovered checkpoint: ../results/clf_eeg_lso_song44/nmed-CL-preprocessing_eegmusic/version_0/checkpoints/best-checkpoint.ckpt
[[[ START ]]] 2026-06-17 15:31:33.622871
[load] checkpoint state_dict matched the model exactly
You are using a CUDA device ('NVIDIA L40S') that has Tensor Cores. To properly utilize them, you should set `torch.set_float32_matmul_precision('medium' | 'high')` which will trade-off precision for performance. For more details, read https://pytorch.org/docs/stable/generated/torch.set_float32_matmul_precision.html#torch.set_float32_matmul_precision
LOCAL_RANK: 0 - CUDA_VISIBLE_DEVICES: [0]

===== SUPERVISED TEST RESULTS =====
objective: classify_eeg  |  chance = 0.25
Global accuracy (all data):        0.0000
Global accuracy (high attention):  0.0000
Per-class accuracy (all):          [nan, nan, 0.0, nan]
===================================
== Supervised test (objective=classify_eeg) ==
chance: 0.2500
n_windows total: 104
n_windows high-attention: 13
global accuracy (records, all): 0.0000
global accuracy (records, attn): 0.0000
Figures saved to: ../results/clf_eeg_lso_song44/nmed-CL-preprocessing_eegmusic/version_1
[[[ FINISH ]]] 2026-06-17 15:31:35.941268

===== [15:31] clf_eeg_lso_song8  (elapsed 339m) =====
  TRAIN
/home/andrea.giampietro/.conda/envs/eeg_attention/lib/python3.9/site-packages/lightning_fabric/__init__.py:29: UserWarning: pkg_resources is deprecated as an API. See https://setuptools.pypa.io/en/latest/pkg_resources.html. The pkg_resources package is slated for removal as early as 2025-11-30. Refrain from using this package or pin to Setuptools<81.
  __import__("pkg_resources").declare_namespace(__name__)
[paths] host=edu02 host_profile_keys=[] cpu=128 cpu_effective=8
[paths] dataset_dir=../dataset
[paths] log_dir=../results
[paths] workers=7
[rank: 0] Global seed set to 42
no augmentation
[cv] mode=leave_song_out held_out_id=8
Size of train dataset: 3410
Size of valid dataset: 1100
Size of test dataset: 104
[audio] SampleCNN2DEEG (4 independent encoders, Akama baseline)
Supervised classification (objective=classify_eeg, modality=eeg)
[paths] tty=False (progress bar off, epoch summaries instead)
GPU available: True (cuda), used: True
TPU available: False, using: 0 TPU cores
IPU available: False, using: 0 IPUs
HPU available: False, using: 0 HPUs
[[[ START ]]] 2026-06-17 15:31:59.174684
You are using a CUDA device ('NVIDIA L40S') that has Tensor Cores. To properly utilize them, you should set `torch.set_float32_matmul_precision('medium' | 'high')` which will trade-off precision for performance. For more details, read https://pytorch.org/docs/stable/generated/torch.set_float32_matmul_precision.html#torch.set_float32_matmul_precision
Missing logger folder: ../results/clf_eeg_lso_song8/nmed-CL-preprocessing_eegmusic
LOCAL_RANK: 0 - CUDA_VISIBLE_DEVICES: [0]

  | Name        | Type             | Params
-------------------------------------------------
0 | encoder_eeg | SampleCNN2DEEG   | 116 K 
1 | classifier  | Linear           | 404   
2 | criterion   | CrossEntropyLoss | 0     
-------------------------------------------------
116 K     Trainable params
0         Non-trainable params
116 K     Total params
0.466     Total estimated model params size (MB)
SLURM auto-requeueing enabled. Setting signal handlers.
[epoch    0] train_loss=n/a val_loss=1.4667
2026-06-17 15:32:00,674 - dataloader_debug - INFO - --- Valid Epoch 0: acc=0.0000 n=16 (chance=0.25) ---
[epoch    0] train_loss=1.1829 val_loss=1.2491
2026-06-17 15:32:21,206 - dataloader_debug - INFO - --- Valid Epoch 0: acc=0.5757 n=1096 (chance=0.25) ---
Metric Valid/loss improved. New best score: 1.249
[epoch    1] train_loss=1.1402 val_loss=1.2637
2026-06-17 15:32:41,821 - dataloader_debug - INFO - --- Valid Epoch 1: acc=0.5839 n=1096 (chance=0.25) ---
[epoch    2] train_loss=1.4084 val_loss=1.2656
2026-06-17 15:33:02,611 - dataloader_debug - INFO - --- Valid Epoch 2: acc=0.5922 n=1096 (chance=0.25) ---
[epoch    3] train_loss=1.4345 val_loss=1.2805
2026-06-17 15:33:23,027 - dataloader_debug - INFO - --- Valid Epoch 3: acc=0.5940 n=1096 (chance=0.25) ---
[epoch    4] train_loss=1.3445 val_loss=1.2362
2026-06-17 15:33:43,394 - dataloader_debug - INFO - --- Valid Epoch 4: acc=0.5922 n=1096 (chance=0.25) ---
Metric Valid/loss improved by 0.013 >= min_delta = 0.0. New best score: 1.236
[epoch    5] train_loss=1.0517 val_loss=1.2086
2026-06-17 15:34:03,725 - dataloader_debug - INFO - --- Valid Epoch 5: acc=0.5858 n=1096 (chance=0.25) ---
Metric Valid/loss improved by 0.028 >= min_delta = 0.0. New best score: 1.209
[epoch    6] train_loss=1.2029 val_loss=1.2204
2026-06-17 15:34:24,476 - dataloader_debug - INFO - --- Valid Epoch 6: acc=0.5894 n=1096 (chance=0.25) ---
[epoch    7] train_loss=1.1169 val_loss=1.2117
2026-06-17 15:34:45,495 - dataloader_debug - INFO - --- Valid Epoch 7: acc=0.5839 n=1096 (chance=0.25) ---
[epoch    8] train_loss=1.3246 val_loss=1.2087
2026-06-17 15:35:06,599 - dataloader_debug - INFO - --- Valid Epoch 8: acc=0.5867 n=1096 (chance=0.25) ---
[epoch    9] train_loss=1.2937 val_loss=1.2429
2026-06-17 15:35:28,049 - dataloader_debug - INFO - --- Valid Epoch 9: acc=0.5803 n=1096 (chance=0.25) ---
[epoch   10] train_loss=0.8563 val_loss=1.2999
2026-06-17 15:35:49,261 - dataloader_debug - INFO - --- Valid Epoch 10: acc=0.4945 n=1096 (chance=0.25) ---
[epoch   11] train_loss=1.3093 val_loss=1.3003
2026-06-17 15:36:10,179 - dataloader_debug - INFO - --- Valid Epoch 11: acc=0.5128 n=1096 (chance=0.25) ---
[epoch   12] train_loss=1.4485 val_loss=1.2198
2026-06-17 15:36:31,854 - dataloader_debug - INFO - --- Valid Epoch 12: acc=0.5693 n=1096 (chance=0.25) ---
[epoch   13] train_loss=1.0498 val_loss=1.3000
2026-06-17 15:36:53,220 - dataloader_debug - INFO - --- Valid Epoch 13: acc=0.5712 n=1096 (chance=0.25) ---
[epoch   14] train_loss=1.0215 val_loss=1.3937
2026-06-17 15:37:14,450 - dataloader_debug - INFO - --- Valid Epoch 14: acc=0.3321 n=1096 (chance=0.25) ---
[epoch   15] train_loss=1.5000 val_loss=1.2886
2026-06-17 15:37:35,614 - dataloader_debug - INFO - --- Valid Epoch 15: acc=0.5730 n=1096 (chance=0.25) ---
Monitored metric Valid/loss did not improve in the last 10 records. Best score: 1.209. Signaling Trainer to stop.
Trainer was signaled to stop but the required `min_epochs=50` or `min_steps=None` has not been met. Training will continue...
[epoch   16] train_loss=1.5545 val_loss=1.3225
2026-06-17 15:37:56,717 - dataloader_debug - INFO - --- Valid Epoch 16: acc=0.5119 n=1096 (chance=0.25) ---
Monitored metric Valid/loss did not improve in the last 11 records. Best score: 1.209. Signaling Trainer to stop.
[epoch   17] train_loss=1.1262 val_loss=1.4092
2026-06-17 15:38:17,186 - dataloader_debug - INFO - --- Valid Epoch 17: acc=0.4033 n=1096 (chance=0.25) ---
Monitored metric Valid/loss did not improve in the last 12 records. Best score: 1.209. Signaling Trainer to stop.
[epoch   18] train_loss=1.1912 val_loss=1.2625
2026-06-17 15:38:37,885 - dataloader_debug - INFO - --- Valid Epoch 18: acc=0.5027 n=1096 (chance=0.25) ---
Monitored metric Valid/loss did not improve in the last 13 records. Best score: 1.209. Signaling Trainer to stop.
[epoch   19] train_loss=1.2178 val_loss=1.3831
2026-06-17 15:38:58,558 - dataloader_debug - INFO - --- Valid Epoch 19: acc=0.3896 n=1096 (chance=0.25) ---
Monitored metric Valid/loss did not improve in the last 14 records. Best score: 1.209. Signaling Trainer to stop.
[epoch   20] train_loss=1.2734 val_loss=1.3289
2026-06-17 15:39:19,325 - dataloader_debug - INFO - --- Valid Epoch 20: acc=0.3878 n=1096 (chance=0.25) ---
Monitored metric Valid/loss did not improve in the last 15 records. Best score: 1.209. Signaling Trainer to stop.
[epoch   21] train_loss=1.2529 val_loss=1.6005
2026-06-17 15:39:39,754 - dataloader_debug - INFO - --- Valid Epoch 21: acc=0.4854 n=1096 (chance=0.25) ---
Monitored metric Valid/loss did not improve in the last 16 records. Best score: 1.209. Signaling Trainer to stop.
[epoch   22] train_loss=1.3143 val_loss=1.3703
2026-06-17 15:40:00,159 - dataloader_debug - INFO - --- Valid Epoch 22: acc=0.5666 n=1096 (chance=0.25) ---
Monitored metric Valid/loss did not improve in the last 17 records. Best score: 1.209. Signaling Trainer to stop.
[epoch   23] train_loss=1.2946 val_loss=1.3998
2026-06-17 15:40:20,875 - dataloader_debug - INFO - --- Valid Epoch 23: acc=0.3987 n=1096 (chance=0.25) ---
Monitored metric Valid/loss did not improve in the last 18 records. Best score: 1.209. Signaling Trainer to stop.
[epoch   24] train_loss=0.8312 val_loss=1.3314
2026-06-17 15:40:43,259 - dataloader_debug - INFO - --- Valid Epoch 24: acc=0.4526 n=1096 (chance=0.25) ---
Monitored metric Valid/loss did not improve in the last 19 records. Best score: 1.209. Signaling Trainer to stop.
[epoch   25] train_loss=0.8940 val_loss=1.5498
2026-06-17 15:41:04,018 - dataloader_debug - INFO - --- Valid Epoch 25: acc=0.3522 n=1096 (chance=0.25) ---
Monitored metric Valid/loss did not improve in the last 20 records. Best score: 1.209. Signaling Trainer to stop.
[epoch   26] train_loss=1.2738 val_loss=1.4868
2026-06-17 15:41:24,535 - dataloader_debug - INFO - --- Valid Epoch 26: acc=0.3996 n=1096 (chance=0.25) ---
Monitored metric Valid/loss did not improve in the last 21 records. Best score: 1.209. Signaling Trainer to stop.
[epoch   27] train_loss=1.6252 val_loss=1.4817
2026-06-17 15:41:45,235 - dataloader_debug - INFO - --- Valid Epoch 27: acc=0.2947 n=1096 (chance=0.25) ---
Monitored metric Valid/loss did not improve in the last 22 records. Best score: 1.209. Signaling Trainer to stop.
[epoch   28] train_loss=1.3913 val_loss=1.5716
2026-06-17 15:42:06,203 - dataloader_debug - INFO - --- Valid Epoch 28: acc=0.2993 n=1096 (chance=0.25) ---
Monitored metric Valid/loss did not improve in the last 23 records. Best score: 1.209. Signaling Trainer to stop.
[epoch   29] train_loss=0.6416 val_loss=1.4528
2026-06-17 15:42:27,033 - dataloader_debug - INFO - --- Valid Epoch 29: acc=0.4097 n=1096 (chance=0.25) ---
Monitored metric Valid/loss did not improve in the last 24 records. Best score: 1.209. Signaling Trainer to stop.
[epoch   30] train_loss=1.4318 val_loss=1.8595
2026-06-17 15:42:47,715 - dataloader_debug - INFO - --- Valid Epoch 30: acc=0.2664 n=1096 (chance=0.25) ---
Monitored metric Valid/loss did not improve in the last 25 records. Best score: 1.209. Signaling Trainer to stop.
[epoch   31] train_loss=0.8138 val_loss=2.0844
2026-06-17 15:43:08,636 - dataloader_debug - INFO - --- Valid Epoch 31: acc=0.5867 n=1096 (chance=0.25) ---
Monitored metric Valid/loss did not improve in the last 26 records. Best score: 1.209. Signaling Trainer to stop.
[epoch   32] train_loss=0.6945 val_loss=2.6332
2026-06-17 15:43:29,606 - dataloader_debug - INFO - --- Valid Epoch 32: acc=0.5812 n=1096 (chance=0.25) ---
Monitored metric Valid/loss did not improve in the last 27 records. Best score: 1.209. Signaling Trainer to stop.
[epoch   33] train_loss=0.9171 val_loss=3.1096
2026-06-17 15:43:50,199 - dataloader_debug - INFO - --- Valid Epoch 33: acc=0.3057 n=1096 (chance=0.25) ---
Monitored metric Valid/loss did not improve in the last 28 records. Best score: 1.209. Signaling Trainer to stop.
[epoch   34] train_loss=0.6204 val_loss=2.3191
2026-06-17 15:44:11,289 - dataloader_debug - INFO - --- Valid Epoch 34: acc=0.1396 n=1096 (chance=0.25) ---
Monitored metric Valid/loss did not improve in the last 29 records. Best score: 1.209. Signaling Trainer to stop.
[epoch   35] train_loss=0.7674 val_loss=1.6918
2026-06-17 15:44:31,887 - dataloader_debug - INFO - --- Valid Epoch 35: acc=0.4745 n=1096 (chance=0.25) ---
Monitored metric Valid/loss did not improve in the last 30 records. Best score: 1.209. Signaling Trainer to stop.
[epoch   36] train_loss=0.5560 val_loss=1.5665
2026-06-17 15:44:52,503 - dataloader_debug - INFO - --- Valid Epoch 36: acc=0.3376 n=1096 (chance=0.25) ---
Monitored metric Valid/loss did not improve in the last 31 records. Best score: 1.209. Signaling Trainer to stop.
[epoch   37] train_loss=0.8414 val_loss=3.8223
2026-06-17 15:45:13,119 - dataloader_debug - INFO - --- Valid Epoch 37: acc=0.1232 n=1096 (chance=0.25) ---
Monitored metric Valid/loss did not improve in the last 32 records. Best score: 1.209. Signaling Trainer to stop.
[epoch   38] train_loss=1.0241 val_loss=4.4187
2026-06-17 15:45:33,667 - dataloader_debug - INFO - --- Valid Epoch 38: acc=0.1569 n=1096 (chance=0.25) ---
Monitored metric Valid/loss did not improve in the last 33 records. Best score: 1.209. Signaling Trainer to stop.
[epoch   39] train_loss=0.7025 val_loss=1.8157
2026-06-17 15:45:54,200 - dataloader_debug - INFO - --- Valid Epoch 39: acc=0.3668 n=1096 (chance=0.25) ---
Monitored metric Valid/loss did not improve in the last 34 records. Best score: 1.209. Signaling Trainer to stop.
[epoch   40] train_loss=0.6420 val_loss=1.8795
2026-06-17 15:46:15,347 - dataloader_debug - INFO - --- Valid Epoch 40: acc=0.2682 n=1096 (chance=0.25) ---
Monitored metric Valid/loss did not improve in the last 35 records. Best score: 1.209. Signaling Trainer to stop.
[epoch   41] train_loss=0.5394 val_loss=2.9982
2026-06-17 15:46:35,756 - dataloader_debug - INFO - --- Valid Epoch 41: acc=0.1451 n=1096 (chance=0.25) ---
Monitored metric Valid/loss did not improve in the last 36 records. Best score: 1.209. Signaling Trainer to stop.
[epoch   42] train_loss=1.1211 val_loss=3.0358
2026-06-17 15:46:56,824 - dataloader_debug - INFO - --- Valid Epoch 42: acc=0.1661 n=1096 (chance=0.25) ---
Monitored metric Valid/loss did not improve in the last 37 records. Best score: 1.209. Signaling Trainer to stop.
[epoch   43] train_loss=0.5389 val_loss=1.7298
2026-06-17 15:47:17,862 - dataloader_debug - INFO - --- Valid Epoch 43: acc=0.3568 n=1096 (chance=0.25) ---
Monitored metric Valid/loss did not improve in the last 38 records. Best score: 1.209. Signaling Trainer to stop.
[epoch   44] train_loss=0.4075 val_loss=2.2141
2026-06-17 15:47:38,466 - dataloader_debug - INFO - --- Valid Epoch 44: acc=0.1852 n=1096 (chance=0.25) ---
Monitored metric Valid/loss did not improve in the last 39 records. Best score: 1.209. Signaling Trainer to stop.
[epoch   45] train_loss=0.4822 val_loss=5.3715
2026-06-17 15:47:59,091 - dataloader_debug - INFO - --- Valid Epoch 45: acc=0.1341 n=1096 (chance=0.25) ---
Monitored metric Valid/loss did not improve in the last 40 records. Best score: 1.209. Signaling Trainer to stop.
[epoch   46] train_loss=0.7275 val_loss=1.7877
2026-06-17 15:48:19,585 - dataloader_debug - INFO - --- Valid Epoch 46: acc=0.3294 n=1096 (chance=0.25) ---
Monitored metric Valid/loss did not improve in the last 41 records. Best score: 1.209. Signaling Trainer to stop.
[epoch   47] train_loss=0.4736 val_loss=5.7509
2026-06-17 15:48:39,963 - dataloader_debug - INFO - --- Valid Epoch 47: acc=0.1606 n=1096 (chance=0.25) ---
Monitored metric Valid/loss did not improve in the last 42 records. Best score: 1.209. Signaling Trainer to stop.
[epoch   48] train_loss=1.1091 val_loss=2.4265
2026-06-17 15:49:00,386 - dataloader_debug - INFO - --- Valid Epoch 48: acc=0.3932 n=1096 (chance=0.25) ---
Monitored metric Valid/loss did not improve in the last 43 records. Best score: 1.209. Signaling Trainer to stop.
[epoch   49] train_loss=0.6544 val_loss=2.0605
2026-06-17 15:49:20,930 - dataloader_debug - INFO - --- Valid Epoch 49: acc=0.4653 n=1096 (chance=0.25) ---
Monitored metric Valid/loss did not improve in the last 44 records. Best score: 1.209. Signaling Trainer to stop.
[[[ FINISH ]]] 2026-06-17 15:49:21.044463
  TEST
/home/andrea.giampietro/.conda/envs/eeg_attention/lib/python3.9/site-packages/lightning_fabric/__init__.py:29: UserWarning: pkg_resources is deprecated as an API. See https://setuptools.pypa.io/en/latest/pkg_resources.html. The pkg_resources package is slated for removal as early as 2025-11-30. Refrain from using this package or pin to Setuptools<81.
  __import__("pkg_resources").declare_namespace(__name__)
[paths] host=edu02 host_profile_keys=[] cpu=128 cpu_effective=8
[paths] dataset_dir=../dataset
[paths] log_dir=../results
[paths] workers=7
[rank: 0] Global seed set to 42
no augmentation
[cv] mode=leave_song_out held_out_id=8
Size of train dataset: 3410
Size of valid dataset: 1100
Size of test dataset: 104
[audio] SampleCNN2DEEG (4 independent encoders, Akama baseline)
Supervised classification (objective=classify_eeg, modality=eeg)
[paths] tty=False (progress bar off)
GPU available: True (cuda), used: True
TPU available: False, using: 0 TPU cores
IPU available: False, using: 0 IPUs
HPU available: False, using: 0 HPUs
Auto-discovered checkpoint: ../results/clf_eeg_lso_song8/nmed-CL-preprocessing_eegmusic/version_0/checkpoints/best-checkpoint.ckpt
[[[ START ]]] 2026-06-17 15:50:01.549931
[load] checkpoint state_dict matched the model exactly
You are using a CUDA device ('NVIDIA L40S') that has Tensor Cores. To properly utilize them, you should set `torch.set_float32_matmul_precision('medium' | 'high')` which will trade-off precision for performance. For more details, read https://pytorch.org/docs/stable/generated/torch.set_float32_matmul_precision.html#torch.set_float32_matmul_precision
LOCAL_RANK: 0 - CUDA_VISIBLE_DEVICES: [0]

===== SUPERVISED TEST RESULTS =====
objective: classify_eeg  |  chance = 0.25
Global accuracy (all data):        0.0000
Global accuracy (high attention):  0.0000
Per-class accuracy (all):          [nan, nan, nan, 0.0]
===================================
== Supervised test (objective=classify_eeg) ==
chance: 0.2500
n_windows total: 104
n_windows high-attention: 91
global accuracy (records, all): 0.0000
global accuracy (records, attn): 0.0000
Figures saved to: ../results/clf_eeg_lso_song8/nmed-CL-preprocessing_eegmusic/version_1
[[[ FINISH ]]] 2026-06-17 15:50:04.083962

===== [15:50] clf_audio_raw_lso_song3  (elapsed 358m) =====
  TRAIN
/home/andrea.giampietro/.conda/envs/eeg_attention/lib/python3.9/site-packages/lightning_fabric/__init__.py:29: UserWarning: pkg_resources is deprecated as an API. See https://setuptools.pypa.io/en/latest/pkg_resources.html. The pkg_resources package is slated for removal as early as 2025-11-30. Refrain from using this package or pin to Setuptools<81.
  __import__("pkg_resources").declare_namespace(__name__)
[paths] host=edu02 host_profile_keys=[] cpu=128 cpu_effective=8
[paths] dataset_dir=../dataset
[paths] log_dir=../results
[paths] workers=7
[rank: 0] Global seed set to 42
no augmentation
[cv] mode=leave_song_out held_out_id=3
Size of train dataset: 3410
Size of valid dataset: 1133
Size of test dataset: 104
[audio] SampleCNN2DEEG (4 independent encoders, Akama baseline)
Supervised classification (objective=classify_audio, modality=audio)
[paths] tty=False (progress bar off, epoch summaries instead)
GPU available: True (cuda), used: True
TPU available: False, using: 0 TPU cores
IPU available: False, using: 0 IPUs
HPU available: False, using: 0 HPUs
[[[ START ]]] 2026-06-17 15:50:26.639149
You are using a CUDA device ('NVIDIA L40S') that has Tensor Cores. To properly utilize them, you should set `torch.set_float32_matmul_precision('medium' | 'high')` which will trade-off precision for performance. For more details, read https://pytorch.org/docs/stable/generated/torch.set_float32_matmul_precision.html#torch.set_float32_matmul_precision
Missing logger folder: ../results/clf_audio_raw_lso_song3/nmed-CL-preprocessing_eegmusic
LOCAL_RANK: 0 - CUDA_VISIBLE_DEVICES: [0]

  | Name           | Type             | Params
----------------------------------------------------
0 | encoder_vocal  | SampleCNN2DEEG   | 116 K 
1 | encoder_drum   | SampleCNN2DEEG   | 116 K 
2 | encoder_bass   | SampleCNN2DEEG   | 116 K 
3 | encoder_others | SampleCNN2DEEG   | 116 K 
4 | classifier     | Linear           | 1.6 K 
5 | criterion      | CrossEntropyLoss | 0     
----------------------------------------------------
466 K     Trainable params
0         Non-trainable params
466 K     Total params
1.864     Total estimated model params size (MB)
SLURM auto-requeueing enabled. Setting signal handlers.
[epoch    0] train_loss=n/a val_loss=1.3789
2026-06-17 15:50:28,319 - dataloader_debug - INFO - --- Valid Epoch 0: acc=0.0000 n=16 (chance=0.25) ---
[epoch    0] train_loss=0.5731 val_loss=1.1908
2026-06-17 15:56:06,953 - dataloader_debug - INFO - --- Valid Epoch 0: acc=0.4956 n=1128 (chance=0.25) ---
Metric Valid/loss improved. New best score: 1.191
[epoch    1] train_loss=1.1703 val_loss=6.3614
2026-06-17 16:01:45,635 - dataloader_debug - INFO - --- Valid Epoch 1: acc=0.1578 n=1128 (chance=0.25) ---
[epoch    2] train_loss=0.5505 val_loss=0.7387
2026-06-17 16:07:24,598 - dataloader_debug - INFO - --- Valid Epoch 2: acc=0.7110 n=1128 (chance=0.25) ---
Metric Valid/loss improved by 0.452 >= min_delta = 0.0. New best score: 0.739
[epoch    3] train_loss=0.2870 val_loss=49.9163
2026-06-17 16:13:03,308 - dataloader_debug - INFO - --- Valid Epoch 3: acc=0.1463 n=1128 (chance=0.25) ---
[epoch    4] train_loss=0.1373 val_loss=0.6523
2026-06-17 16:18:42,104 - dataloader_debug - INFO - --- Valid Epoch 4: acc=0.7651 n=1128 (chance=0.25) ---
Metric Valid/loss improved by 0.086 >= min_delta = 0.0. New best score: 0.652
[epoch    5] train_loss=0.2849 val_loss=0.5231
2026-06-17 16:24:21,025 - dataloader_debug - INFO - --- Valid Epoch 5: acc=0.7970 n=1128 (chance=0.25) ---
Metric Valid/loss improved by 0.129 >= min_delta = 0.0. New best score: 0.523
[epoch    6] train_loss=0.0776 val_loss=2.3750
2026-06-17 16:29:59,908 - dataloader_debug - INFO - --- Valid Epoch 6: acc=0.4521 n=1128 (chance=0.25) ---
[epoch    7] train_loss=0.0721 val_loss=0.5034
2026-06-17 16:35:38,833 - dataloader_debug - INFO - --- Valid Epoch 7: acc=0.7996 n=1128 (chance=0.25) ---
Metric Valid/loss improved by 0.020 >= min_delta = 0.0. New best score: 0.503
[epoch    8] train_loss=0.0990 val_loss=3.8079
2026-06-17 16:41:17,711 - dataloader_debug - INFO - --- Valid Epoch 8: acc=0.2660 n=1128 (chance=0.25) ---
[epoch    9] train_loss=0.2635 val_loss=25.0753
2026-06-17 16:46:56,613 - dataloader_debug - INFO - --- Valid Epoch 9: acc=0.1463 n=1128 (chance=0.25) ---
[epoch   10] train_loss=0.0689 val_loss=1.2779
2026-06-17 16:52:35,497 - dataloader_debug - INFO - --- Valid Epoch 10: acc=0.6729 n=1128 (chance=0.25) ---
[epoch   11] train_loss=0.0603 val_loss=36.7097
2026-06-17 16:58:14,303 - dataloader_debug - INFO - --- Valid Epoch 11: acc=0.1463 n=1128 (chance=0.25) ---
bypassing sigterm
Traceback (most recent call last):
  File "/home/andrea.giampietro/EEG-Attention-decoding-with-CLAP/src/main.py", line 398, in <module>
    trainer.fit(module, train_dataloaders=train_loader, val_dataloaders=valid_loader)
  File "/home/andrea.giampietro/.conda/envs/eeg_attention/lib/python3.9/site-packages/pytorch_lightning/trainer/trainer.py", line 608, in fit
    call._call_and_handle_interrupt(
  File "/home/andrea.giampietro/.conda/envs/eeg_attention/lib/python3.9/site-packages/pytorch_lightning/trainer/call.py", line 38, in _call_and_handle_interrupt
    return trainer_fn(*args, **kwargs)
  File "/home/andrea.giampietro/.conda/envs/eeg_attention/lib/python3.9/site-packages/pytorch_lightning/trainer/trainer.py", line 650, in _fit_impl
    self._run(model, ckpt_path=self.ckpt_path)
  File "/home/andrea.giampietro/.conda/envs/eeg_attention/lib/python3.9/site-packages/pytorch_lightning/trainer/trainer.py", line 1112, in _run
    results = self._run_stage()
  File "/home/andrea.giampietro/.conda/envs/eeg_attention/lib/python3.9/site-packages/pytorch_lightning/trainer/trainer.py", line 1191, in _run_stage
    self._run_train()
  File "/home/andrea.giampietro/.conda/envs/eeg_attention/lib/python3.9/site-packages/pytorch_lightning/trainer/trainer.py", line 1214, in _run_train
    self.fit_loop.run()
  File "/home/andrea.giampietro/.conda/envs/eeg_attention/lib/python3.9/site-packages/pytorch_lightning/loops/loop.py", line 199, in run
    self.advance(*args, **kwargs)
  File "/home/andrea.giampietro/.conda/envs/eeg_attention/lib/python3.9/site-packages/pytorch_lightning/loops/fit_loop.py", line 267, in advance
    self._outputs = self.epoch_loop.run(self._data_fetcher)
  File "/home/andrea.giampietro/.conda/envs/eeg_attention/lib/python3.9/site-packages/pytorch_lightning/loops/loop.py", line 199, in run
    self.advance(*args, **kwargs)
  File "/home/andrea.giampietro/.conda/envs/eeg_attention/lib/python3.9/site-packages/pytorch_lightning/loops/epoch/training_epoch_loop.py", line 231, in advance
    self.trainer._logger_connector.on_batch_end()
  File "/home/andrea.giampietro/.conda/envs/eeg_attention/lib/python3.9/site-packages/pytorch_lightning/trainer/connectors/logger_connector/logger_connector.py", line 200, in on_batch_end
    metrics = self.metrics
  File "/home/andrea.giampietro/.conda/envs/eeg_attention/lib/python3.9/site-packages/pytorch_lightning/trainer/connectors/logger_connector/logger_connector.py", line 237, in metrics
    return self.trainer._results.metrics(on_step)
  File "/home/andrea.giampietro/.conda/envs/eeg_attention/lib/python3.9/site-packages/pytorch_lightning/trainer/connectors/logger_connector/result.py", line 616, in metrics
    metrics["pbar"][forked_name] = convert_tensors_to_scalars(value)
  File "/home/andrea.giampietro/.conda/envs/eeg_attention/lib/python3.9/site-packages/lightning_fabric/utilities/apply_func.py", line 126, in convert_tensors_to_scalars
    return apply_to_collection(data, Tensor, to_item)
  File "/home/andrea.giampietro/.conda/envs/eeg_attention/lib/python3.9/site-packages/lightning_utilities/core/apply_func.py", line 66, in apply_to_collection
    return function(data, *args, **kwargs)
  File "/home/andrea.giampietro/.conda/envs/eeg_attention/lib/python3.9/site-packages/lightning_fabric/utilities/apply_func.py", line 124, in to_item
    return value.item()
  File "/home/andrea.giampietro/.conda/envs/eeg_attention/lib/python3.9/site-packages/torch/utils/data/_utils/signal_handling.py", line 66, in handler
    _error_if_any_worker_fails()
RuntimeError: DataLoader worker (pid 2216994) is killed by signal: Terminated. 
  TEST
/home/andrea.giampietro/.conda/envs/eeg_attention/lib/python3.9/site-packages/lightning_fabric/__init__.py:29: UserWarning: pkg_resources is deprecated as an API. See https://setuptools.pypa.io/en/latest/pkg_resources.html. The pkg_resources package is slated for removal as early as 2025-11-30. Refrain from using this package or pin to Setuptools<81.
  __import__("pkg_resources").declare_namespace(__name__)
[paths] host=edu02 host_profile_keys=[] cpu=128 cpu_effective=8
[paths] dataset_dir=../dataset
[paths] log_dir=../results
[paths] workers=7
[rank: 0] Global seed set to 42
no augmentation
[cv] mode=leave_song_out held_out_id=3
Size of train dataset: 3410
Size of valid dataset: 1133
Size of test dataset: 104
[audio] SampleCNN2DEEG (4 independent encoders, Akama baseline)
Supervised classification (objective=classify_audio, modality=audio)
[paths] tty=False (progress bar off)
GPU available: True (cuda), used: True
TPU available: False, using: 0 TPU cores
IPU available: False, using: 0 IPUs
HPU available: False, using: 0 HPUs
Auto-discovered checkpoint: ../results/clf_audio_raw_lso_song3/nmed-CL-preprocessing_eegmusic/version_0/checkpoints/best-checkpoint.ckpt
[[[ START ]]] 2026-06-17 17:01:06.237016
[load] checkpoint state_dict matched the model exactly
You are using a CUDA device ('NVIDIA L40S') that has Tensor Cores. To properly utilize them, you should set `torch.set_float32_matmul_precision('medium' | 'high')` which will trade-off precision for performance. For more details, read https://pytorch.org/docs/stable/generated/torch.set_float32_matmul_precision.html#torch.set_float32_matmul_precision
LOCAL_RANK: 0 - CUDA_VISIBLE_DEVICES: [0]

===== SUPERVISED TEST RESULTS =====
objective: classify_audio  |  chance = 0.25
Global accuracy (all data):        1.0000
Global accuracy (high attention):  1.0000
Per-class accuracy (all):          [1.0, nan, nan, nan]
NOTE: classify_audio is a negative control — expected ~chance; above-chance accuracy quantifies song->label leakage, not performance.
===================================
== Supervised test (objective=classify_audio) ==
chance: 0.2500
n_windows total: 104
n_windows high-attention: 104
global accuracy (records, all): 1.0000
global accuracy (records, attn): 1.0000
Figures saved to: ../results/clf_audio_raw_lso_song3/nmed-CL-preprocessing_eegmusic/version_1
[[[ FINISH ]]] 2026-06-17 17:01:12.012138
[budget] stop

######## AGGREGATO (429m) ########

===== AUDIO-ONLY  leave-song-out  (5 fold, 520 finestre) =====
  held-out vocal  : acc=0.731  (n=208)
  held-out drum   : acc=0.000  (n=104)
  held-out bass   : acc=0.077  (n=104)
  held-out others : acc=0.000  (n=104)
  MACRO acc (media sulle classi held-out): 0.202    chance=0.25
  cosa predice: {'vocal': 0.662, 'drum': 0.092, 'bass': 0.031, 'others': 0.215}

===== EEG-ONLY  leave-song-out  (4 fold, 416 finestre) =====
  held-out vocal  : acc=1.000  (n=104)
  held-out drum   : acc=0.000  (n=104)
  held-out bass   : acc=0.000  (n=104)
  held-out others : acc=0.000  (n=104)
  MACRO acc (media sulle classi held-out): 0.250    chance=0.25
  cosa predice: {'vocal': 1.0}
######## FINE ########
